date,market_return,market_me,market_mtb,market_volume,nout_volume,market_liquidity,oil,gold,exchange,rsi,pli,i,new,cumulative,phase_1,phase_2,phase_3,phase_4,deaths
2018-01-02,0.0,613.0777416,25.92585827,218883640,65595575376.0,0.333686592,66.65,36304000,22888.5,46.82793671785714,38.83644894285714,4.900000095,0.0,0.0,0.0,0.0,0.0,0.0,0.0
2018-01-03,0.126492004,613.3352291,26.08615041,274272306,65595575376.0,0.418126229,67.85,36511500,22883.5,53.94829941,42.40428162,5.300000191,0.0,0.0,0.0,0.0,0.0,0.0,0.0
2018-01-04,0.107459024,613.6510483,26.32506817,270946083,65661691852.0,0.412639509,68.73,36321500,22886.5,53.57661056500001,42.40428162,4.5,0.0,0.0,0.0,0.0,0.0,0.0,0.0
2018-01-05,0.003254892,613.6657895,26.32442981,312689548,66642691831.0,0.469203058,68.01,36448000,22884.5,53.08685048333334,42.04356766000001,5.5,0.0,0.0,0.0,0.0,0.0,0.0,0.0
2018-01-08,0.091935302,613.8903137,26.49773968,295299857,66603091853.0,0.443372595,68.48,36415500,22881.5,52.748698235000006,41.873445512500005,4.5,0.0,0.0,0.0,0.0,0.0,0.0,0.0
2018-01-09,0.112620446,614.0982282,26.60743701,351787831,66627643157.0,0.527990807,69.08,36355500,22889.0,52.468114472,41.718158724000006,5.5,0.0,0.0,0.0,0.0,0.0,0.0,0.0
2018-01-10,0.026034531,614.1118022,26.72671352,405470990,66627643157.0,0.608562709,69.79,36309000,22894.0,52.07961718333334,41.49183400666667,5.5,0.0,0.0,0.0,0.0,0.0,0.0,0.0
2018-01-11,0.108762556,614.2717272,26.83819507,350222234,66636179749.0,0.525573698,70.36,36369000,22887.5,51.41599164714286,41.03779329714286,4.5,0.0,0.0,0.0,0.0,0.0,0.0,0.0
2018-01-12,0.001505243,614.1493092,26.77622737,422060583,66636179749.0,0.633380522,70.31,36424000,22884.0,50.84657287625,40.6640043275,4.5,0.0,0.0,0.0,0.0,0.0,0.0,0.0
2018-01-15,0.022887999,614.3072425,26.77959615,312714421,66675779738.0,0.46900752,70.31,36754000,22879.0,49.89860577111112,40.17316182555556,4.5,0.0,0.0,0.0,0.0,0.0,0.0,0.0
2018-01-16,0.09253088,614.4199233,26.92048306,351430587,66693229336.0,0.526935928,69.4,36744000,22874.0,48.684064103,39.549214555000006,6.5,0.0,0.0,0.0,0.0,0.0,0.0,0.0
2018-01-17,-0.141922189,614.0065341,26.66918162,348525695,66693229156.0,0.522580327,69.19,36727500,22876.5,48.02733022636364,39.27872952636364,6.5,0.0,0.0,0.0,0.0,0.0,0.0,0.0
2018-01-18,0.029259145,614.1602553,26.71793941,316303276,66713229156.0,0.474123768,69.48,36631500,22884.0,47.552471161666666,39.118528685,6.5,0.0,0.0,0.0,0.0,0.0,0.0,0.0
2018-01-19,0.112010306,614.3325402,26.96489391,360042457,66723192145.0,0.539606163,68.56,36611500,22884.0,47.081948794615386,38.90718812307693,4.25,0.0,0.0,0.0,0.0,0.0,0.0,0.0
2018-01-22,0.063722141,614.6201114,27.13442648,286169154,66723192145.0,0.428890083,69.32,36719000,22881.5,53.94829941,42.40428162,4.900000095,0.0,0.0,0.0,0.0,0.0,0.0,0.0
2018-01-25,-0.049489956,614.719324,27.28997774,554183689,66843119155.0,0.829081132,71.08,37051500,22884.0,53.20492172,42.40428162,4.900000095,0.0,0.0,0.0,0.0,0.0,0.0,0.0
2018-01-26,0.064069766,614.8323541,27.33960324,327390802,66951036641.0,0.489000348,70.08,37049000,22889.0,52.10733032,41.32213974,4.5,0.0,0.0,0.0,0.0,0.0,0.0,0.0
2018-01-29,-0.096422702,614.6617544,27.34347215,325584903,67021036641.0,0.485795087,68.41,36979000,22894.5,51.73424149,41.36307907,4.5,0.0,0.0,0.0,0.0,0.0,0.0,0.0
2018-01-30,0.108689412,614.6819519,27.48141803,367126549,67021005621.0,0.547778335,67.78,36781500,22902.0,51.34577942,41.09701157,4.949999809,0.0,0.0,0.0,0.0,0.0,0.0,0.0
2018-01-31,-0.06742378,614.5862249,27.42116352,379839261,67021005621.0,0.566746586,67.78,36765500,22902.0,50.13713074,40.36021042,4.949999809,0.0,0.0,0.0,0.0,0.0,0.0,0.0
2018-02-01,-0.154179378,614.3674614,27.03025434,326497820,67021005621.0,0.487157447,68.6,36794000,22897.0,47.43423843,38.31354904,4.949999809,0.0,0.0,0.0,0.0,0.0,0.0,0.0
2018-02-02,0.017620526,614.3819714,27.10496687,213564222,67021005621.0,0.318652667,67.45,36814000,22894.5,46.86064148,38.04748154,4.949999809,0.0,0.0,0.0,0.0,0.0,0.0,0.0
2018-02-05,-0.503506106,613.5627788,26.31757391,307862049,67021005621.0,0.459351581,67.69,36724000,22903.5,42.31486893,36.24642181,4.5,0.0,0.0,0.0,0.0,0.0,0.0,0.0
2018-02-06,-0.594797131,612.8181619,25.44801888,550221390,67043005621.0,0.820699169,66.75,36781500,22907.0,37.75318909,33.93368912,4.800000191,0.0,0.0,0.0,0.0,0.0,0.0,0.0
2018-02-07,0.398066204,613.2635805,26.14813723,263054109,67043005621.0,0.392366223,65.74,36761500,22904.0,41.45999146,36.57387924,4.369999886,0.0,0.0,0.0,0.0,0.0,0.0,0.0
2018-02-08,-0.112687523,612.9435702,25.98602264,190904565,67043454023.0,0.284747509,64.26,36759000,22894.0,42.32902145,37.35631943,4.800000191,0.0,0.0,0.0,0.0,0.0,0.0,0.0
2018-02-09,-0.019184339,612.7744933,25.81632729,267488369,67043454023.0,0.398977608,63.04,36601500,22896.5,41.43568039,36.37110138,4.210000038,0.0,0.0,0.0,0.0,0.0,0.0,0.0
2018-02-12,0.260832314,613.2073026,26.28622045,195242233,67043454023.0,0.291217444,62.2,36851500,22891.5,43.52577972,37.9168396,4.409999847,0.0,0.0,0.0,0.0,0.0,0.0,0.0
2018-02-13,0.29707199,613.5576004,26.72546458,193135880,67091657785.0,0.287868695,61.94,36844000,22895.5,45.53326035,39.67570114,4.409999847,0.0,0.0,0.0,0.0,0.0,0.0,0.0
2018-02-21,0.156226526,613.7937097,27.02678817,207121158,67115126785.0,0.308605776,64.81,36986500,22888.0,47.17462158,41.05089951,5.190000057,0.0,0.0,0.0,0.0,0.0,0.0,0.0
2018-02-22,-0.113735156,613.5628359,26.84336772,230190077,67115126785.0,0.342977937,66.12,36879000,22893.0,46.12519836,39.9547081,4.400000095,0.0,0.0,0.0,0.0,0.0,0.0,0.0
2018-02-23,0.138352022,613.9284534,26.9730644,211104575,67115126785.0,0.314540976,67.04,36901500,22898.0,47.66828918,41.52299118,4.400000095,0.0,0.0,0.0,0.0,0.0,0.0,0.0
2018-02-26,-0.064705019,614.0036549,26.91275115,274135272,67123812147.0,0.408402418,67.96,36844000,22900.5,46.32086945,40.6751709,4.400000095,0.0,0.0,0.0,0.0,0.0,0.0,0.0
2018-02-27,0.026934764,614.0852578,26.99278236,225496797,67123812147.0,0.335941583,67.59,36914000,22900.5,46.22951889,40.31198883,4.599999905,0.0,0.0,0.0,0.0,0.0,0.0,0.0
2018-02-28,-0.03308051,614.0402908,26.92641651,257955891,67141954371.0,0.384194791,66.08,36714000,22908.5,47.83583832,41.46141052,4.550000191,0.0,0.0,0.0,0.0,0.0,0.0,0.0
2018-03-01,0.02400939,614.0081443,26.92098354,261805811,67143419121.0,0.389920285,64.23,36559000,22913.5,47.0588913,40.96879959,4.550000191,0.0,0.0,0.0,0.0,0.0,0.0,0.0
2018-03-02,0.096964299,614.1187439,26.9932111,241143214,67143419121.0,0.359146462,64.26,36559000,22911.0,52.75096893,43.31000137,3.910000086,0.0,0.0,0.0,0.0,0.0,0.0,0.0
2018-03-05,-0.027324769,613.9471728,26.8778821,314929258,67143419121.0,0.46903965,65.78,36726500,22906.0,57.3512001,44.95677185,3.799999952,0.0,0.0,0.0,0.0,0.0,0.0,0.0
2018-03-06,0.105156455,614.2366376,27.12628311,274946186,67611221644.0,0.406657622,65.67,36699000,22906.0,54.76194,43.47468185,3.799999952,0.0,0.0,0.0,0.0,0.0,0.0,0.0
2018-03-07,-0.001010678,614.1102291,27.039203,326470351,67611221644.0,0.48286415,65.09,36846500,22906.0,56.04347992,44.1128006,3.799999952,0.0,0.0,0.0,0.0,0.0,0.0,0.0
2018-03-08,0.017333641,614.1530493,27.03186568,235825783,67611221644.0,0.348796808,63.87,36846500,22898.0,57.59191895,44.92427063,3.900000095,0.0,0.0,0.0,0.0,0.0,0.0,0.0
2018-03-09,-0.018088576,614.0693905,27.00857759,243277679,67611221644.0,0.359818493,65.19,36621500,22905.0,54.69210052,43.12321091,4.210000038,0.0,0.0,0.0,0.0,0.0,0.0,0.0
2018-03-12,0.003170269,614.0871858,26.87670079,279698529,67611221644.0,0.413686548,64.53,36736500,22907.5,51.95817184,40.97420883,4.0,0.0,0.0,0.0,0.0,0.0,0.0,0.0
2018-03-13,0.028964728,614.0665748,26.8980061,265508101,67611221644.0,0.392698275,64.2,36741500,22902.0,49.95524979,39.86901093,4.0,0.0,0.0,0.0,0.0,0.0,0.0,0.0
2018-03-14,0.111975575,614.3336441,26.94005099,297690074,67865471518.0,0.438647323,63.61,36731500,22896.5,51.96186066,40.97420883,4.28000021,0.0,0.0,0.0,0.0,0.0,0.0,0.0
2018-03-15,-0.019814489,614.2969581,26.91734928,279566511,67865471518.0,0.411942192,63.67,36756500,22896.5,50.3021698,39.67570114,4.0,0.0,0.0,0.0,0.0,0.0,0.0,0.0
2018-03-16,0.050006422,614.3913852,27.07007586,357317925,67865471518.0,0.526509161,64.68,36594000,22899.0,51.80096817,40.66091919,4.25,0.0,0.0,0.0,0.0,0.0,0.0,0.0
2018-03-19,0.100365167,614.5229116,27.17591546,323429709,67865471518.0,0.476574761,64.82,36554000,22904.5,51.95011902,40.92774963,3.549999952,0.0,0.0,0.0,0.0,0.0,0.0,0.0
2018-03-20,-0.052660685,614.4808971,27.141575,244356209,67865471518.0,0.360059694,66.0,36564000,22902.0,51.16701126,40.51723862,3.549999952,0.0,0.0,0.0,0.0,0.0,0.0,0.0
2018-03-21,-0.005420901,614.6573027,27.21354002,274027816,69034582055.0,0.396942819,68.15,36539000,22906.5,52.26498032,40.92774963,3.400000095,0.0,0.0,0.0,0.0,0.0,0.0,0.0
2018-03-22,0.016996738,614.7544155,27.26217227,260277233,69034582055.0,0.377024421,68.98,36766500,22903.0,50.74771881,40.20935822,3.400000095,0.0,0.0,0.0,0.0,0.0,0.0,0.0
2018-03-23,-0.131948657,614.5621286,27.10510629,309893302,69034582055.0,0.448895746,69.03,36816500,22904.5,49.72660828,39.16255951,4.25,0.0,0.0,0.0,0.0,0.0,0.0,0.0
2018-03-26,0.023643189,614.6247305,27.20619157,231015495,69034582055.0,0.334637349,68.81,37046500,22904.5,48.47629166,38.48522186,4.0,0.0,0.0,0.0,0.0,0.0,0.0,0.0
2018-03-27,-0.00885858,614.4924633,27.28829751,257870838,69035878055.0,0.373531626,68.63,37101500,22898.0,48.34674835,38.37495041,4.0,0.0,0.0,0.0,0.0,0.0,0.0,0.0
2018-03-28,0.0039392,614.4510885,27.26995085,228737294,69035878055.0,0.331331042,68.13,37101500,22903.5,47.2833519,37.63814926,4.380000114,0.0,0.0,0.0,0.0,0.0,0.0,0.0
2018-03-29,0.009768756,614.3887891,27.22320081,201411111,69035878055.0,0.29174846,69.02,36781500,22908.5,46.8536911,37.29021835,4.25,0.0,0.0,0.0,0.0,0.0,0.0,0.0
2018-03-30,0.084419467,614.5168985,27.32424323,221068777,69035878055.0,0.320223025,69.02,36734000,22906.0,48.38277054,38.27262115,4.25,0.0,0.0,0.0,0.0,0.0,0.0,0.0
2018-04-02,0.05846023,614.7271966,27.49194819,269658371,69041741525.0,0.390572956,69.02,36730000,22900.5,48.14649963,38.10203934,4.25,0.0,0.0,0.0,0.0,0.0,0.0,0.0
2018-04-03,0.0105223,614.6821723,27.49229174,282027026,69041741525.0,0.408487706,69.02,36760000,22897.5,47.2834816,37.4897995,4.25,0.0,0.0,0.0,0.0,0.0,0.0,0.0
2018-04-04,0.026149669,614.6239959,27.67771504,269594149,69041741525.0,0.390479937,66.04,36720000,22905.0,48.45840073,38.22449112,4.440000057,0.0,0.0,0.0,0.0,0.0,0.0,0.0
2018-04-05,0.086930602,614.6736583,27.62142671,269465762,69140331654.0,0.389737445,66.54,36730000,22910.5,49.54122162,38.78427887,4.400000095,0.0,0.0,0.0,0.0,0.0,0.0,0.0
2018-04-06,0.05507506,614.7038388,27.75727743,290305366,69140331654.0,0.419878469,66.51,36710000,22915.5,50.75963974,39.40816116,4.400000095,0.0,0.0,0.0,0.0,0.0,0.0,0.0
2018-04-09,0.071936195,614.7783571,27.838236,298172021,69140331654.0,0.431256278,68.19,36720000,22914.5,51.50085831,39.66218948,4.349999905,0.0,0.0,0.0,0.0,0.0,0.0,0.0
2018-04-10,-0.130966045,614.6626118,27.80854183,323353560,69244331082.0,0.466974776,70.67,36760000,22913.0,49.5736084,38.46154022,4.349999905,0.0,0.0,0.0,0.0,0.0,0.0,0.0
2018-04-11,-0.234516745,614.3186392,27.44581485,325204623,69244331082.0,0.46964801,72.74,36760000,22915.5,46.97977829,37.70859146,4.800000191,0.0,0.0,0.0,0.0,0.0,0.0,0.0
2018-04-12,0.009537628,614.3961357,27.42861292,205578655,69244331082.0,0.296888788,71.44,36980000,22915.5,49.58855057,39.62149048,4.28000021,0.0,0.0,0.0,0.0,0.0,0.0,0.0
2018-04-13,-0.046233819,614.2463548,27.30515053,225636643,69244331082.0,0.325855762,73.18,36840000,22923.5,48.23241043,39.05168915,4.28000021,0.0,0.0,0.0,0.0,0.0,0.0,0.0
2018-04-16,-0.039897233,614.1991919,27.21500001,223244929,69244331082.0,0.322401741,73.18,37040000,22921.0,48.90127182,38.93878174,4.400000095,0.0,0.0,0.0,0.0,0.0,0.0,0.0
2018-04-17,0.125503125,614.2689753,27.25517584,193986590,69244331082.0,0.280147973,71.71,36960000,22921.0,49.43869019,39.65306091,4.0,0.0,0.0,0.0,0.0,0.0,0.0,0.0
2018-04-18,-0.061726162,614.1283328,27.21798977,203026844,69244331082.0,0.29320356,73.73,36940000,22918.0,48.91122055,39.04082108,4.0,0.0,0.0,0.0,0.0,0.0,0.0,0.0
2018-04-19,-0.203552196,613.7400855,26.86128703,231337982,69799331082.0,0.33143295,78.45,36940000,22923.5,45.99375916,36.95917892,4.400000095,0.0,0.0,0.0,0.0,0.0,0.0,0.0
2018-04-20,0.094182713,614.0110981,26.92848866,229268029,70060333986.0,0.3272437,74.62,36920000,22926.5,46.74028015,37.27679062,4.400000095,0.0,0.0,0.0,0.0,0.0,0.0,0.0
2018-04-23,-0.273539437,613.4809745,26.49399178,253539310,70060333986.0,0.361887099,74.62,36810000,22931.0,43.57057953,36.12012863,4.0,0.0,0.0,0.0,0.0,0.0,0.0,0.0
2018-04-24,-0.059603473,613.4825246,26.28363714,212262729,70060333986.0,0.302971335,75.68,36230000,22939.0,41.67087173,35.06309128,3.779999971,0.0,0.0,0.0,0.0,0.0,0.0,0.0
2018-04-26,-0.266983071,613.2767052,26.05339205,235990558,70100333986.0,0.336646838,73.79,36695000,22946.5,37.83304977,32.73469162,3.0,0.0,0.0,0.0,0.0,0.0,0.0,0.0
2018-04-27,0.16006709,613.4183635,26.12909773,216632672,70100333986.0,0.309032297,73.79,36640000,22947.5,38.36521149,33.30612183,4.320000172,0.0,0.0,0.0,0.0,0.0,0.0,0.0
2018-05-02,-0.19450892,613.1735351,25.8196856,199885857,70104821925.0,0.285124263,73.14,36620000,22952.0,37.90998077,32.70568848,3.75,0.0,0.0,0.0,0.0,0.0,0.0,0.0
2018-05-03,-0.171140457,612.9519838,25.58709632,229200140,70104821925.0,0.326939194,73.45,36620000,22957.0,38.44240189,33.58575821,4.199999809,0.0,0.0,0.0,0.0,0.0,0.0,0.0
2018-05-04,0.177674951,613.1189292,25.79326731,210741162,70104821925.0,0.300608655,74.75,36660000,22954.5,41.01036835,34.96133041,4.199999809,0.0,0.0,0.0,0.0,0.0,0.0,0.0
2018-05-07,0.243417309,613.5469948,26.10782291,174918252,70104821925.0,0.249509587,74.75,36660000,22957.5,42.01813126,35.37030029,3.779999971,0.0,0.0,0.0,0.0,0.0,0.0,0.0
2018-05-08,0.103842058,613.6035252,26.30299103,187841323,70104821925.0,0.267943514,74.16,36660000,22961.5,42.46725082,35.40903854,3.75,0.0,0.0,0.0,0.0,0.0,0.0,0.0
2018-05-09,0.026310433,613.610069,26.33923864,172540212,70104821925.0,0.246117467,77.6,36640000,22962.5,42.5318718,35.36931992,3.75,0.0,0.0,0.0,0.0,0.0,0.0,0.0
2018-05-10,-0.143419805,613.3607715,26.10422692,220969149,70117421925.0,0.315141577,77.59,36660000,22967.5,40.54795837,33.64448166,3.75,0.0,0.0,0.0,0.0,0.0,0.0,0.0
2018-05-11,0.080073036,613.5407882,26.16025939,150134883,70354050954.0,0.213399059,77.37,36700000,22958.5,41.91242981,34.72277832,3.75,0.0,0.0,0.0,0.0,0.0,0.0,0.0
2018-05-14,0.056655287,613.7655282,26.36833917,159592765,70354015276.0,0.22684244,78.17,36740000,22953.5,44.50695038,36.78369904,3.75,0.0,0.0,0.0,0.0,0.0,0.0,0.0
2018-05-15,0.079414333,613.8947361,26.50947009,176227796,70359198830.0,0.250468736,78.94,36670000,22952.0,44.39123154,36.84743118,3.319999933,0.0,0.0,0.0,0.0,0.0,0.0,0.0
2018-05-16,-0.079346765,613.7559807,26.4502002,169840521,70360698768.0,0.241385495,78.19,36520000,22962.5,46.93268967,37.65681839,3.319999933,0.0,0.0,0.0,0.0,0.0,0.0,0.0
2018-05-17,-0.0181742,613.9796189,26.47366857,149088968,73040923593.0,0.204117036,80.09,36560000,22971.0,46.96823883,37.82468033,3.319999933,0.0,0.0,0.0,0.0,0.0,0.0,0.0
2018-05-18,0.021309218,614.1052736,26.56810129,440327566,73051809104.0,0.602760659,78.38,36550000,22974.0,51.00637054,38.95183945,3.650000095,0.0,0.0,0.0,0.0,0.0,0.0,0.0
2018-05-21,-0.092143821,613.7781735,26.3382388,140807807,73010623204.0,0.192859341,78.34,36620000,22974.0,47.82104874,37.21591187,3.650000095,0.0,0.0,0.0,0.0,0.0,0.0,0.0
2018-05-22,-0.376247179,613.2875354,25.7591266,213829355,73010623882.0,0.292874302,80.42,36620000,22976.5,45.3916893,36.32133102,3.650000095,0.0,0.0,0.0,0.0,0.0,0.0,0.0
2018-05-23,0.031982452,613.4013189,25.75858331,203820950,73014932835.0,0.279149678,78.69,36580000,22971.0,46.40227127,36.78068161,4.0,0.0,0.0,0.0,0.0,0.0,0.0,0.0
2018-05-24,-0.017162713,613.3421746,25.70448586,138549686,73010622382.0,0.189766477,78.9,36600000,22973.5,45.6128006,35.95505905,3.099999905,0.0,0.0,0.0,0.0,0.0,0.0,0.0
2018-05-25,-0.219627738,612.8920543,25.35283206,162917322,73036622382.0,0.223062508,76.6,36675000,22973.5,41.71348953,33.68209076,3.900000095,0.0,0.0,0.0,0.0,0.0,0.0,0.0
2018-05-28,-0.582607825,612.1067017,24.56889818,249347893,73036622382.0,0.341401183,76.6,36625000,22977.0,36.79230881,32.3446312,3.25999999,0.0,0.0,0.0,0.0,0.0,0.0,0.0
2018-05-29,0.332447935,612.449083,24.84393164,210696413,73036622382.0,0.288480499,74.51,36635000,22981.5,40.53824997,34.28973007,3.099999905,0.0,0.0,0.0,0.0,0.0,0.0,0.0
2018-05-30,-0.102610325,612.2394601,24.77038796,156782515,73093304824.0,0.21449641,75.89,36635000,22974.0,41.46960068,35.09230042,3.099999905,0.0,0.0,0.0,0.0,0.0,0.0,0.0
2018-05-31,0.144502339,612.6182183,24.90356255,198133624,73129771808.0,0.270934284,76.45,36665000,22976.5,42.83958054,36.53924179,3.099999905,0.0,0.0,0.0,0.0,0.0,0.0,0.0
2018-06-01,0.191333539,612.8898903,25.10524567,223718106,73127771808.0,0.305927694,74.54,36615000,22961.5,43.69158173,36.72032166,4.289999962,0.0,0.0,0.0,0.0,0.0,0.0,0.0
2018-06-04,0.301419061,613.278693,25.56692477,190844189,74293302528.0,0.256879399,73.41,36635000,22961.5,44.64635086,37.48490906,3.75,0.0,0.0,0.0,0.0,0.0,0.0,0.0
2018-06-05,0.166670594,613.6270394,25.74899856,231936931,74489442612.0,0.311368864,72.91,36615000,22964.0,46.41101837,38.77264023,3.75,0.0,0.0,0.0,0.0,0.0,0.0,0.0
2018-06-06,0.107832888,613.8571189,26.05361124,185769147,74489442612.0,0.249389901,72.23,36670000,22962.0,47.50952911,39.8910408,4.0,0.0,0.0,0.0,0.0,0.0,0.0,0.0
2018-06-07,0.054022823,613.949138,26.11833592,191868966,74569463723.0,0.257302328,75.23,36640000,22959.5,48.60411835,40.01601028,4.0,0.0,0.0,0.0,0.0,0.0,0.0,0.0
2018-06-08,-0.028264643,613.9130021,26.04097985,165350476,74637582874.0,0.221537823,75.11,36660000,22957.5,49.31900024,40.4695015,4.0,0.0,0.0,0.0,0.0,0.0,0.0,0.0
2018-06-11,0.016145223,613.8597061,26.07279579,195627229,74637606374.0,0.262102764,74.58,36790000,22962.0,52.48978043,41.7967186,3.950000048,0.0,0.0,0.0,0.0,0.0,0.0,0.0
2018-06-12,-0.184678249,613.5798844,25.85258759,233830177,74689850019.0,0.313068211,74.86,36890000,22966.0,50.46385956,40.11605072,3.5,0.0,0.0,0.0,0.0,0.0,0.0,0.0
2018-06-13,0.117314288,613.7914132,25.96935586,127134808,74696353022.0,0.170202162,75.07,36950000,22967.5,51.4197998,41.31219864,3.5,0.0,0.0,0.0,0.0,0.0,0.0,0.0
2018-06-14,0.034691244,613.7279761,25.96586151,181355959,74696353022.0,0.242790915,74.77,36900000,22970.0,52.56935883,42.19501877,3.069999933,0.0,0.0,0.0,0.0,0.0,0.0,0.0
2018-06-15,-0.041134027,613.6910263,25.89776471,185525566,74701829391.0,0.248354783,72.02,36870000,22976.5,59.02233887,44.18138123,3.529999971,0.0,0.0,0.0,0.0,0.0,0.0,0.0
2018-06-18,-0.223034799,613.3315722,25.59594287,190756736,74740397414.0,0.255225745,74.87,36785000,22980.0,53.23804855,41.0112381,3.529999971,0.0,0.0,0.0,0.0,0.0,0.0,0.0
2018-06-19,-0.393033406,612.8849369,24.97552898,289765544,74740397414.0,0.387696017,74.92,36890000,22980.0,49.19664001,39.62680817,3.900000095,0.0,0.0,0.0,0.0,0.0,0.0,0.0
2018-06-20,0.315494818,613.2921537,25.41969773,173983933,74909239357.0,0.232259644,74.25,36810000,22988.0,48.91714859,39.62680817,3.900000095,0.0,0.0,0.0,0.0,0.0,0.0,0.0
2018-06-21,-0.016157481,613.245107,25.36490861,130756220,74909239357.0,0.17455286,72.87,36810000,22990.5,46.61557007,37.76082993,3.200000048,0.0,0.0,0.0,0.0,0.0,0.0,0.0
2018-06-22,0.075565899,613.3621237,25.43878987,145984910,74909239357.0,0.194882382,73.67,36785000,22998.5,45.32667923,36.8147316,3.910000086,0.0,0.0,0.0,0.0,0.0,0.0,0.0
2018-06-25,0.012659466,613.4243427,25.53327877,151823300,74909239357.0,0.202676334,72.82,36875000,22986.5,45.12108994,36.8780098,3.809999943,0.0,0.0,0.0,0.0,0.0,0.0,0.0
2018-06-26,0.069872465,614.9755348,26.75286061,172345480,75622006166.0,0.227903872,73.58,36825000,22992.0,43.49319077,35.59389877,4.0,0.0,0.0,0.0,0.0,0.0,0.0,0.0
2018-06-27,-0.039622001,614.9787918,26.7331418,196739443,75626260235.0,0.260146994,76.09,36765000,22999.5,42.29280853,34.81644058,3.819999933,0.0,0.0,0.0,0.0,0.0,0.0,0.0
2018-06-28,-0.044023757,614.8954997,26.79149297,186231053,75635360141.0,0.246222207,76.26,36755000,23007.5,41.02415085,34.23368835,3.799999952,0.0,0.0,0.0,0.0,0.0,0.0,0.0
2018-06-29,-0.010831115,614.8159837,26.69696072,154974858,75651551701.0,0.204853509,77.44,36695000,23005.0,42.24700928,34.43735123,3.339999914,0.0,0.0,0.0,0.0,0.0,0.0,0.0
2018-07-02,-0.306966757,614.5108763,26.17720152,326575676,75736483429.0,0.431199946,76.71,36760000,22997.0,41.53752899,34.25370026,4.050000191,0.0,0.0,0.0,0.0,0.0,0.0,0.0
2018-07-03,-0.284823498,614.0390898,25.75117008,219641765,75737849582.0,0.290002642,76.99,36755000,22997.0,37.70687103,32.0528183,3.900000095,0.0,0.0,0.0,0.0,0.0,0.0,0.0
2018-07-04,0.077973895,614.0720135,25.73501073,151862634,75737849582.0,0.200510887,76.99,36805000,22875.0,38.86872864,32.92098999,3.890000105,0.0,0.0,0.0,0.0,0.0,0.0,0.0
2018-07-05,-0.236561031,613.7510782,25.3026851,156618007,76663499439.0,0.204292797,77.09,36765000,22875.0,36.70878983,31.67267036,4.039999962,0.0,0.0,0.0,0.0,0.0,0.0,0.0
2018-07-06,0.206481941,613.9719764,25.36989338,180912044,76686829298.0,0.235910189,74.98,36795000,22875.0,40.64403152,34.23783112,4.039999962,0.0,0.0,0.0,0.0,0.0,0.0,0.0
2018-07-09,0.006928911,614.0920614,25.38571378,137999917,76850920583.0,0.179568333,77.08,36890000,22875.0,43.85200119,36.01440811,3.859999895,0.0,0.0,0.0,0.0,0.0,0.0,0.0
2018-07-10,0.002518819,614.1559111,25.46362817,115550061,76850920583.0,0.150356118,77.8,36930000,22875.0,40.7718811,34.18510818,4.0,0.0,0.0,0.0,0.0,0.0,0.0,0.0
2018-07-11,-0.26826661,613.9286936,25.10539073,188295895,77404834357.0,0.243261156,75.35,36880000,22875.0,39.2598381,33.23944092,3.829999924,0.0,0.0,0.0,0.0,0.0,0.0,0.0
2018-07-12,0.056993449,614.0023031,25.13273881,121025648,77407834350.0,0.156348061,72.11,36880000,22875.0,38.12776184,33.39437866,3.829999924,0.0,0.0,0.0,0.0,0.0,0.0,0.0
2018-07-13,0.15770099,614.3085853,25.29664527,157215600,79753571909.0,0.19712672,74.11,36890000,22875.0,39.37311935,34.29383087,4.389999866,0.0,0.0,0.0,0.0,0.0,0.0,0.0
2018-07-16,0.129784729,614.4484937,25.41563651,140927323,79753571909.0,0.176703462,71.03,36920000,22875.0,40.29420853,35.51079178,5.400000095,0.0,0.0,0.0,0.0,0.0,0.0,0.0
2018-07-17,0.059430906,614.5445649,25.42550597,179651291,79768370903.0,0.225216197,70.87,36850000,22875.0,41.44044113,36.50120926,3.75,0.0,0.0,0.0,0.0,0.0,0.0,0.0
2018-07-18,0.200853827,614.8673544,25.63034011,225892925,79768370903.0,0.283186083,70.52,36770000,22875.0,45.55905151,39.08507156,3.99000001,0.0,0.0,0.0,0.0,0.0,0.0,0.0
2018-07-19,0.008369407,614.8581746,25.69325574,225211674,79768620903.0,0.282331162,70.52,36690000,22875.0,45.7894783,39.28570938,3.700000048,0.0,0.0,0.0,0.0,0.0,0.0,0.0
2018-07-20,0.033031697,614.7027091,25.53110199,232663428,80165915119.0,0.290227371,71.45,36650000,22875.0,48.77516174,40.69020844,3.700000048,0.0,0.0,0.0,0.0,0.0,0.0,0.0
2018-07-23,0.066074265,614.8462445,25.93138001,239807717,80154949584.0,0.299180173,73.45,36850000,22986.5,53.02906036,42.43460846,4.949999809,0.0,0.0,0.0,0.0,0.0,0.0,0.0
2018-07-24,-0.002929635,614.9757596,25.90160844,199061919,80304949584.0,0.247882503,73.53,36770000,22992.0,51.57115936,41.24747849,4.949999809,0.0,0.0,0.0,0.0,0.0,0.0,0.0
2018-07-25,-0.07102161,614.9264305,25.89094486,254673429,80303181224.0,0.3171399,73.67,36850000,22992.0,54.39422989,42.43696976,4.949999809,0.0,0.0,0.0,0.0,0.0,0.0,0.0
2018-07-26,-0.016050319,614.6982019,24.50144198,219171169,80365431224.0,0.272718214,74.51,36870000,22989.0,51.82300949,40.8763504,4.949999809,0.0,0.0,0.0,0.0,0.0,0.0,0.0
2018-07-27,0.12579784,614.8403086,24.56995612,196564309,80365431224.0,0.244588134,74.84,36770000,22989.0,53.5069313,41.95677948,5.099999905,0.0,0.0,0.0,0.0,0.0,0.0,0.0
2018-07-30,0.008770854,614.9547127,24.70161127,215743408,80365431224.0,0.268452996,74.99,36820000,22994.5,54.91901016,42.93695068,5.099999905,0.0,0.0,0.0,0.0,0.0,0.0,0.0
2018-07-31,0.068151938,615.0477333,24.78031076,253574441,80366871082.0,0.315521107,74.16,36780000,22999.5,58.58523178,45.05802155,5.099999905,0.0,0.0,0.0,0.0,0.0,0.0,0.0
2018-08-01,-0.024128457,615.0565699,24.51924777,214689848,80395216653.0,0.267043062,72.28,36750000,22999.5,57.82685089,44.15402985,5.099999905,0.0,0.0,0.0,0.0,0.0,0.0,0.0
2018-08-02,0.013260124,615.0724411,24.51459552,238552592,80395216653.0,0.296724857,72.95,36700000,22998.0,55.51887894,42.02148819,4.5,0.0,0.0,0.0,0.0,0.0,0.0,0.0
2018-08-03,0.058126943,615.2933333,25.71295166,194375672,80388026653.0,0.241796795,72.48,36620000,23003.0,54.97325134,41.88220978,4.5,0.0,0.0,0.0,0.0,0.0,0.0,0.0
2018-08-06,-0.016836682,615.2901029,25.67727833,196924581,80401199778.0,0.244927416,72.51,36780000,23003.0,53.95756912,40.36407089,5.199999809,0.0,0.0,0.0,0.0,0.0,0.0,0.0
2018-08-07,-0.080273345,615.1629008,25.59054768,224628416,80652457279.0,0.278514039,72.31,36740000,23003.0,51.01409912,38.16101074,5.199999809,0.0,0.0,0.0,0.0,0.0,0.0,0.0
2018-08-08,0.108432236,615.1975803,25.54844018,185507985,80620558772.0,0.230100098,70.71,36760000,23000.5,50.89348984,38.53591156,5.159999847,0.0,0.0,0.0,0.0,0.0,0.0,0.0
2018-08-09,-0.001907173,615.1928746,25.5388525,189905947,80620558772.0,0.235555235,70.55,36705000,22998.0,50.50703812,38.508461,4.659999847,0.0,0.0,0.0,0.0,0.0,0.0,0.0
2018-08-10,0.001665852,615.2514093,25.55537314,197366762,80626190106.0,0.24479237,71.0,36705000,23003.0,50.55496979,38.56748962,4.659999847,0.0,0.0,0.0,0.0,0.0,0.0,0.0
2018-08-13,0.090136218,615.4430171,25.66975449,231080128,80656190106.0,0.286500178,70.62,36710000,23008.5,52.25719833,39.64973831,4.949999809,0.0,0.0,0.0,0.0,0.0,0.0,0.0
2018-08-14,0.025151012,615.4762797,25.74659934,219455488,80656858537.0,0.27208534,70.77,36640000,23008.5,52.9754982,39.91712952,4.949999809,0.0,0.0,0.0,0.0,0.0,0.0,0.0
2018-08-15,-0.135362831,615.1488851,25.55954277,218635771,80656858537.0,0.271069039,68.38,36620000,23007.5,51.53427887,39.36463928,4.949999809,0.0,0.0,0.0,0.0,0.0,0.0,0.0
2018-08-16,0.008218206,615.1830287,25.63977834,198658776,80656858537.0,0.246301157,69.21,36610000,23011.0,50.17470932,38.25265884,5.28000021,0.0,0.0,0.0,0.0,0.0,0.0,0.0
2018-08-17,-0.000929576,615.2990383,25.71647339,167822644,80707481649.0,0.207939389,70.14,36630000,23010.0,49.12763977,37.50492096,5.28000021,0.0,0.0,0.0,0.0,0.0,0.0,0.0
2018-08-20,-0.069274211,615.3443872,25.65110766,186198981,80722481649.0,0.230665581,71.11,36700000,23007.5,48.65496063,37.19007874,5.28000021,0.0,0.0,0.0,0.0,0.0,0.0,0.0
2018-08-21,0.033974046,615.4600554,25.74783895,207059912,80735481587.0,0.256467055,71.65,36700000,23004.5,49.7798996,37.95132828,5.449999809,0.0,0.0,0.0,0.0,0.0,0.0,0.0
2018-08-22,0.007318041,615.5082565,25.78814525,217446693,80757900538.0,0.269257486,72.96,36670000,23002.0,50.98212814,38.66928101,5.449999809,0.0,0.0,0.0,0.0,0.0,0.0,0.0
2018-08-23,0.05901366,615.6239849,25.82019992,184580938,80761810538.0,0.228549777,73.73,36660000,23002.0,51.30701828,38.79513168,5.449999809,0.0,0.0,0.0,0.0,0.0,0.0,0.0
2018-08-24,0.101319248,615.7918233,25.94046648,184666664,80762810538.0,0.228653093,74.41,36650000,23004.0,52.51234818,39.70645905,5.099999905,0.0,0.0,0.0,0.0,0.0,0.0,0.0
2018-08-27,0.165381208,615.8801004,26.00658482,218458196,80879140820.0,0.270104496,74.41,36710000,23006.5,53.67177963,40.39139175,5.099999905,0.0,0.0,0.0,0.0,0.0,0.0,0.0
2018-08-28,0.031114591,615.981613,26.05418946,196626357,80879140820.0,0.243111333,75.91,36710000,23004.0,53.41057968,39.723629,5.0,0.0,0.0,0.0,0.0,0.0,0.0,0.0
2018-08-29,-0.03426268,615.9250619,26.10976924,184002516,80879140820.0,0.227503055,75.91,36655000,23001.5,53.20973969,39.50954056,5.440000057,0.0,0.0,0.0,0.0,0.0,0.0,0.0
2018-08-30,0.130323295,616.1323879,26.22547025,197492416,80887726320.0,0.244156221,77.37,36645000,23006.5,54.22006989,40.23482895,5.539999962,0.0,0.0,0.0,0.0,0.0,0.0,0.0
2018-08-31,0.079262653,616.1417301,26.25713039,212339683,80887726320.0,0.262511623,77.86,36645000,23004.0,53.32268143,39.25651932,5.539999962,0.0,0.0,0.0,0.0,0.0,0.0,0.0
2018-09-04,-0.023377926,616.0580441,26.15431699,216532324,80887726320.0,0.267694907,77.51,36675000,23009.5,51.62625122,38.55585861,5.539999962,0.0,0.0,0.0,0.0,0.0,0.0,0.0
2018-09-05,-0.05911628,616.036407,26.20626542,194542218,80939406936.0,0.240355379,78.04,36675000,23009.5,51.93027115,38.43907928,5.340000153,0.0,0.0,0.0,0.0,0.0,0.0,0.0
2018-09-06,-0.088707584,615.9345872,26.14682187,177564131,80939445610.0,0.219378981,77.23,36685000,23009.5,50.73888016,38.1733017,5.340000153,0.0,0.0,0.0,0.0,0.0,0.0,0.0
2018-09-07,0.059958851,615.9196294,26.15742562,182795699,80939445610.0,0.225842539,76.63,36685000,23008.5,51.75952148,38.97515869,5.25,0.0,0.0,0.0,0.0,0.0,0.0,0.0
2018-09-10,0.042840747,615.930856,26.18956137,180382025,80939445610.0,0.222860465,77.27,36655000,23012.5,51.73628998,39.03339005,5.349999905,0.0,0.0,0.0,0.0,0.0,0.0,0.0
2018-09-11,0.112891443,616.1201794,26.31807786,214724290,80939445610.0,0.265290043,77.6,36605000,23017.0,52.55302811,39.66524124,5.349999905,0.0,0.0,0.0,0.0,0.0,0.0,0.0
2018-09-12,-0.01473033,616.143553,26.30538598,217113553,80939445604.0,0.268241957,79.4,36635000,23014.5,52.93917084,39.66524124,5.320000172,0.0,0.0,0.0,0.0,0.0,0.0,0.0
2018-09-13,0.088235872,616.1858554,26.36386051,176513946,80954612201.0,0.218040629,79.5,36645000,23013.0,53.35334015,40.01557159,5.25,0.0,0.0,0.0,0.0,0.0,0.0,0.0
2018-09-14,0.068438054,616.2864694,26.41061054,183125913,80954612201.0,0.226208128,78.51,36620000,23010.5,53.16312027,40.05450058,5.300000191,0.0,0.0,0.0,0.0,0.0,0.0,0.0
2018-09-17,0.04790453,616.4611711,26.50009801,184410937,81244786565.0,0.226981871,78.18,36600000,23010.5,52.39593887,39.2954483,5.300000191,0.0,0.0,0.0,0.0,0.0,0.0,0.0
2018-09-18,0.080213104,616.5834532,26.61507306,210890784,81256286565.0,0.259537807,77.75,36620000,23015.5,53.54257965,39.84859848,4.550000191,0.0,0.0,0.0,0.0,0.0,0.0,0.0
2018-09-19,0.110950371,616.6733546,26.65859199,269847115,81258151565.0,0.332086209,78.95,36605000,23020.5,54.94853973,40.87733078,4.800000191,0.0,0.0,0.0,0.0,0.0,0.0,0.0
2018-09-20,0.146868109,616.8785267,26.80943761,233500542,81258871353.0,0.287353907,79.79,36615000,23018.0,55.51818848,41.09083939,5.400000095,0.0,0.0,0.0,0.0,0.0,0.0,0.0
2018-09-21,-0.046669054,616.825979,26.79993405,340262196,81258871353.0,0.418738521,78.7,36625000,23021.5,55.56943893,41.16847992,5.0,0.0,0.0,0.0,0.0,0.0,0.0,0.0
2018-09-24,0.003765101,616.8877632,26.80744863,213135461,81303295938.0,0.262148611,79.85,36590000,23020.0,57.52322006,42.02024078,4.800000191,0.0,0.0,0.0,0.0,0.0,0.0,0.0
2018-09-25,0.069620988,616.9076964,26.8550032,234087507,81303295938.0,0.287918841,81.47,36535000,23023.0,59.84790039,43.16854858,4.630000114,0.0,0.0,0.0,0.0,0.0,0.0,0.0
2018-09-26,0.185397061,617.0138319,27.1713766,276035624,81303295938.0,0.339513449,82.0,36485000,23024.5,61.68685913,44.4336319,5.199999809,0.0,0.0,0.0,0.0,0.0,0.0,0.0
2018-09-27,0.138496775,617.1811842,27.35421407,251012228,81326360655.0,0.308648052,82.37,36475000,23023.0,62.07397842,44.18061829,4.739999771,0.0,0.0,0.0,0.0,0.0,0.0,0.0
2018-09-28,-0.030449858,617.0537034,27.26973023,275121385,81326360655.0,0.338293,81.85,36395000,23023.0,62.97677994,44.66719055,5.360000134,0.0,0.0,0.0,0.0,0.0,0.0,0.0
2018-10-01,-0.012965442,617.0988567,27.18918985,276092403,81348824825.0,0.339393229,83.01,36425000,23022.0,60.31053162,43.3047905,5.360000134,0.0,0.0,0.0,0.0,0.0,0.0,0.0
2018-10-02,0.048818504,617.1088864,27.19074252,380639840,81348147319.0,0.467914578,85.13,36425000,23023.5,59.52256012,42.64305115,5.300000191,0.0,0.0,0.0,0.0,0.0,0.0,0.0
2018-10-03,-0.050176735,617.0962157,27.18187197,198199517,81458047251.0,0.24331484,85.91,36455000,23025.0,58.90420151,42.23432922,4.800000191,0.0,0.0,0.0,0.0,0.0,0.0,0.0
2018-10-04,0.103442547,617.2207934,27.18294484,212393995,81458047251.0,0.260740347,85.89,36440000,23026.0,58.87282944,42.40950012,4.800000191,0.0,0.0,0.0,0.0,0.0,0.0,0.0
2018-10-05,0.006441406,617.0944834,27.11425123,303607107,81680408186.0,0.371701261,84.96,36450000,23026.0,57.76456833,42.0007782,4.960000038,0.0,0.0,0.0,0.0,0.0,0.0,0.0
2018-10-08,-0.109156738,616.904547,26.9580426,218344258,81680408186.0,0.267315337,83.4,36450000,23026.5,55.48440933,40.8610611,4.699999809,0.0,0.0,0.0,0.0,0.0,0.0,0.0
2018-10-09,0.02057524,616.9884063,26.93188535,216413141,81680408186.0,0.264951101,84.17,36450000,23026.5,53.63013077,39.9217186,4.800000191,0.0,0.0,0.0,0.0,0.0,0.0,0.0
2018-10-10,-0.068193583,616.8945602,26.82781687,204948400,81717335643.0,0.250801618,84.17,36460000,23026.5,51.14373016,38.35615921,4.829999924,0.0,0.0,0.0,0.0,0.0,0.0,0.0
2018-10-11,-0.58595994,616.0667257,26.04751519,399973081,81717335604.0,0.489459278,81.75,36440000,23025.5,43.61595154,36.41878891,4.71999979,0.0,0.0,0.0,0.0,0.0,0.0,0.0
2018-10-12,0.265183795,616.4369682,26.42408786,242556994,81724135604.0,0.296799706,80.76,36530000,23026.5,46.242939,38.4931488,4.760000229,0.0,0.0,0.0,0.0,0.0,0.0,0.0
2018-10-15,-0.043341351,616.2660053,26.4289401,150847061,81738387441.0,0.184548614,81.59,36570000,23026.5,44.54090881,37.42700958,4.929999828,0.0,0.0,0.0,0.0,0.0,0.0,0.0
2018-10-16,0.095983504,616.3999536,26.55000215,158924465,81736387576.0,0.194435391,81.27,36580000,23025.5,44.72817993,37.75233078,4.929999828,0.0,0.0,0.0,0.0,0.0,0.0,0.0
2018-10-17,0.086391317,616.549121,26.73253741,163076655,81736387576.0,0.199515369,81.55,36550000,23023.0,44.95299911,38.15330887,4.849999905,0.0,0.0,0.0,0.0,0.0,0.0,0.0
2018-10-18,-0.101951121,616.523707,26.61882363,151574750,82425852382.0,0.183892245,80.1,36570000,23024.5,42.88043976,36.99533844,4.849999905,0.0,0.0,0.0,0.0,0.0,0.0,0.0
2018-10-19,-0.025492706,616.4381628,26.63133256,163147886,82506257383.0,0.197740015,79.61,36590000,23025.5,42.87511063,36.4885788,5.099999905,0.0,0.0,0.0,0.0,0.0,0.0,0.0
2018-10-22,-0.047002094,616.3767813,26.51648496,154903944,82506257383.0,0.187748116,80.02,36570000,23024.5,41.9596405,36.33372116,4.96999979,0.0,0.0,0.0,0.0,0.0,0.0,0.0
2018-10-23,-0.182318368,616.1017696,26.33527812,215402801,82506247383.0,0.261074534,78.89,36530000,23025.5,39.84460068,35.01742172,5.400000095,0.0,0.0,0.0,0.0,0.0,0.0,0.0
2018-10-24,-0.075095792,615.8335785,26.21334071,159598260,82510117383.0,0.193428715,76.87,36550000,23026.5,38.11877823,33.6846199,5.099999905,0.0,0.0,0.0,0.0,0.0,0.0,0.0
2018-10-25,-0.202382718,615.6585799,26.00443833,194332151,82611669559.0,0.235235714,75.65,36590000,23026.5,37.26657867,33.06734085,5.449999809,0.0,0.0,0.0,0.0,0.0,0.0,0.0
2018-10-26,-0.065749673,615.5730358,25.87949849,166411687,82609161547.0,0.20144459,76.66,36520000,23027.5,37.31612015,33.15216827,5.340000153,0.0,0.0,0.0,0.0,0.0,0.0,0.0
2018-10-29,-0.088570282,615.4066165,25.77220225,148215957,82615079669.0,0.179405452,77.78,36550000,23027.0,37.16492844,32.72515869,5.0,0.0,0.0,0.0,0.0,0.0,0.0,0.0
2018-10-30,0.059512528,615.4675458,25.76058143,146585966,82615079669.0,0.177432457,77.09,36490000,23028.0,37.83036041,33.40449905,5.349999905,0.0,0.0,0.0,0.0,0.0,0.0,0.0
2018-10-31,0.235772423,615.9325068,25.92885644,207093323,82637268550.0,0.250605237,76.47,36440000,23029.0,47.12002182,37.2670784,4.980000019,0.0,0.0,0.0,0.0,0.0,0.0,0.0
2018-11-01,-0.104567393,615.7564767,25.82748601,185850212,82647243845.0,0.224871639,74.84,36410000,23029.5,41.99377823,34.42623138,5.0,0.0,0.0,0.0,0.0,0.0,0.0,0.0
2018-11-02,0.114511763,615.9807241,26.10192282,231207449,82647243845.0,0.279752159,72.56,36535000,23028.5,45.08472824,36.10353851,5.28000021,0.0,0.0,0.0,0.0,0.0,0.0,0.0
2018-11-05,-0.006730672,616.0221676,26.10829738,142657596,82647152214.0,0.172610419,72.58,36535000,23027.5,43.57590866,34.75799942,5.690000057,0.0,0.0,0.0,0.0,0.0,0.0,0.0
2018-11-06,0.025721783,615.9830058,26.09646688,146224740,82647152159.0,0.176926532,73.09,36475000,23028.5,42.67890167,33.51499176,5.0,0.0,0.0,0.0,0.0,0.0,0.0,0.0
2018-11-07,-0.029515218,615.9479161,26.04497297,150096918,82649719958.0,0.181606082,72.11,36440000,23029.5,43.1191597,34.05543137,5.0,0.0,0.0,0.0,0.0,0.0,0.0,0.0
2018-11-08,0.179827681,616.0813683,26.23136009,156022532,82649719958.0,0.188775633,72.07,36470000,23028.5,44.57881927,35.89138031,5.420000076,0.0,0.0,0.0,0.0,0.0,0.0,0.0
2018-11-09,-0.054391561,615.8867188,26.10830881,158020602,82649719958.0,0.191193149,70.78,36440000,23027.5,44.72171021,35.28376007,5.730000019,0.0,0.0,0.0,0.0,0.0,0.0,0.0
2018-11-12,0.002393005,616.0103555,26.10212857,127044356,82722219913.0,0.153579481,71.14,36440000,23028.5,46.47008896,36.20352173,5.519999981,0.0,0.0,0.0,0.0,0.0,0.0,0.0
2018-11-13,-0.034990397,615.8959276,25.93292601,179054794,83149959590.0,0.215339604,69.45,36390000,23029.5,46.70864105,36.06462097,5.559999943,0.0,0.0,0.0,0.0,0.0,0.0,0.0
2018-11-14,0.044304691,615.8847414,25.97101946,150584049,83149920718.0,0.18109945,69.45,36410000,23028.5,48.79579926,37.17002869,5.800000191,0.0,0.0,0.0,0.0,0.0,0.0,0.0
2018-11-15,-0.01510717,615.8772368,25.99232566,175586509,83149920718.0,0.211168583,66.08,36460000,23027.5,49.20965958,37.21292114,5.690000057,0.0,0.0,0.0,0.0,0.0,0.0,0.0
2018-11-16,0.075535647,615.9516424,25.9296328,169225917,83153220500.0,0.20351096,66.08,36530000,23026.5,51.08900833,38.45854187,5.800000191,0.0,0.0,0.0,0.0,0.0,0.0,0.0
2018-11-19,0.10697312,616.1705633,26.10918616,153036938,83153220500.0,0.184042106,67.61,36600000,23026.5,53.01688004,39.35382843,5.78000021,0.0,0.0,0.0,0.0,0.0,0.0,0.0
2018-11-20,-0.059042327,616.1339857,26.03508286,160884850,83157220500.0,0.193470692,66.86,36570000,23029.0,49.5893898,37.55382156,5.710000038,0.0,0.0,0.0,0.0,0.0,0.0,0.0
2018-11-21,-0.032399864,616.1103219,26.02231815,154397507,83157220500.0,0.185669394,63.24,36510000,23031.5,51.57083893,38.40748978,5.699999809,0.0,0.0,0.0,0.0,0.0,0.0,0.0
2018-11-22,0.004437424,616.0728977,26.09485959,163861185,83173564249.0,0.197011137,63.29,36510000,23032.5,49.69570923,37.35363007,5.960000038,0.0,0.0,0.0,0.0,0.0,0.0,0.0
2018-11-23,-0.030907482,615.9630915,26.03694556,150991640,83201124604.0,0.181477884,62.78,36490000,23037.5,49.01549911,37.24489975,5.769999981,0.0,0.0,0.0,0.0,0.0,0.0,0.0
2018-11-26,0.000128118,615.9784191,26.05767466,128596758,83420147350.0,0.154155515,60.21,36460000,23037.5,48.66653824,36.90151978,6.070000172,0.0,0.0,0.0,0.0,0.0,0.0,0.0
2018-11-27,-0.06662242,615.9340948,25.83548112,165630292,83420147350.0,0.198549508,60.31,36430000,23039.5,48.79552078,37.07667923,5.570000172,0.0,0.0,0.0,0.0,0.0,0.0,0.0
2018-11-28,0.058329751,616.1075675,26.03366457,146432676,83575372496.0,0.175210318,60.72,36380000,23039.5,47.92839813,36.12189102,5.670000076,0.0,0.0,0.0,0.0,0.0,0.0,0.0
2018-11-29,-0.085874709,615.9554726,25.93589576,140030532,83575372496.0,0.167549994,59.04,36410000,23039.5,48.63656998,36.54439926,5.960000038,0.0,0.0,0.0,0.0,0.0,0.0,0.0
2018-11-30,0.051347161,616.4699863,25.95485684,169705405,87496231536.0,0.193957388,59.58,36410000,23041.5,49.2970314,37.10800934,5.800000191,0.0,0.0,0.0,0.0,0.0,0.0,0.0
2018-12-03,0.224419277,616.9385027,26.32605441,230514428,87496831536.0,0.263454601,58.73,36410000,23044.0,53.28332901,39.80978012,5.679999828,0.0,0.0,0.0,0.0,0.0,0.0,0.0
2018-12-04,0.079320735,617.0595209,26.38851929,249250682,87521258445.0,0.284788732,52.26,36420000,23044.0,53.8568306,39.80694962,5.800000191,0.0,0.0,0.0,0.0,0.0,0.0,0.0
2018-12-05,-0.025284139,617.0289694,26.33758614,228737447,87525244355.0,0.261338827,61.46,36400000,23045.0,54.55582047,40.06546021,5.659999847,0.0,0.0,0.0,0.0,0.0,0.0,0.0
2018-12-06,0.113336998,617.0652622,26.42677025,192540708,87533959163.0,0.219961155,61.49,36360000,23045.0,53.72669983,39.0257988,6.0,0.0,0.0,0.0,0.0,0.0,0.0,0.0
2018-12-07,0.10309168,617.1782021,26.53809053,203348397,87536259163.0,0.232301904,59.75,36340000,23048.5,53.21107101,38.8717804,5.900000095,0.0,0.0,0.0,0.0,0.0,0.0,0.0
2018-12-10,-0.007655167,617.2129839,26.55684529,217083825,87565070309.0,0.247911438,62.18,36440000,23049.5,52.90436935,38.76448059,5.900000095,0.0,0.0,0.0,0.0,0.0,0.0,0.0
2018-12-11,0.018673169,617.1895375,26.57166187,187031404,87565070309.0,0.213591337,60.33,36420000,23054.0,51.76145935,37.98003006,6.289999962,0.0,0.0,0.0,0.0,0.0,0.0,0.0
2018-12-12,0.012941985,617.2884138,26.61104205,223189347,87565070309.0,0.254883992,60.9,36370000,23054.0,52.82246017,38.61367035,5.940000057,0.0,0.0,0.0,0.0,0.0,0.0,0.0
2018-12-13,-0.014505415,617.2569296,26.58886428,186190619,87565070309.0,0.212631153,60.51,36310000,23053.0,54.0945816,39.21868896,6.079999924,0.0,0.0,0.0,0.0,0.0,0.0,0.0
2018-12-14,-0.092028534,617.1138854,26.47702882,221008918,87565070309.0,0.252393925,61.07,36310000,23055.5,53.08008957,38.69850159,6.079999924,0.0,0.0,0.0,0.0,0.0,0.0,0.0
2018-12-17,-0.150064957,616.8179869,26.21163258,264954439,87740395736.0,0.301975432,60.26,36340000,23058.0,51.11746979,37.56256866,6.260000229,0.0,0.0,0.0,0.0,0.0,0.0,0.0
2018-12-18,-0.141341407,616.6699046,26.01389573,196803168,87740395736.0,0.224301664,59.04,36370000,23060.5,48.95447922,36.56142044,6.019999981,0.0,0.0,0.0,0.0,0.0,0.0,0.0
2018-12-19,-0.020556818,616.5545397,25.97334453,211512644,87744136729.0,0.241056157,56.61,36330000,23059.5,48.85158157,36.29188156,5.96999979,0.0,0.0,0.0,0.0,0.0,0.0,0.0
2018-12-20,-0.083780528,616.4884053,25.89309402,166026975,87744136729.0,0.189217173,56.65,36300000,23059.5,48.05434036,36.25336838,5.46999979,0.0,0.0,0.0,0.0,0.0,0.0,0.0
2018-12-21,-0.029660743,616.4421371,25.83113115,211778156,87766806729.0,0.241296412,55.15,36370000,23059.5,44.4458313,34.66614914,5.909999847,0.0,0.0,0.0,0.0,0.0,0.0,0.0
2018-12-24,-0.10113356,616.3095411,25.68269017,219681093,87767396736.0,0.250299201,53.84,36350000,23062.0,42.72499847,34.28570938,6.059999943,0.0,0.0,0.0,0.0,0.0,0.0,0.0
2018-12-25,-0.202959538,616.0489002,25.3474621,265568078,87767396736.0,0.302581696,50.74,36380000,23062.0,40.12118149,32.59172821,6.059999943,0.0,0.0,0.0,0.0,0.0,0.0,0.0
2018-12-26,0.06345219,616.0466949,25.41658869,158417547,87777498788.0,0.18047626,50.41,36310000,23064.5,40.44021988,32.93109894,5.800000191,0.0,0.0,0.0,0.0,0.0,0.0,0.0
2018-12-27,0.104973143,616.2237304,25.55614097,174363178,87777487488.0,0.198642252,54.32,36370000,23069.5,41.52463913,33.75733948,5.980000019,0.0,0.0,0.0,0.0,0.0,0.0,0.0
2018-12-28,-0.018638933,616.1896837,25.59279933,190059769,88801370975.0,0.214027967,53.1,36390000,23080.0,41.34244919,33.86970139,6.199999809,0.0,0.0,0.0,0.0,0.0,0.0,0.0
2019-01-02,-0.098765853,616.0472764,24.89197834,114038597,88804370975.0,0.128415523,53.1,36480000,23080.0,40.55466843,33.7071991,5.989999771,0.0,0.0,0.0,0.0,0.0,0.0,0.0
2019-01-03,-0.168144996,615.81402,24.70629802,165617960,88804370975.0,0.186497532,53.1,36590000,23331.5,37.2649498,31.45224953,5.900000095,0.0,0.0,0.0,0.0,0.0,0.0,0.0
2019-01-04,0.043042101,615.9089952,24.7308585,141876257,88824351046.0,0.159726759,55.68,36700000,23332.0,37.61700058,31.17416954,5.900000095,0.0,0.0,0.0,0.0,0.0,0.0,0.0
2019-01-07,0.1252548,616.0372638,24.88107721,163281994,88824351046.0,0.18382571,57.77,36670000,23332.0,39.57344818,32.84542847,5.900000095,0.0,0.0,0.0,0.0,0.0,0.0,0.0
2019-01-08,-0.043905622,616.0723705,24.93534732,112010098,88825093838.0,0.126101863,57.48,36700000,23331.0,41.67800903,33.80171967,6.079999924,0.0,0.0,0.0,0.0,0.0,0.0,0.0
2019-01-09,0.110958911,616.1678282,24.88966625,179019474,88825093838.0,0.201541553,59.49,36645000,23335.0,44.15977859,35.67525101,6.369999886,0.0,0.0,0.0,0.0,0.0,0.0,0.0
2019-01-10,-0.015059635,616.2222712,25.00483127,138656731,89019450907.0,0.155760038,61.0,36670000,23332.5,44.5206604,36.00703049,6.0,0.0,0.0,0.0,0.0,0.0,0.0,0.0
2019-01-11,0.148816284,616.3313449,25.12884304,137266458,89019450858.0,0.154198275,61.4,36650000,23335.0,45.42176056,36.22169876,6.010000229,0.0,0.0,0.0,0.0,0.0,0.0,0.0
2019-01-14,0.025031256,616.5022213,25.15477912,152747003,91026228808.0,0.167805483,60.34,36660000,23336.0,45.02119827,35.92837906,5.519999981,0.0,0.0,0.0,0.0,0.0,0.0,0.0
2019-01-15,0.114943569,616.6590458,25.26025218,133388737,91123510968.0,0.14638235,59.66,36600000,23343.0,47.39524078,37.48059082,6.0,0.0,0.0,0.0,0.0,0.0,0.0,0.0
2019-01-16,-0.036553029,616.6018218,25.15979716,180858047,91123510968.0,0.198475723,59.66,36580000,23346.5,50.22834015,38.85017014,6.230000019,0.0,0.0,0.0,0.0,0.0,0.0,0.0
2019-01-17,-0.136980251,616.4310289,25.01945374,137392375,91126005968.0,0.150771861,60.9,36515000,23345.5,49.04666901,38.17935181,4.730000019,0.0,0.0,0.0,0.0,0.0,0.0,0.0
2019-01-18,0.011263172,616.41948,25.04258982,153007286,91126005968.0,0.167907377,61.79,36670000,23349.0,46.85049057,36.62903976,5.940000057,0.0,0.0,0.0,0.0,0.0,0.0,0.0
2019-01-21,-0.054841395,616.4459123,25.06891762,180738509,91130713942.0,0.198328863,62.83,36610000,23353.0,47.91513824,37.49023819,6.139999866,0.0,0.0,0.0,0.0,0.0,0.0,0.0
2019-01-22,0.035940366,616.4724946,25.19916746,160031259,91130713942.0,0.175606283,62.65,36470000,23357.5,49.01679993,37.77735138,6.139999866,0.0,0.0,0.0,0.0,0.0,0.0,0.0
2019-01-23,0.094885176,616.5431611,25.25795208,134446019,91130713942.0,0.147530962,61.66,36450000,23357.5,52.44007874,39.37329865,5.400000095,0.0,0.0,0.0,0.0,0.0,0.0,0.0
2019-01-24,-0.016782755,616.5768089,25.17471312,120594001,91130713942.0,0.132330798,60.78,36490000,23355.5,52.52795029,39.03339005,5.429999828,0.0,0.0,0.0,0.0,0.0,0.0,0.0
2019-01-25,0.049739704,616.6343051,25.29146761,126315281,91154324779.0,0.138572998,60.78,36570000,23358.0,51.27042007,38.25831985,6.28000021,0.0,0.0,0.0,0.0,0.0,0.0,0.0
2019-01-28,-0.020053726,616.6356314,25.22760518,137595216,91184046658.0,0.150898344,61.66,36710000,23347.0,51.27696991,38.50506973,6.070000172,0.0,0.0,0.0,0.0,0.0,0.0,0.0
2019-01-29,-0.033331033,616.6602325,25.26216052,127160993,91184046658.0,0.139455308,60.15,36690000,23347.0,50.45817947,37.59294891,6.099999905,0.0,0.0,0.0,0.0,0.0,0.0,0.0
2019-01-30,0.023889086,616.7192931,25.30512466,140640699,91194346658.0,0.154220853,61.15,36820000,23352.0,50.43841934,37.80821991,6.349999905,0.0,0.0,0.0,0.0,0.0,0.0,0.0
2019-01-31,0.042869282,616.7281171,25.33029436,142795402,91194346658.0,0.156583612,61.15,36880000,23352.0,50.2010498,37.63209152,6.070000172,0.0,0.0,0.0,0.0,0.0,0.0,0.0
2019-02-01,0.166707243,616.8067128,25.52542859,141055414,91194346658.0,0.154675612,61.85,37040000,23351.5,51.78348923,38.71974945,6.0,0.0,0.0,0.0,0.0,0.0,0.0,0.0
2019-02-11,0.089315421,616.9954502,25.57253742,138521014,91208062391.0,0.151873651,61.49,37075000,23366.0,52.59571838,39.08134842,6.050000191,0.0,0.0,0.0,0.0,0.0,0.0,0.0
2019-02-12,0.105834211,617.1431551,25.73812181,202632336,91208062391.0,0.222164939,61.95,37060000,23371.0,54.60451889,39.79037094,6.190000057,0.0,0.0,0.0,0.0,0.0,0.0,0.0
2019-02-13,0.15347746,617.3615709,25.90710934,226963121,91208062391.0,0.248841073,63.0,37050000,23369.0,57.35905075,41.63431931,6.190000057,0.0,0.0,0.0,0.0,0.0,0.0,0.0
2019-02-14,0.005205263,617.3408941,25.95295774,192801982,91208062391.0,0.211386995,63.96,36900000,23369.0,57.53115082,41.71506119,6.190000057,0.0,0.0,0.0,0.0,0.0,0.0,0.0
2019-02-15,-0.038032995,617.3174219,25.95103679,168480250,91208062378.0,0.184720786,64.61,36690000,23376.0,57.33047104,41.21622086,5.949999809,0.0,0.0,0.0,0.0,0.0,0.0,0.0
2019-02-18,0.036124082,617.4737989,26.03575235,203880305,91208062356.0,0.223533205,66.22,36950000,23375.0,58.65237045,42.35385132,5.949999809,0.0,0.0,0.0,0.0,0.0,0.0,0.0
2019-02-19,-0.11863521,617.3521669,25.94673668,244083558,91208062356.0,0.267611823,66.21,36900000,23372.0,56.63233948,41.61491013,5.949999809,0.0,0.0,0.0,0.0,0.0,0.0,0.0
2019-02-20,-0.013137872,617.3726566,25.95010899,180204492,91228062356.0,0.197531864,66.51,37140000,23371.0,56.58398819,41.84508133,5.260000229,0.0,0.0,0.0,0.0,0.0,0.0,0.0
2019-02-21,-0.022058629,617.4733632,25.9152087,185360010,91228062356.0,0.203183105,67.01,37020000,23370.0,55.67573929,41.64714813,5.260000229,0.0,0.0,0.0,0.0,0.0,0.0,0.0
2019-02-22,-0.02240348,617.5123736,25.90620098,224466019,91258062248.0,0.245968426,67.01,36920000,23371.5,56.25500107,41.70883942,5.699999809,0.0,0.0,0.0,0.0,0.0,0.0,0.0
2019-02-25,0.067898332,617.6075283,25.89794359,238471982,91258062248.0,0.26131607,66.78,37000000,23374.0,57.00603867,42.48934937,5.610000134,0.0,0.0,0.0,0.0,0.0,0.0,0.0
2019-02-26,0.063603327,617.5836117,25.82588502,284857930,91273308248.0,0.312093355,64.68,36970000,23373.5,57.18582153,42.3359108,5.5,0.0,0.0,0.0,0.0,0.0,0.0,0.0
2019-02-27,-0.048986126,617.5666515,25.83413541,292321456,91308207759.0,0.32014806,65.67,36980000,23372.5,57.10559082,42.37710953,5.46999979,0.0,0.0,0.0,0.0,0.0,0.0,0.0
2019-02-28,0.006016123,617.4184609,25.74207192,241780922,91308207759.0,0.264796482,66.06,36920000,23376.0,53.53155899,40.70661163,5.46999979,0.0,0.0,0.0,0.0,0.0,0.0,0.0
2019-03-01,0.162389996,617.6844017,25.99567199,172385268,91308207759.0,0.188794931,65.98,36840000,23376.0,53.51522827,41.03792191,5.78000021,0.0,0.0,0.0,0.0,0.0,0.0,0.0
2019-03-04,0.174054064,617.8726055,26.05588396,249679170,91315507621.0,0.273424719,65.48,36590000,23384.0,54.48764038,42.03369904,5.760000229,0.0,0.0,0.0,0.0,0.0,0.0,0.0
2019-03-05,0.051360891,617.8278561,25.98431077,308492225,91315609621.0,0.337830768,65.5,36505000,23388.0,53.64690018,41.28686142,5.46999979,0.0,0.0,0.0,0.0,0.0,0.0,0.0
2019-03-06,0.058396358,617.8455608,25.94230507,253717040,91315609621.0,0.277846297,65.46,36545000,23389.0,54.41780853,41.9188118,5.460000038,0.0,0.0,0.0,0.0,0.0,0.0,0.0
2019-03-07,0.071855634,617.8260164,25.89660519,241799124,91315609621.0,0.264794951,66.48,36535000,23389.0,54.32482147,42.14860153,5.28000021,0.0,0.0,0.0,0.0,0.0,0.0,0.0
2019-03-08,-0.073221475,617.6708787,25.71401122,221066042,91315609621.0,0.242090091,66.48,36535000,23392.0,52.76089096,40.88999176,5.28000021,0.0,0.0,0.0,0.0,0.0,0.0,0.0
2019-03-11,-0.062434553,617.5387998,25.54615391,182993799,91273556631.0,0.200489392,66.48,36585000,23394.5,54.43342972,41.97861099,5.139999866,0.0,0.0,0.0,0.0,0.0,0.0,0.0
2019-03-12,0.148407086,617.7326133,25.69986585,233413561,91273556631.0,0.255729665,66.48,36560000,23393.5,56.22970963,43.29640961,5.639999866,0.0,0.0,0.0,0.0,0.0,0.0,0.0
2019-03-13,0.049319668,617.7048066,25.66277778,255019690,91273556631.0,0.279401504,66.84,36610000,23392.5,57.49647141,44.27043915,5.349999905,0.0,0.0,0.0,0.0,0.0,0.0,0.0
2019-03-14,0.093480104,617.6947982,25.68245581,234233738,91273556631.0,0.256628258,67.9,36650000,23395.5,58.60195923,44.69060135,5.539999962,0.0,0.0,0.0,0.0,0.0,0.0,0.0
2019-03-15,0.041887506,617.7227539,25.665629,263348618,91273556631.0,0.288526741,67.38,36555000,23398.0,57.19615936,43.75476837,5.380000114,0.0,0.0,0.0,0.0,0.0,0.0,0.0
2019-03-18,0.032317998,617.7400668,25.81049721,243216936,91273556631.0,0.266470317,67.12,36575000,23395.5,58.00458908,44.53781891,4.900000095,0.0,0.0,0.0,0.0,0.0,0.0,0.0
2019-03-19,-0.074603612,617.5972275,25.65917784,258483554,91273556631.0,0.28319654,67.68,36595000,23399.5,56.75473022,43.69524002,4.829999924,0.0,0.0,0.0,0.0,0.0,0.0,0.0
2019-03-20,0.01754734,617.5487374,25.61247556,319567849,91295540713.0,0.350036646,67.57,36585000,23398.5,57.64149094,44.11428833,4.670000076,0.0,0.0,0.0,0.0,0.0,0.0,0.0
2019-03-21,-0.068240674,617.3731354,25.58856698,223648557,91295540713.0,0.244972049,68.6,36765000,23396.0,54.09199142,41.48571014,4.559999943,0.0,0.0,0.0,0.0,0.0,0.0,0.0
2019-03-22,-0.040910514,617.4603767,25.56301073,212807199,91295540713.0,0.233097036,67.74,36640000,23398.0,51.6187706,40.17142868,4.559999943,0.0,0.0,0.0,0.0,0.0,0.0,0.0
2019-03-25,-0.119505035,617.3257726,25.50832445,261491324,91295540713.0,0.286422888,66.5,36715000,23401.5,48.3350296,38.49523926,5.650000095,0.0,0.0,0.0,0.0,0.0,0.0,0.0
2019-03-26,0.023300342,617.4006808,25.56946617,178716334,91295540713.0,0.19575582,67.43,36800000,23400.0,47.04846954,37.90475845,5.760000229,0.0,0.0,0.0,0.0,0.0,0.0,0.0
2019-03-27,0.153359271,617.4848187,25.70350891,159996704,91341540713.0,0.175163133,68.2,36740000,23406.0,47.74771881,38.79999924,5.199999809,0.0,0.0,0.0,0.0,0.0,0.0,0.0
2019-03-28,-0.01296123,617.455039,25.6693854,208163373,91341540713.0,0.227895623,67.69,36690000,23408.5,49.06319046,39.59999847,5.400000095,0.0,0.0,0.0,0.0,0.0,0.0,0.0
2019-03-29,0.064397741,617.4530395,25.68349274,169078154,91479685380.0,0.184825902,68.24,36470000,23409.5,48.8232193,39.44762039,4.599999905,0.0,0.0,0.0,0.0,0.0,0.0,0.0
2019-04-01,-0.017508238,617.5414804,25.67750537,189592543,91479685380.0,0.207250978,68.39,36490000,23407.5,47.27677155,38.28570938,4.679999828,0.0,0.0,0.0,0.0,0.0,0.0,0.0
2019-04-02,0.022527836,617.5714806,25.62156763,245044575,91497447199.0,0.267815751,69.46,36440000,23407.5,46.71994019,38.05683899,4.369999886,0.0,0.0,0.0,0.0,0.0,0.0,0.0
2019-04-03,0.079257392,617.6616563,25.63633133,228748173,91513447199.0,0.249961268,69.88,36410000,23411.0,45.82294846,37.55759811,5.539999962,0.0,0.0,0.0,0.0,0.0,0.0,0.0
2019-04-04,0.026918706,617.7166651,25.75741481,170712829,91513447199.0,0.186543983,69.5,36330000,23408.5,47.32474899,38.50597,5.400000095,0.0,0.0,0.0,0.0,0.0,0.0,0.0
2019-04-05,0.027085516,617.7808032,25.86555646,190468517,91513447199.0,0.208131726,69.31,36425000,23414.0,47.37406158,37.85332108,4.909999847,0.0,0.0,0.0,0.0,0.0,0.0,0.0
2019-04-08,-0.010473697,617.7809156,25.77864465,165934493,91513447199.0,0.181322525,70.76,36425000,23414.0,48.62084961,38.19710159,4.880000114,0.0,0.0,0.0,0.0,0.0,0.0,0.0
2019-04-09,-0.090869257,617.6700639,25.67754036,174046863,91527293452.0,0.190158429,71.17,36465000,23416.5,47.52692032,37.94881821,5.300000191,0.0,0.0,0.0,0.0,0.0,0.0,0.0
2019-04-10,0.021089053,617.5612747,25.62828112,161612431,91527293452.0,0.176572938,70.77,36485000,23414.5,48.87120819,38.13980103,5.5,0.0,0.0,0.0,0.0,0.0,0.0,0.0
2019-04-11,0.053033641,617.6016162,25.69848373,128140969,91527293452.0,0.140003013,71.67,36525000,23415.5,49.36700058,38.15890121,5.150000095,0.0,0.0,0.0,0.0,0.0,0.0,0.0
2019-04-12,0.04474276,617.7031417,25.79928093,150720394,91527293452.0,0.164672622,71.08,36525000,23418.0,53.03430939,39.6294899,5.050000191,0.0,0.0,0.0,0.0,0.0,0.0,0.0
2019-04-16,-0.088927327,617.5675997,25.64387175,154047822,91527293452.0,0.168308071,71.08,36410000,23415.0,51.71448898,38.99924088,5.050000191,0.0,0.0,0.0,0.0,0.0,0.0,0.0
2019-04-17,-0.008772967,617.5728602,25.6682003,191689587,91604260286.0,0.209258376,72.14,36275000,23415.5,48.88225937,37.26126862,4.5,0.0,0.0,0.0,0.0,0.0,0.0,0.0
2019-04-18,-0.072360568,617.451279,25.64292375,158814186,91604260286.0,0.173369869,71.51,36275000,23414.0,46.51448822,35.81029129,4.940000057,0.0,0.0,0.0,0.0,0.0,0.0,0.0
2019-04-19,0.029625857,617.4722707,25.6926825,108325210,91604260286.0,0.118253463,71.97,36295000,23419.0,47.48616028,36.22994995,5.710000038,0.0,0.0,0.0,0.0,0.0,0.0,0.0
2019-04-22,-0.080557536,617.3518945,25.55269675,218038150,91608170767.0,0.238011684,73.4,36305000,23418.0,46.50777054,35.35140991,4.940000057,0.0,0.0,0.0,0.0,0.0,0.0,0.0
2019-04-23,0.068805341,616.9647841,25.98448651,153229412,91645349928.0,0.16719824,74.59,36265000,23422.0,47.20272827,35.69514084,5.650000095,0.0,0.0,0.0,0.0,0.0,0.0,0.0
2019-04-24,0.110931594,617.1065958,26.07759125,137752264,91645349928.0,0.150310151,74.22,36215000,23426.5,48.41778183,36.67176819,4.650000095,0.0,0.0,0.0,0.0,0.0,0.0,0.0
2019-04-25,-0.018289343,617.0965735,26.02524964,147524876,91645349928.0,0.160973662,74.62,36245000,23429.5,46.60734177,35.54146957,5.21999979,0.0,0.0,0.0,0.0,0.0,0.0,0.0
2019-04-26,-0.039734225,617.1033856,26.08311702,123193165,91653572291.0,0.134411744,74.29,36295000,23434.5,46.05355072,35.54146957,4.329999924,0.0,0.0,0.0,0.0,0.0,0.0,0.0
2019-05-02,-0.010191977,617.1710034,26.0511894,153608594,91653572291.0,0.167596952,72.04,36275000,23437.0,44.61846924,34.79510117,4.630000114,0.0,0.0,0.0,0.0,0.0,0.0,0.0
2019-05-03,-0.072501629,617.0765124,26.0434668,146473333,91643653209.0,0.159829217,70.57,36195000,23435.5,44.69828033,35.25220871,5.489999771,0.0,0.0,0.0,0.0,0.0,0.0,0.0
2019-05-06,-0.141297788,616.8235455,25.95839479,169350455,91644220684.0,0.1847912,69.33,36295000,23435.5,42.99615097,34.64189911,4.5,0.0,0.0,0.0,0.0,0.0,0.0,0.0
2019-05-07,0.014438847,617.3887243,25.61905348,141602127,91705489643.0,0.154409652,71.22,36245000,23440.5,42.72723007,34.6065712,5.269999981,0.0,0.0,0.0,0.0,0.0,0.0,0.0
2019-05-08,-0.071427199,617.2814138,25.54456768,146312349,91705489643.0,0.1595459,70.34,36275000,23443.5,42.17869186,33.97631836,5.130000114,0.0,0.0,0.0,0.0,0.0,0.0,0.0
2019-05-09,0.008915429,617.2445715,25.52340417,180384127,91708393689.0,0.196693149,69.49,36265000,23446.5,42.18109894,34.30881882,5.349999905,0.0,0.0,0.0,0.0,0.0,0.0,0.0
2019-05-10,0.072871337,617.3496911,25.58319215,133828551,91709073689.0,0.145927274,70.93,36265000,23449.5,43.93009186,35.94657135,5.179999828,0.0,0.0,0.0,0.0,0.0,0.0,0.0
2019-05-13,0.034195653,617.4235141,25.6536752,252049393,91709073689.0,0.274835829,70.81,36315000,23444.0,46.86878967,37.50481033,4.53000021,0.0,0.0,0.0,0.0,0.0,0.0,0.0
2019-05-14,-0.048991602,617.5343985,25.62694215,161798676,91709073689.0,0.176426028,70.42,36485000,23448.0,46.12366867,37.03057861,5.829999924,0.0,0.0,0.0,0.0,0.0,0.0,0.0
2019-05-15,0.175580957,617.6641579,25.72105486,192316089,91735957334.0,0.209640903,71.23,36485000,23448.0,49.26726151,38.83081818,4.510000229,0.0,0.0,0.0,0.0,0.0,0.0,0.0
2019-05-16,-0.060664742,617.626716,25.69250764,172281439,91735957334.0,0.187801429,72.31,36425000,23449.0,48.64393997,38.01158142,5.329999924,0.0,0.0,0.0,0.0,0.0,0.0,0.0
2019-05-17,-0.003782022,617.684199,25.75448403,143338944,91735957334.0,0.156251647,73.13,36325000,23448.0,47.30656052,36.65768051,4.159999847,0.0,0.0,0.0,0.0,0.0,0.0,0.0
2019-05-20,0.019070079,617.8154739,25.80807033,153643308,91750929082.0,0.167456951,73.12,36345000,23455.5,48.28541946,37.74961853,5.71999979,0.0,0.0,0.0,0.0,0.0,0.0,0.0
2019-05-21,0.044792344,617.8578446,25.91566764,207996176,91767098887.0,0.226656589,73.37,36305000,23455.5,47.97179031,37.28879166,5.25,0.0,0.0,0.0,0.0,0.0,0.0,0.0
2019-05-22,0.013378909,617.8360997,25.98466675,189860355,91816590714.0,0.206782188,71.85,36215000,23454.0,49.06142044,37.66756058,5.239999771,0.0,0.0,0.0,0.0,0.0,0.0,0.0
2019-05-23,0.018207547,617.8254203,25.98717791,160141463,91970904873.0,0.174121874,70.71,36225000,23452.5,50.01438141,37.99311066,4.300000191,0.0,0.0,0.0,0.0,0.0,0.0,0.0
2019-05-24,-0.001293849,617.6818384,26.00418406,169612566,92157807952.0,0.18404579,68.75,36335000,23454.0,52.75328064,38.47185135,4.269999981,0.0,0.0,0.0,0.0,0.0,0.0,0.0
2019-05-27,0.050044984,617.7415956,26.0150118,140366134,92157807952.0,0.152310626,68.72,36375000,23451.5,52.2593689,37.9618988,4.25,0.0,0.0,0.0,0.0,0.0,0.0,0.0
2019-05-28,0.034757776,617.722308,26.28560705,154476096,92241824834.0,0.167468604,70.24,36335000,23451.5,53.22360992,38.57143021,5.199999809,0.0,0.0,0.0,0.0,0.0,0.0,0.0
2019-05-29,0.108643546,617.7079835,26.31616138,150733202,92249596403.0,0.16339714,69.96,36265000,23453.0,53.99222946,38.95238113,4.889999866,0.0,0.0,0.0,0.0,0.0,0.0,0.0
2019-05-30,0.01759326,617.7874388,26.283123,159940603,92334120939.0,0.173219392,69.54,36245000,23454.5,52.66313934,37.9809494,4.889999866,0.0,0.0,0.0,0.0,0.0,0.0,0.0
2019-05-31,-0.10457515,617.5814899,26.07893044,138953833,92352921360.0,0.150459597,66.06,36385000,23453.5,50.21192932,36.49316025,4.940000057,0.0,0.0,0.0,0.0,0.0,0.0,0.0
2019-06-03,-0.257076427,617.267912,25.70815286,194034168,92356371242.0,0.210092888,60.85,36685000,23451.0,47.09297943,35.12538147,5.360000134,0.0,0.0,0.0,0.0,0.0,0.0,0.0
2019-06-04,0.160838602,617.3882195,25.89889003,154662166,92357015129.0,0.1674612,61.08,37000000,23447.0,45.04063034,34.44487,4.909999847,0.0,0.0,0.0,0.0,0.0,0.0,0.0
2019-06-05,0.043426785,617.4325163,26.0129341,130516664,92357015129.0,0.141317542,61.73,36920000,23451.0,45.89276886,35.6195488,4.650000095,0.0,0.0,0.0,0.0,0.0,0.0,0.0
2019-06-06,-0.062455595,617.5635432,25.79996905,124246366,92377581913.0,0.134498396,60.66,36925000,23451.0,45.56853867,35.24187088,4.650000095,0.0,0.0,0.0,0.0,0.0,0.0,0.0
2019-06-07,0.154075438,617.8386433,25.91896224,145755869,92378439809.0,0.157781263,62.44,37075000,23450.0,46.66080093,36.01662827,5.300000191,0.0,0.0,0.0,0.0,0.0,0.0,0.0
2019-06-10,0.054511335,617.84664,25.913414,147898504,92378194723.0,0.160101098,63.39,37150000,23448.0,47.08412933,36.50793839,5.190000057,0.0,0.0,0.0,0.0,0.0,0.0,0.0
2019-06-11,0.006532088,617.8696568,25.91647942,133783789,92378194711.0,0.144821827,62.56,37170000,23451.5,46.86449051,36.6780014,4.760000229,0.0,0.0,0.0,0.0,0.0,0.0,0.0
2019-06-12,-0.016120028,617.8030293,25.82254609,148229496,92378194711.0,0.160459399,61.03,37030000,23449.0,46.29772186,36.26374054,5.199999809,0.0,0.0,0.0,0.0,0.0,0.0,0.0
2019-06-13,0.023300987,617.801853,25.74204176,145975142,93015606730.0,0.156936182,59.87,37230000,23451.0,46.87168884,36.49110031,5.28000021,0.0,0.0,0.0,0.0,0.0,0.0,0.0
2019-06-14,0.05362559,617.8335191,25.78113697,176483763,93015606730.0,0.189735647,61.36,37300000,23450.5,47.31365967,36.49110031,5.340000153,0.0,0.0,0.0,0.0,0.0,0.0,0.0
2019-06-17,0.027637908,617.7904879,25.7249805,176668664,93105464896.0,0.189751122,62.12,37450000,23455.5,46.29378891,35.86545944,5.480000019,0.0,0.0,0.0,0.0,0.0,0.0,0.0
2019-06-18,0.001355271,617.7863751,25.71102785,171207443,93237669232.0,0.183624756,60.9,37400000,23458.0,45.60334015,35.52531815,4.679999828,0.0,0.0,0.0,0.0,0.0,0.0,0.0
2019-06-19,0.010582741,617.8641774,25.66544003,144955977,93242679726.0,0.155460973,62.04,37600000,23456.0,46.98101044,36.37741852,5.050000191,0.0,0.0,0.0,0.0,0.0,0.0,0.0
2019-06-20,0.034457762,618.0502332,25.84426193,189187017,93249939407.0,0.202881651,62.51,38250000,23453.5,50.00185013,38.29101944,5.25,0.0,0.0,0.0,0.0,0.0,0.0,0.0
2019-06-21,-0.021645752,618.04008,25.85642082,215126001,93267939407.0,0.230653751,63.51,38900000,23448.5,52.80686188,39.45669174,5.380000114,0.0,0.0,0.0,0.0,0.0,0.0,0.0
2019-06-24,-0.031486941,617.9989585,25.76136842,153603789,93243939407.0,0.164733268,65.31,38775000,23447.5,51.84078979,38.50683975,4.480000019,0.0,0.0,0.0,0.0,0.0,0.0,0.0
2019-06-25,-0.066138768,617.9533177,25.69448691,171212137,93258439407.0,0.183588893,64.9,39150000,23446.0,49.88943863,37.14286041,4.5,0.0,0.0,0.0,0.0,0.0,0.0,0.0
2019-06-26,0.009036129,617.954585,25.6287674,254568123,93273295132.0,0.272927125,65.88,39000000,23448.5,50.03131866,37.91062164,5.300000191,0.0,0.0,0.0,0.0,0.0,0.0,0.0
2019-06-27,-0.044747113,617.7314267,25.60900271,168512237,93279693690.0,0.180652648,66.21,38925000,23453.5,46.36231995,35.50476074,4.760000229,0.0,0.0,0.0,0.0,0.0,0.0,0.0
2019-06-28,0.05714485,617.813341,25.75118454,195191727,93279693690.0,0.209254254,66.62,38925000,23454.0,47.65829086,35.8476181,4.730000019,0.0,0.0,0.0,0.0,0.0,0.0,0.0
2019-07-01,0.170440287,618.0754951,25.92309118,168480455,93289402817.0,0.180599779,66.12,38375000,23448.0,48.8823204,37.16577911,5.309999943,0.0,0.0,0.0,0.0,0.0,0.0,0.0
2019-07-02,-0.07449981,618.0372019,25.88040549,143058817,93332493770.0,0.153278683,65.01,38375000,23446.5,48.96319962,37.31856155,4.809999943,0.0,0.0,0.0,0.0,0.0,0.0,0.0
2019-07-03,0.031467052,618.0559916,25.86705219,131319150,93367437898.0,0.140647696,62.65,39250000,23449.0,49.27627945,37.62414169,5.619999886,0.0,0.0,0.0,0.0,0.0,0.0,0.0
2019-07-04,0.05071662,618.1654165,25.79712556,189067023,93377076662.0,0.202476914,63.63,38850000,23451.5,50.45259094,38.48358154,4.800000191,0.0,0.0,0.0,0.0,0.0,0.0,0.0
2019-07-05,0.088615898,618.261167,25.90027925,139179542,93385744961.0,0.149037246,63.35,38975000,23451.5,51.71364975,38.92477036,5.25,0.0,0.0,0.0,0.0,0.0,0.0,0.0
2019-07-08,0.000301968,618.205023,25.81216054,162306303,93375744961.0,0.173820624,64.17,38675000,23457.5,51.87606812,38.86777878,5.46999979,0.0,0.0,0.0,0.0,0.0,0.0,0.0
2019-07-09,0.107800415,618.2783843,25.91453111,176924337,93375744961.0,0.18947569,63.97,38675000,23460.0,51.96992874,38.65880966,5.360000134,0.0,0.0,0.0,0.0,0.0,0.0,0.0
2019-07-10,-0.012181266,618.3481672,25.96475675,152902451,93375744961.0,0.163749645,65.04,38725000,23460.5,50.81792068,37.7226181,5.369999886,0.0,0.0,0.0,0.0,0.0,0.0,0.0
2019-07-11,-0.002213872,618.3772435,25.95270421,173397919,93434862295.0,0.185581607,67.05,38750000,23453.0,51.59331894,38.50683975,5.369999886,0.0,0.0,0.0,0.0,0.0,0.0,0.0
2019-07-12,-0.043108135,618.287602,25.88356707,161195087,93438867271.0,0.172513957,67.01,38950000,23450.5,51.54507065,38.48049164,5.369999886,0.0,0.0,0.0,0.0,0.0,0.0,0.0
2019-07-15,0.006240449,618.2798886,25.84969019,156376885,93480627974.0,0.167282664,66.54,39125000,23452.5,52.45798111,39.11565018,5.400000095,0.0,0.0,0.0,0.0,0.0,0.0,0.0
2019-07-16,-0.025853513,618.2952824,25.7860993,178493018,93486860156.0,0.190928455,66.5,39125000,23452.0,52.2323494,39.13454056,5.590000153,0.0,0.0,0.0,0.0,0.0,0.0,0.0
2019-07-17,-0.022814718,618.2605001,25.72187788,184249867,93486860156.0,0.197086378,64.69,39150000,23455.0,53.81526947,40.04558945,5.539999962,0.0,0.0,0.0,0.0,0.0,0.0,0.0
2019-07-18,0.072921904,618.2088089,25.77557561,148470934,93486860156.0,0.158814762,63.83,39400000,23457.0,51.35240936,39.01832962,5.5,0.0,0.0,0.0,0.0,0.0,0.0,0.0
2019-07-19,0.03339125,618.2632407,25.94620539,177404244,93486860156.0,0.189763827,63.19,39800000,23454.5,49.90182877,37.82857132,5.099999905,0.0,0.0,0.0,0.0,0.0,0.0,0.0
2019-07-22,-0.113527762,618.1594913,25.77469223,172550332,93486834006.0,0.1845718,63.09,39550000,23459.5,49.6321106,37.55210114,5.340000153,0.0,0.0,0.0,0.0,0.0,0.0,0.0
2019-07-23,0.069467824,618.2266738,25.77279986,194585685,93487870164.0,0.208140034,63.45,39475000,23459.5,49.89207077,37.52355957,5.389999866,0.0,0.0,0.0,0.0,0.0,0.0,0.0
2019-07-24,-0.063293416,618.1938252,25.77155127,186495055,93489584164.0,0.199482174,64.18,39525000,23459.0,48.48717117,36.45124817,4.710000038,0.0,0.0,0.0,0.0,0.0,0.0,0.0
2019-07-25,0.034668642,618.2531373,25.84392494,178835083,93495759320.0,0.191276144,63.42,39615000,23457.0,48.16117859,36.5289917,5.489999771,0.0,0.0,0.0,0.0,0.0,0.0,0.0
2019-07-26,-0.020673377,618.1840191,25.84790948,162970730,93495745887.0,0.174308177,63.46,39545000,23460.5,49.13946152,36.54573059,4.619999886,0.0,0.0,0.0,0.0,0.0,0.0,0.0
2019-07-29,-0.061697888,618.1271638,25.80482212,151367912,93495745887.0,0.161898181,63.35,39595000,23464.0,47.66775894,35.50696945,5.389999866,0.0,0.0,0.0,0.0,0.0,0.0,0.0
2019-07-30,-0.116183911,617.9498943,25.75114774,163434692,93510601314.0,0.174776645,64.19,39510000,23464.0,45.91765976,34.41387177,5.190000057,0.0,0.0,0.0,0.0,0.0,0.0,0.0
2019-07-31,-0.040729403,618.0359468,25.72322308,187208532,93519563517.0,0.200181144,65.34,39700000,23457.5,45.09506989,34.03250122,5.440000057,0.0,0.0,0.0,0.0,0.0,0.0,0.0
2019-08-01,-0.010804431,618.0349368,25.79897077,227353642,93521417933.0,0.243103288,64.34,39395000,23460.5,46.19356155,34.45156097,5.170000076,0.0,0.0,0.0,0.0,0.0,0.0,0.0
2019-08-02,0.057101464,618.0159303,25.9506969,196072579,93521417933.0,0.209655268,61.95,39795000,23466.5,45.8345108,34.50490952,5.260000229,0.0,0.0,0.0,0.0,0.0,0.0,0.0
2019-08-05,0.043594887,617.9512256,25.918887,200963471,93521408133.0,0.214884993,61.1,39895000,23471.5,45.11397934,33.9380188,4.199999809,0.0,0.0,0.0,0.0,0.0,0.0,0.0
2019-08-06,-0.107979015,617.8313971,25.75873406,222154163,93521408074.0,0.237543647,60.21,40650000,23479.0,43.97668839,33.22653961,4.269999981,0.0,0.0,0.0,0.0,0.0,0.0,0.0
2019-08-07,0.067380554,617.9287015,25.84830768,225148749,93539286529.0,0.240699665,59.02,40950000,23480.5,45.06608963,33.98040009,5.139999866,0.0,0.0,0.0,0.0,0.0,0.0,0.0
2019-08-08,0.106489568,618.0370113,25.91958517,224392926,93542231185.0,0.239884086,57.63,41885000,23475.0,46.16487885,34.67498016,5.119999886,0.0,0.0,0.0,0.0,0.0,0.0,0.0
2019-08-09,0.063984063,618.0800543,25.99598902,197851648,93500808577.0,0.211604211,57.35,42150000,23472.5,47.53992081,35.35430145,5.400000095,0.0,0.0,0.0,0.0,0.0,0.0,0.0
2019-08-12,-0.029425493,618.1524729,26.06908983,175703828,93539088206.0,0.187840005,58.34,41500000,23471.5,47.61721039,35.18236923,5.539999962,0.0,0.0,0.0,0.0,0.0,0.0,0.0
2019-08-13,-0.004052931,618.0477041,25.99224534,187698316,93539088206.0,0.200662974,58.51,41925000,23477.0,46.73392868,34.65045929,5.340000153,0.0,0.0,0.0,0.0,0.0,0.0,0.0
2019-08-14,0.010287775,618.0779059,26.02232589,153003851,93544478206.0,0.163562675,61.0,41450000,23482.5,47.12934113,34.76443863,5.71999979,0.0,0.0,0.0,0.0,0.0,0.0,0.0
2019-08-15,-0.026540359,618.2042183,26.06311903,188394386,93766188192.0,0.200919318,59.19,41950000,23479.0,47.71221924,35.04938889,5.25,0.0,0.0,0.0,0.0,0.0,0.0,0.0
2019-08-16,-0.019884312,618.2517524,26.02567977,204186417,93780400031.0,0.217728243,58.66,41925000,23482.0,48.38360977,35.77112961,5.019999981,0.0,0.0,0.0,0.0,0.0,0.0,0.0
2019-08-19,0.027467312,618.2786847,26.08252811,161434783,93798040031.0,0.172108909,59.19,41625000,23483.0,49.24343109,36.99047852,5.25,0.0,0.0,0.0,0.0,0.0,0.0,0.0
2019-08-20,0.084085196,618.3676509,26.12108658,188735860,93799440141.0,0.201212139,59.85,41475000,23482.0,50.25611115,37.37585831,5.630000114,0.0,0.0,0.0,0.0,0.0,0.0,0.0
2019-08-21,-0.018800111,618.4549464,26.10072118,213335555,93799440141.0,0.227437983,60.45,41650000,23482.0,50.46334839,36.99047852,4.730000019,0.0,0.0,0.0,0.0,0.0,0.0,0.0
2019-08-22,0.047708332,618.4798011,26.13209721,157609180,93799440141.0,0.168027847,60.49,41550000,23479.5,50.70922089,36.93333054,5.480000019,0.0,0.0,0.0,0.0,0.0,0.0,0.0
2019-08-23,-0.002649492,618.4619571,26.04803668,167157005,93827402841.0,0.178153716,60.14,41600000,23485.5,51.09257889,37.12380981,5.619999886,0.0,0.0,0.0,0.0,0.0,0.0,0.0
2019-08-26,-0.100508857,618.333585,25.83448466,188319175,93994346151.0,0.200351598,58.56,42800000,23478.5,51.63891983,36.98707962,5.480000019,0.0,0.0,0.0,0.0,0.0,0.0,0.0
2019-08-27,0.032582246,618.3322101,25.8578356,204614847,94409917740.0,0.216730246,59.16,42600000,23487.0,51.06024933,36.49110031,5.980000019,0.0,0.0,0.0,0.0,0.0,0.0,0.0
2019-08-28,-0.03746916,618.3585051,25.83671902,151402989,94409917740.0,0.160367674,59.94,42650000,23486.5,48.73809814,35.20407867,5.400000095,0.0,0.0,0.0,0.0,0.0,0.0,0.0
2019-08-29,-0.051026199,618.2778355,25.75289945,142375775,94391029484.0,0.150836129,60.25,42600000,23488.5,47.9365387,35.06838989,5.630000114,0.0,0.0,0.0,0.0,0.0,0.0,0.0
2019-08-30,0.024065042,618.2802288,25.79039971,148985777,94406024641.0,0.157813845,61.16,42475000,23488.5,49.11011124,35.8279686,5.070000172,0.0,0.0,0.0,0.0,0.0,0.0,0.0
2019-09-03,-0.173707043,618.0965922,25.63665344,192447214,94407724641.0,0.203846894,58.79,42420000,23491.5,49.27164078,35.52481842,5.809999943,0.0,0.0,0.0,0.0,0.0,0.0,0.0
2019-09-04,-0.068692621,618.083888,25.60140661,159881724,94407724641.0,0.169352375,58.56,42800000,23495.0,48.07389069,35.03039932,4.920000076,0.0,0.0,0.0,0.0,0.0,0.0,0.0
2019-09-05,0.061916527,618.1453476,25.6756712,160694027,94471408541.0,0.170098053,61.12,42775000,23492.0,47.64231873,35.06838989,4.909999847,0.0,0.0,0.0,0.0,0.0,0.0,0.0
2019-09-06,-0.071534836,618.1059787,25.63696749,165744994,94472288955.0,0.175442975,61.06,42300000,23491.0,46.25939941,34.22856903,5.159999847,0.0,0.0,0.0,0.0,0.0,0.0,0.0
2019-09-09,-0.133905288,618.0758957,25.5815805,159037962,94472288955.0,0.168343504,62.05,42275000,23488.0,45.28689957,33.52381134,5.480000019,0.0,0.0,0.0,0.0,0.0,0.0,0.0
2019-09-10,-0.142551876,617.9501367,25.47967231,171658280,94472288955.0,0.181702256,63.05,41650000,23489.5,42.49071884,32.71081924,5.360000134,0.0,0.0,0.0,0.0,0.0,0.0,0.0
2019-09-11,-0.007923721,617.8814246,25.51312452,166512455,94477980091.0,0.176244724,62.76,41550000,23487.0,42.45093155,32.74285889,5.210000038,0.0,0.0,0.0,0.0,0.0,0.0,0.0
2019-09-12,0.0354391,617.9661908,25.6131432,150900141,94477875391.0,0.159720083,61.37,41575000,23491.0,43.69432831,33.63809967,4.679999828,0.0,0.0,0.0,0.0,0.0,0.0,0.0
2019-09-13,0.095142295,618.0553809,25.67456578,192853826,94478679391.0,0.204124176,62.74,41575000,23488.5,45.05023956,34.19453049,5.289999962,0.0,0.0,0.0,0.0,0.0,0.0,0.0
2019-09-16,0.084825697,618.1591843,25.77084978,202011776,94497535084.0,0.213774651,67.27,41475000,23487.0,46.80302048,35.18236923,5.369999886,0.0,0.0,0.0,0.0,0.0,0.0,0.0
2019-09-17,-0.036432332,618.2574016,25.78225723,240888751,94497535084.0,0.25491538,68.16,41675000,23489.5,46.94890976,35.16336823,5.25,0.0,0.0,0.0,0.0,0.0,0.0,0.0
2019-09-18,-0.036070982,618.2145249,25.85406362,194722371,94497511584.0,0.206060845,64.57,41750000,23493.5,47.33819962,35.61930084,4.429999828,0.0,0.0,0.0,0.0,0.0,0.0,0.0
2019-09-19,-0.025050148,618.1302516,25.80641469,197168525,94497511584.0,0.208649436,63.78,41700000,23495.5,48.14022064,35.77127838,5.28000021,0.0,0.0,0.0,0.0,0.0,0.0,0.0
2019-09-20,-0.013796592,618.0895457,25.85971932,212972383,94498176949.0,0.225371949,65.02,41800000,23493.0,46.62300873,34.89741898,5.039999962,0.0,0.0,0.0,0.0,0.0,0.0,0.0
2019-09-23,-0.076467819,618.0375192,25.69913925,218328317,94498176949.0,0.231039713,64.88,42050000,23490.5,47.31515884,35.31428909,4.329999924,0.0,0.0,0.0,0.0,0.0,0.0,0.0
2019-09-24,-0.032848438,617.9860617,25.60638248,168940308,94498176949.0,0.178776262,64.61,42130000,23497.5,47.62313843,35.67618942,5.360000134,0.0,0.0,0.0,0.0,0.0,0.0,0.0
2019-09-25,0.034797533,617.980311,25.59605381,181154293,94498470649.0,0.191700767,62.88,42425000,23494.5,47.61526871,35.75247955,4.630000114,0.0,0.0,0.0,0.0,0.0,0.0,0.0
2019-09-26,0.05744529,618.0665567,25.68733691,162004603,94501470648.0,0.171430774,62.41,42000000,23500.0,48.47254944,36.65261841,4.960000038,0.0,0.0,0.0,0.0,0.0,0.0,0.0
2019-09-27,-0.036868841,618.0848258,25.6639528,178903909,94674443809.0,0.188967478,62.33,42050000,23502.5,49.44215012,37.3271904,4.409999847,0.0,0.0,0.0,0.0,0.0,0.0,0.0
2019-09-30,0.077215224,618.0764469,25.67922135,177149938,94867484517.0,0.186734094,61.49,41800000,23503.0,51.77978897,37.90475845,4.849999905,0.0,0.0,0.0,0.0,0.0,0.0,0.0
2019-10-01,0.017775953,618.0684542,25.65327202,214954833,94867484517.0,0.226584308,59.79,41400000,23505.0,51.45503998,38.0190506,5.349999905,0.0,0.0,0.0,0.0,0.0,0.0,0.0
2019-10-02,-0.077400825,617.8956906,25.54291319,184270744,94867484517.0,0.19424015,59.43,41325000,23504.0,48.81676865,36.30475998,4.340000153,0.0,0.0,0.0,0.0,0.0,0.0,0.0
2019-10-03,0.027165876,617.9193108,25.59192691,196094876,94867484507.0,0.20670399,57.81,41700000,23503.0,48.26689148,35.9618988,5.269999981,0.0,0.0,0.0,0.0,0.0,0.0,0.0
2019-10-04,0.015006746,617.8208016,25.48078443,207681699,94874952748.0,0.218900451,58.01,41900000,23502.0,47.51110077,35.61904907,5.46999979,0.0,0.0,0.0,0.0,0.0,0.0,0.0
2019-10-07,0.0629168,617.8087613,25.49588432,187737414,94874952748.0,0.197878796,58.21,41910000,23500.0,46.58340836,35.522789,5.840000153,0.0,0.0,0.0,0.0,0.0,0.0,0.0
2019-10-08,0.077639016,617.8824714,25.55141229,178111543,94874952748.0,0.187732945,58.74,41700000,23501.0,46.82310104,35.907341,5.309999943,0.0,0.0,0.0,0.0,0.0,0.0,0.0
2019-10-09,-0.047932888,617.8505482,25.57318,183391406,94936553648.0,0.193172597,58.09,41825000,23500.5,46.50107956,35.54193878,5.059999943,0.0,0.0,0.0,0.0,0.0,0.0,0.0
2019-10-10,0.003589977,617.8263817,25.53177053,193689141,94936553648.0,0.204019562,58.22,41945000,23501.0,46.34954071,35.35044098,4.880000114,0.0,0.0,0.0,0.0,0.0,0.0,0.0
2019-10-11,0.041126178,617.9291862,25.60956094,171219764,94945416108.0,0.180334945,59.54,41805000,23499.5,49.2486496,36.30475998,5.389999866,0.0,0.0,0.0,0.0,0.0,0.0,0.0
2019-10-14,0.09251911,618.0311618,25.7600147,203726042,94965416108.0,0.214526562,60.31,41635000,23497.5,50.41537857,36.7675209,4.659999847,0.0,0.0,0.0,0.0,0.0,0.0,0.0
2019-10-15,0.047963032,618.0430638,25.80193559,186306538,94965416108.0,0.196183564,59.17,41635000,23497.5,50.23183823,36.63101959,4.829999924,0.0,0.0,0.0,0.0,0.0,0.0,0.0
2019-10-16,-0.010210862,618.0471861,25.83818934,193923806,94965416108.0,0.204204661,58.92,41585000,23501.0,49.70956039,36.03723145,5.409999847,0.0,0.0,0.0,0.0,0.0,0.0,0.0
2019-10-17,0.016737747,618.0308489,25.81050304,191135088,94965416108.0,0.201268099,59.06,41605000,23502.0,49.18975067,35.80952072,5.03000021,0.0,0.0,0.0,0.0,0.0,0.0,0.0
2019-10-18,-0.037682099,617.9350762,25.75559523,177196765,94965416108.0,0.186590837,59.73,41615000,23499.5,48.61513901,35.6762886,5.510000229,0.0,0.0,0.0,0.0,0.0,0.0,0.0
2019-10-21,0.014172167,617.8891805,25.74169982,204614344,94993097302.0,0.215399171,59.36,41615000,23499.0,48.08501816,34.99621964,5.460000038,0.0,0.0,0.0,0.0,0.0,0.0,0.0
2019-10-22,0.060530037,617.9568323,25.84934808,230902410,94993084302.0,0.243072863,59.12,41615000,23496.0,49.17749023,35.86545944,4.800000191,0.0,0.0,0.0,0.0,0.0,0.0,0.0
2019-10-23,-0.087404483,617.8927914,25.78007264,178952053,94993084302.0,0.188384296,59.48,41615000,23499.5,48.1982193,35.58200836,4.880000114,0.0,0.0,0.0,0.0,0.0,0.0,0.0
2019-10-24,0.041535856,618.0312521,25.88973757,155153521,95039836131.0,0.16325104,60.83,41650000,23500.0,49.06256104,36.28268051,5.090000153,0.0,0.0,0.0,0.0,0.0,0.0,0.0
2019-10-25,-0.051350295,618.0175519,25.86998731,172400591,95043659021.0,0.181390945,61.49,41740000,23500.0,49.30513,36.85713959,4.800000191,0.0,0.0,0.0,0.0,0.0,0.0,0.0
2019-10-28,-0.029432809,617.9574027,25.86865678,180775758,95046494263.0,0.190197187,62.04,41850000,23498.5,49.11174011,36.74285889,4.739999771,0.0,0.0,0.0,0.0,0.0,0.0,0.0
2019-10-29,0.00323078,617.948157,25.82241245,246714162,94998687183.0,0.259702707,61.63,41760000,23496.5,48.25305176,36.63346863,5.199999809,0.0,0.0,0.0,0.0,0.0,0.0,0.0
2019-10-30,-0.058855175,617.935953,25.81389691,246934292,94998924971.0,0.259933775,61.48,41740000,23494.5,49.35467911,37.08937836,4.570000172,0.0,0.0,0.0,0.0,0.0,0.0,0.0
2019-10-31,-0.09525013,617.8719275,25.68732977,224378510,95012098030.0,0.236157831,60.96,41790000,23494.5,47.502491,36.15591049,4.889999866,0.0,0.0,0.0,0.0,0.0,0.0,0.0
2019-11-01,0.083434343,618.0219052,25.76719903,231896200,95012098030.0,0.244070181,59.67,41980000,23491.0,47.21548843,35.58060074,4.630000114,0.0,0.0,0.0,0.0,0.0,0.0,0.0
2019-11-04,-0.031767799,618.0210386,25.75309398,231262346,95047298638.0,0.243312908,61.47,41970000,23489.5,46.83370972,35.46533966,5.150000095,0.0,0.0,0.0,0.0,0.0,0.0,0.0
2019-11-05,0.010587815,618.0670691,25.79763071,196989681,95650601319.0,0.205947143,62.16,41895000,23489.5,47.40961075,35.96390152,5.309999943,0.0,0.0,0.0,0.0,0.0,0.0,0.0
2019-11-06,0.140625674,618.1657252,25.9086967,223721567,95650368219.0,0.233895145,62.73,41665000,23486.5,48.20267105,36.63346863,5.21999979,0.0,0.0,0.0,0.0,0.0,0.0,0.0
2019-11-07,-0.070165644,618.1326616,25.89696907,190247086,95652708691.0,0.198893569,61.88,41745000,23489.0,47.93289185,36.28878021,5.360000134,0.0,0.0,0.0,0.0,0.0,0.0,0.0
2019-11-08,0.033106095,618.1549943,25.91731653,182961272,95682399879.0,0.191217269,62.27,41390000,23488.5,48.43582916,36.50154114,5.360000134,0.0,0.0,0.0,0.0,0.0,0.0,0.0
2019-11-11,-0.046206584,618.0521831,25.90622561,208399843,95682399879.0,0.217803737,62.06,41430000,23487.0,47.58147049,35.90629959,5.539999962,0.0,0.0,0.0,0.0,0.0,0.0,0.0
2019-11-12,0.054432302,618.0959749,25.93961998,211783091,95682399879.0,0.221339652,61.96,41335000,23491.5,48.79634857,36.67435074,4.849999905,0.0,0.0,0.0,0.0,0.0,0.0,0.0
2019-11-13,-0.139856238,617.9093093,25.76927383,278996641,95663399879.0,0.291644078,61.95,41230000,23491.5,47.21994019,35.44618988,5.730000019,0.0,0.0,0.0,0.0,0.0,0.0,0.0
2019-11-14,-0.006643508,617.9418905,25.69796759,199867167,95682399879.0,0.208886031,62.84,41290000,23494.5,46.77576065,35.23424911,5.369999886,0.0,0.0,0.0,0.0,0.0,0.0,0.0
2019-11-15,-0.022654178,617.9160958,25.70261662,207549306,95682399879.0,0.216914821,62.61,41345000,23494.0,46.07590103,35.19163895,5.230000019,0.0,0.0,0.0,0.0,0.0,0.0,0.0
2019-11-18,-0.021160753,617.7917183,25.58980074,176745359,95682353785.0,0.184720956,63.43,41360000,23494.0,46.13357925,34.94623947,5.150000095,0.0,0.0,0.0,0.0,0.0,0.0,0.0
2019-11-19,-0.059676246,617.775493,25.56936848,222493792,95682353785.0,0.232533778,62.43,41300000,23489.5,45.50011826,35.05968094,5.900000095,0.0,0.0,0.0,0.0,0.0,0.0,0.0
2019-11-20,0.051956035,617.7471949,25.55364932,204798343,95682353785.0,0.214039825,60.99,41410000,23491.5,46.80529022,35.65621185,5.03000021,0.0,0.0,0.0,0.0,0.0,0.0,0.0
2019-11-21,0.015450072,617.6976199,25.5631,210009920,95682353785.0,0.219486574,62.37,41510000,23496.0,45.6160202,35.19163895,4.920000076,0.0,0.0,0.0,0.0,0.0,0.0,0.0
2019-11-22,-0.164792668,617.4887967,25.37694815,229159604,95682353785.0,0.239500383,63.71,41485000,23498.0,44.09981155,34.3822403,4.46999979,0.0,0.0,0.0,0.0,0.0,0.0,0.0
2019-11-25,-0.069306879,617.4242186,25.26831816,182528324,95682353785.0,0.190764876,63.58,41335000,23499.5,43.22713852,33.65422058,5.110000134,0.0,0.0,0.0,0.0,0.0,0.0,0.0
2019-11-26,-0.011969106,617.396494,25.30614495,184800982,95682353785.0,0.193140088,63.75,41185000,23501.0,43.40866089,33.63496017,5.300000191,0.0,0.0,0.0,0.0,0.0,0.0,0.0
2019-11-27,0.057361884,617.4143356,25.3477134,188099439,95682353785.0,0.196587387,63.98,41315000,23501.0,44.01092148,33.73656082,6.159999847,0.0,0.0,0.0,0.0,0.0,0.0,0.0
2019-11-28,-0.077796818,617.2959789,25.27450804,186490126,95682346785.0,0.194905468,63.97,41255000,23501.5,42.76501083,32.91091156,5.400000095,0.0,0.0,0.0,0.0,0.0,0.0,0.0
2019-11-29,-0.013226748,617.2824804,25.23651144,164689845,95682336785.0,0.17212147,63.2,41215000,23503.5,43.92779922,33.53121185,4.96999979,0.0,0.0,0.0,0.0,0.0,0.0,0.0
2019-12-02,-0.050315547,617.1332732,25.19356337,209580738,95682336785.0,0.219038064,61.21,41340000,23501.0,42.12213898,32.45008087,5.099999905,0.0,0.0,0.0,0.0,0.0,0.0,0.0
2019-12-03,-0.072124156,616.9810978,25.07937938,265080813,95682336785.0,0.277042579,61.15,41310000,23488.0,42.50514984,32.36190033,5.110000134,0.0,0.0,0.0,0.0,0.0,0.0,0.0
2019-12-04,0.051825761,617.1302672,25.21168197,206905495,95704976950.0,0.216190946,61.12,41415000,23489.5,44.08591843,33.44070053,5.619999886,0.0,0.0,0.0,0.0,0.0,0.0,0.0
2019-12-05,-0.04579748,617.0456822,25.1775619,195197070,95704976950.0,0.203957073,63.04,41480000,23493.5,44.08839035,33.69524002,4.690000057,0.0,0.0,0.0,0.0,0.0,0.0,0.0
2019-12-06,-0.085839232,616.9487707,25.08330546,169437719,95726581061.0,0.177001745,63.33,41480000,23492.0,45.26853943,34.33919144,4.690000057,0.0,0.0,0.0,0.0,0.0,0.0,0.0
2019-12-09,0.093537573,617.0496704,25.24143421,260399220,95732253525.0,0.272007824,64.25,41350000,23493.5,45.12517929,34.56529999,5.690000057,0.0,0.0,0.0,0.0,0.0,0.0,0.0
2019-12-10,-0.041315071,616.924406,25.1380056,239131193,95732253525.0,0.249791668,64.23,41310000,23491.5,44.4531517,34.7104187,5.730000019,0.0,0.0,0.0,0.0,0.0,0.0,0.0
2019-12-11,0.003999281,616.8655788,25.16192798,213480378,95731753525.0,0.222998504,64.05,41310000,23491.5,45.72718811,35.09819031,4.849999905,0.0,0.0,0.0,0.0,0.0,0.0,0.0
2019-12-12,0.037227227,616.8836607,25.25965837,216849999,95731753525.0,0.226518361,64.03,41385000,23492.5,48.69104004,36.87258911,5.21999979,0.0,0.0,0.0,0.0,0.0,0.0,0.0
2019-12-13,0.081097153,616.938444,25.20875351,214895819,95731753525.0,0.224477053,64.74,41345000,23490.0,49.56504822,37.31227875,5.690000057,0.0,0.0,0.0,0.0,0.0,0.0,0.0
2019-12-16,0.095560776,617.0028642,25.24647233,282167724,95671744425.0,0.294933186,65.1,41415000,23487.5,49.41716003,36.77035141,6.079999924,0.0,0.0,0.0,0.0,0.0,0.0,0.0
2019-12-17,-0.05965204,616.9277252,25.13945113,282299315,95671744425.0,0.29507073,65.87,41480000,23491.0,47.70890045,36.50579071,4.789999962,0.0,0.0,0.0,0.0,0.0,0.0,0.0
2019-12-18,-0.096744107,616.7903231,24.99054911,331840304,95671744425.0,0.346852988,65.87,41510000,23489.0,47.52927017,36.73469162,5.599999905,0.0,0.0,0.0,0.0,0.0,0.0,0.0
2019-12-19,-0.057234099,616.7816217,25.01955741,220579644,95705370050.0,0.230477813,66.19,41525000,23491.5,46.83251953,36.33037949,5.880000114,0.0,0.0,0.0,0.0,0.0,0.0,0.0
2019-12-20,0.109427156,616.8249102,25.08585489,244972947,95648870050.0,0.256116927,66.67,41530000,23490.0,49.66592026,37.56256866,5.960000038,0.0,0.0,0.0,0.0,0.0,0.0,0.0
2019-12-23,-0.037209508,616.7096968,25.03088193,242784709,95648870050.0,0.253829145,65.04,41545000,23489.5,50.8805809,37.86481857,4.829999924,0.0,0.0,0.0,0.0,0.0,0.0,0.0
2019-12-24,-0.020723005,616.718405,25.06838497,224615358,95697594547.0,0.234713693,65.59,41545000,23492.0,49.01491928,36.93050003,5.590000153,0.0,0.0,0.0,0.0,0.0,0.0,0.0
2019-12-25,0.017061741,616.7298705,25.11861325,251362326,95697594525.0,0.26266316,66.01,41910000,23491.5,49.16981125,37.19676971,5.690000057,0.0,0.0,0.0,0.0,0.0,0.0,0.0
2019-12-26,-0.042192119,616.76184,25.07710069,274759787,95704883955.0,0.287090664,66.4,41965000,23491.0,48.66613007,37.13121033,5.380000114,0.0,0.0,0.0,0.0,0.0,0.0,0.0
2019-12-27,-0.015158249,616.7489178,25.12319421,184642987,95704883955.0,0.192929534,66.84,42160000,23494.5,47.84563828,36.7760582,5.110000134,0.0,0.0,0.0,0.0,0.0,0.0,0.0
2019-12-30,-0.053074224,616.7289817,25.10333605,188985748,95707122955.0,0.197462573,67.04,42300000,23493.5,48.62065125,37.21601868,4.96999979,0.0,0.0,0.0,0.0,0.0,0.0,0.0
2019-12-31,0.012359048,616.6965923,25.14781547,188898594,95755994583.0,0.197270776,66.59,42300000,23487.5,48.72455978,36.72922134,4.639999866,0.0,0.0,0.0,0.0,0.0,0.0,0.0
2020-01-02,0.081925165,616.8330108,27.49575826,205804140,95755994583.0,0.214925594,66.36,42525000,23485.0,48.05603027,36.94316101,5.380000114,0.0,0.0,0.0,0.0,0.0,0.0,0.0
2020-01-03,0.104409703,616.928411,27.59442915,172441374,95755994583.0,0.180084155,66.95,42705000,23488.5,47.89464951,36.75912094,5.570000172,0.0,0.0,0.0,0.0,0.0,0.0,0.0
2020-01-06,-0.180915687,616.7691948,27.46269249,184574775,95755994583.0,0.192755321,70.2,44025000,23493.5,46.41820908,35.84725952,5.570000172,0.0,0.0,0.0,0.0,0.0,0.0,0.0
2020-01-07,0.016234122,616.8121466,27.41156853,180734333,95759616230.0,0.188737529,68.61,43855000,23497.0,47.69309998,36.60713959,5.349999905,0.0,0.0,0.0,0.0,0.0,0.0,0.0
2020-01-08,-0.150387339,616.6489512,27.17798447,283998747,95884178865.0,0.296189372,68.61,44450000,23492.5,46.6777916,35.88526154,5.260000229,0.0,0.0,0.0,0.0,0.0,0.0,0.0
2020-01-09,0.064718852,616.7397487,27.25845214,169423836,95959178865.0,0.176558239,68.61,43700000,23496.5,48.17618942,37.21504974,5.480000019,0.0,0.0,0.0,0.0,0.0,0.0,0.0
2020-01-10,-0.051395062,616.7341732,27.2145689,232200844,95959178865.0,0.241978773,65.26,43175000,23493.0,47.248909,36.9174881,5.130000114,0.0,0.0,0.0,0.0,0.0,0.0,0.0
2020-01-13,-0.096539125,616.6622903,27.18344677,151922285,95960038697.0,0.158318282,65.11,43350000,23491.0,46.81607819,36.59281921,4.710000038,0.0,0.0,0.0,0.0,0.0,0.0,0.0
2020-01-14,0.041106774,616.6627299,27.25484885,195608451,95941668697.0,0.203882686,64.66,42800000,23488.5,47.12181854,36.79999924,5.119999886,0.0,0.0,0.0,0.0,0.0,0.0,0.0
2020-01-15,0.025074316,616.6869824,27.24845771,154125017,96192925287.0,0.160224899,64.4,43125000,23489.0,46.2405014,36.32707977,5.269999981,0.0,0.0,0.0,0.0,0.0,0.0,0.0
2020-01-16,-0.081591947,616.6572732,27.24483546,203740505,96192925287.0,0.211804043,64.56,43125000,23488.0,46.32685852,36.44197845,4.690000057,0.0,0.0,0.0,0.0,0.0,0.0,0.0
2020-01-17,0.051878774,616.7387261,27.25358753,171690451,96199674714.0,0.178473006,64.7,43125000,23488.5,46.33057022,36.05805969,5.409999847,0.0,0.0,0.0,0.0,0.0,0.0,0.0
2020-01-20,-0.005224265,616.7030014,27.24834023,155670715,96199674714.0,0.161820417,65.1,43500000,23487.5,46.65415955,35.80978012,4.960000038,0.0,0.0,0.0,0.0,0.0,0.0,0.0
2020-01-21,0.046587718,616.763247,27.29589082,158035294,96209674714.0,0.164261333,65.05,43775000,23489.0,47.49200058,36.84109879,5.360000134,0.0,0.0,0.0,0.0,0.0,0.0,0.0
2020-01-22,0.249628947,617.0253241,27.53529595,151887696,96234474711.0,0.157830857,64.49,43475000,23495.0,49.87010956,37.21105957,4.429999828,0.0,0.0,1.0,0.0,0.0,0.0,0.0
2020-01-30,-0.37209806,616.4496865,26.8674497,202852007,96270806095.0,0.210709783,59.6,43525000,23503.0,46.45851135,36.0381012,5.409999847,0.0,2.0,1.0,0.0,0.0,0.0,0.0
2020-01-31,-0.260344972,615.9814128,26.47520913,271895695,96270806095.0,0.282427982,59.27,44700000,23508.5,44.44886017,35.41194153,4.869999886,0.0,2.0,1.0,0.0,0.0,0.0,0.0
2020-02-03,-0.410566245,615.5789748,25.84100573,301771101,96271806095.0,0.313457401,55.86,44350000,23511.0,40.83494186,33.67346954,4.869999886,2.0,8.0,1.0,0.0,0.0,0.0,0.0
2020-02-04,0.008717078,615.5086291,25.90269717,202350773,96271806095.0,0.21018695,54.7,44000000,23513.5,42.37070847,34.82614899,4.889999866,0.0,8.0,1.0,0.0,0.0,0.0,0.0
2020-02-05,0.075863682,615.5402288,25.96875076,200374612,96275766095.0,0.2081257,54.5,43500000,23508.5,41.13024139,34.2364502,4.889999866,0.0,8.0,1.0,0.0,0.0,0.0,0.0
2020-02-06,0.138353181,615.77275,26.07369622,222568309,96283867090.0,0.231158465,55.95,43625000,23511.0,43.26840973,36.0381012,4.849999905,2.0,10.0,1.0,0.0,0.0,0.0,0.0
2020-02-07,0.106117048,615.8852395,26.28841538,196185669,96283867065.0,0.203757571,55.37,43800000,23511.0,44.36645126,36.93333054,4.619999886,0.0,10.0,1.0,0.0,0.0,0.0,0.0
2020-02-10,-0.001848341,615.8245658,26.22792525,163439940,96305303925.0,0.169710217,54.53,44025000,23516.0,43.55139923,36.28419113,5.019999981,1.0,14.0,1.0,0.0,0.0,0.0,0.0
2020-02-11,0.036135322,615.882063,26.23208182,173127071,96305303925.0,0.179768989,54.83,44025000,23519.5,43.73749924,37.5,4.349999905,1.0,15.0,1.0,0.0,0.0,0.0,0.0
2020-02-12,0.165586006,616.0041775,26.36652149,241093243,96348561364.0,0.250230247,56.07,44025000,23519.5,45.62039185,38.91625977,4.989999771,0.0,15.0,1.0,0.0,0.0,0.0,0.0
2020-02-13,0.08773419,616.0995029,26.35092928,193272842,96348561364.0,0.200597538,57.07,44075000,23513.5,45.70254135,38.85110092,4.760000229,1.0,16.0,1.0,0.0,0.0,0.0,0.0
2020-02-14,0.099588171,616.2141536,26.35756615,213147496,96348561364.0,0.221225406,56.25,44255000,23518.0,45.65420151,38.92668152,4.670000076,0.0,16.0,1.0,0.0,0.0,0.0,0.0
2020-02-17,-0.14475711,616.0448112,26.11360948,189140230,96436705348.0,0.19612888,57.18,44225000,23520.0,44.15205002,37.72555923,4.860000134,0.0,16.0,1.0,0.0,0.0,0.0,0.0
2020-02-18,0.033050881,616.0796173,26.05306638,202352017,96436705348.0,0.209828837,57.08,44225000,23517.5,42.44636154,36.48294067,4.960000038,0.0,16.0,1.0,0.0,0.0,0.0,0.0
2020-02-19,-0.001913181,616.1260971,26.00477674,199267013,96436705348.0,0.206629843,57.73,44875000,23525.0,45.85800171,38.13909912,4.579999924,0.0,16.0,1.0,0.0,0.0,0.0,0.0
2020-02-20,0.17262747,616.2463731,26.08570121,202868120,96436705348.0,0.21036401,59.63,44875000,23528.0,50.49729156,40.46363068,5.039999962,0.0,16.0,1.0,0.0,0.0,0.0,0.0
2020-02-21,-0.038011886,616.2313776,26.03468486,212426460,96436705348.0,0.220275526,59.09,45100000,23530.5,54.73960876,41.55672836,4.929999828,0.0,16.0,1.0,0.0,0.0,0.0,0.0
2020-02-24,-0.431652745,615.6812531,25.42524467,319006178,96436705348.0,0.330793319,56.78,48400000,23530.5,49.11603928,39.75563812,4.829999924,0.0,16.0,1.0,0.0,0.0,0.0,0.0
2020-02-25,0.017433615,615.7489409,25.37807155,240953188,96436705348.0,0.249856304,56.63,47150000,23533.5,49.47703171,40.02624893,4.71999979,0.0,16.0,1.0,0.0,0.0,0.0,0.0
2020-02-26,-0.080380865,615.6150444,25.21853181,179577309,96436705348.0,0.186212613,55.41,46950000,23530.5,45.8132515,37.57030106,5.179999828,0.0,16.0,1.0,0.0,0.0,0.0,0.0
2020-02-27,0.12710049,615.7097172,25.31651855,181363550,96436705348.0,0.188064855,52.79,46550000,23528.0,46.5450592,38.57143021,4.360000134,0.0,16.0,1.0,0.0,0.0,0.0,0.0
2020-02-28,-0.13719419,615.4540836,25.08526776,280023773,96436705348.0,0.290370531,50.93,46300000,23523.0,45.13727951,38.00751877,4.21999979,0.0,16.0,1.0,0.0,0.0,0.0,0.0
2020-03-02,-0.028322657,615.5155602,24.89471573,270620856,96687646197.0,0.279891865,45.22,45750000,23520.5,44.5198288,37.44816971,5.349999905,0.0,16.0,1.0,0.0,0.0,0.0,0.0
2020-03-03,0.154531359,615.6928389,25.12220646,264713856,96751956778.0,0.273600519,53.15,46000000,23515.0,44.38571167,37.04887009,4.510000229,0.0,16.0,1.0,0.0,0.0,0.0,0.0
2020-03-04,0.019102164,615.6632523,25.1331881,294025061,96752452964.0,0.303894167,52.46,47075000,23512.5,44.97901154,37.51879883,5.019999981,0.0,16.0,1.0,0.0,0.0,0.0,0.0
2020-03-05,0.095420024,615.7339011,25.35420006,303274550,96752452964.0,0.31345412,51.87,46700000,23512.0,45.74628067,37.74436188,4.900000095,0.0,16.0,1.0,0.0,0.0,0.0,0.0
2020-03-06,0.016699676,615.7025587,25.38319074,232996653,96775663816.0,0.24075955,49.86,46700000,23509.0,46.66292953,38.08271027,4.96999979,0.0,16.0,1.0,0.0,0.0,0.0,0.0
2020-03-09,-0.778197379,614.7269313,24.30831852,330030676,96775660716.0,0.341026528,34.24,47775000,23508.0,38.75439835,35.82706833,4.929999828,0.0,30.0,1.0,0.0,0.0,0.0,0.0
2020-03-10,-0.017633413,614.6051357,24.3740891,298960050,96775660716.0,0.308920702,36.33,47425000,23505.5,39.19422913,36.26084137,4.079999924,1.0,31.0,1.0,0.0,0.0,0.0,0.0
2020-03-11,-0.283415245,614.0872083,23.96030243,346191444,96775660716.0,0.357725735,38.42,47150000,23509.5,36.7105217,34.11233139,3.920000076,7.0,38.0,1.0,0.0,0.0,0.0,0.0
2020-03-12,-0.721702601,613.2224468,23.10844438,363693567,96775663123.0,0.375810979,33.81,46950000,23509.0,33.60276031,32.84960175,4.5,1.0,39.0,1.0,0.0,0.0,0.0,0.0
2020-03-13,-0.388829675,612.8528804,22.59846969,379506005,96775663070.0,0.39215025,32.64,46200000,23516.5,34.67189026,33.94271088,4.309999943,8.0,47.0,1.0,0.0,0.0,0.0,0.0
2020-03-16,0.006544806,612.8016422,22.51463065,297516918,96775663070.0,0.30742948,32.79,46350000,23522.0,33.87921906,32.87593842,3.920000076,5.0,61.0,1.0,0.0,0.0,0.0,0.0
2020-03-17,0.164320926,612.8244254,22.56485873,294539274,96776409902.0,0.304350279,30.67,45800000,23524.5,35.45038986,34.39849854,4.849999905,5.0,66.0,1.0,0.0,0.0,0.0,0.0
2020-03-18,0.159247932,612.8603772,22.65301465,264033914,96805209902.0,0.272747628,28.93,46050000,23527.0,35.54150009,34.05010986,3.609999895,9.0,75.0,1.0,0.0,0.0,0.0,0.0
2020-03-19,-0.366350529,612.3094294,22.22513514,330314412,96805209902.0,0.341215532,26.37,45450000,23532.0,34.8786087,33.569561,4.690000057,10.0,85.0,1.0,0.0,0.0,0.0,0.0
2020-03-20,-0.055976301,612.241926,22.27908732,235133576,96805209902.0,0.242893514,28.45,46175000,23537.5,34.4383812,32.88690186,4.53000021,6.0,91.0,1.0,0.0,0.0,0.0,0.0
2020-03-23,-0.847105568,611.2053254,21.38159599,305752044,96804817341.0,0.315843831,26.35,46050000,23541.0,30.05603981,29.89211082,4.849999905,10.0,123.0,1.0,0.0,0.0,0.0,0.0
2020-03-24,-0.016144707,611.1322565,21.3321565,253627150,96804751341.0,0.261998659,27.98,46050000,23541.5,29.73703003,29.46429062,5.050000191,11.0,134.0,1.0,0.0,0.0,0.0,0.0
2020-03-25,0.331802233,611.700404,21.77012534,275158633,96854751341.0,0.284094099,28.06,46925000,23412.5,32.16204071,31.6566906,3.650000095,7.0,141.0,1.0,0.0,0.0,0.0,0.0
2020-03-26,-0.113233201,611.5384226,21.67604886,224443232,96854739541.0,0.231731801,27.15,47100000,23412.5,31.21528053,30.83395958,2.849999905,12.0,153.0,1.0,0.0,0.0,0.0,0.0
2020-03-27,-0.191354035,611.4168664,21.62363753,248932375,96854739541.0,0.257016204,25.13,47700000,23412.5,34.71178818,32.04027939,4.96999979,10.0,163.0,1.0,0.0,0.0,0.0,0.0
2020-03-30,-0.532257979,610.8138256,21.18482478,229902570,96854739541.0,0.237368425,23.32,47700000,23412.5,31.42227936,29.37336922,4.360000134,15.0,203.0,1.0,0.0,0.0,0.0,0.0
2020-03-31,-0.025676546,610.801708,21.14827626,260385522,96857960775.0,0.26883234,23.05,47700000,23412.5,32.5605011,30.54829979,4.440000057,9.0,212.0,1.0,0.0,0.0,0.0,0.0
2020-04-01,0.212204708,611.110939,21.40506909,240339011,96857960775.0,0.248135527,26.08,47560000,23412.5,37.7015419,34.75563812,5.139999866,6.0,218.0,1.0,0.0,0.0,0.0,0.0
2020-04-03,0.414268046,611.5915512,21.68497535,249611608,96861352565.0,0.257699899,29.31,47550000,23412.5,41.3850708,37.73902893,4.039999962,4.0,237.0,1.0,0.0,0.0,0.0,0.0
2020-04-06,0.549318839,612.2738125,22.42579104,365065859,96862240565.0,0.376891818,32.67,47500000,23412.5,45.5454216,40.70116043,3.660000086,4.0,245.0,1.0,0.0,0.0,0.0,0.0
2020-04-07,0.130312302,612.4161024,22.55247658,316839813,96892239766.0,0.327002259,33.92,47600000,23412.5,45.68265915,40.51982117,4.059999943,4.0,249.0,1.0,0.0,0.0,0.0,0.0
2020-04-08,0.014359584,612.4473199,22.53148895,250302559,96892239766.0,0.258330863,32.68,47500000,23412.5,44.934021,39.72628021,4.170000076,2.0,251.0,1.0,0.0,0.0,0.0,0.0
2020-04-09,0.243942804,612.78745,22.80226647,304134249,96902868870.0,0.313854742,33.76,47500000,23412.5,48.79080963,42.68841171,4.610000134,4.0,255.0,1.0,0.0,0.0,0.0,0.0
2020-04-10,0.018270685,612.8783736,22.94667542,369903272,96912775454.0,0.381686801,31.89,47500000,23412.5,49.70269012,43.41957092,4.5,2.0,257.0,1.0,0.0,0.0,0.0,0.0
2020-04-13,0.193084304,613.0837253,23.24346949,228542667,96912775454.0,0.235823054,33.09,47500000,23412.5,57.09679031,46.54076004,4.599999905,3.0,265.0,1.0,0.0,0.0,0.0,0.0
2020-04-14,0.019189009,613.0881967,23.18384514,282380578,96912775454.0,0.29137601,31.74,48200000,23412.5,57.3468895,46.52206039,4.440000057,1.0,266.0,1.0,0.0,0.0,0.0,0.0
2020-04-15,0.234751648,613.2531605,23.42763563,296668193,96912775454.0,0.306118767,29.94,48200000,23412.5,56.33375168,46.12939072,4.559999943,1.0,267.0,1.0,0.0,0.0,0.0,0.0
2020-04-16,0.104632417,613.4328786,23.6074019,254121275,96912775454.0,0.262216487,28.57,47925000,23412.5,58.22492981,47.56917953,4.849999905,1.0,268.0,1.0,0.0,0.0,0.0,0.0
2020-04-17,0.335688893,613.7400368,23.99733339,305098309,97020657383.0,0.314467369,28.39,47850000,23412.5,61.36743927,50.33570099,4.070000172,0.0,268.0,1.0,0.0,0.0,0.0,0.0
2020-04-20,0.228348276,614.0156158,24.2716226,358346142,97020657383.0,0.369350355,27.65,47750000,23412.5,67.63813782,53.31966019,4.099999905,0.0,268.0,1.0,0.0,0.0,0.0,0.0
2020-04-21,-0.400268525,613.3819922,23.73340972,415645326,97020582633.0,0.428409431,28.65,47725000,23412.5,64.12940979,51.71577835,4.590000153,0.0,268.0,1.0,0.0,0.0,0.0,0.0
2020-04-22,0.154607325,613.5713234,23.92057356,266888944,97020582633.0,0.27508487,18.77,47725000,23412.5,62.96485901,50.804039,4.150000095,0.0,268.0,1.0,0.0,0.0,0.0,0.0
2020-04-23,0.086521876,613.6945298,24.05813782,215382163,97024014748.0,0.221988508,21.0,48025000,23412.5,61.44689941,49.28759003,3.789999962,0.0,268.0,1.0,0.0,0.0,0.0,0.0
2020-04-24,0.091098232,613.7594551,24.14112158,273883950,97024014748.0,0.282284701,21.93,48075000,23412.5,58.16926956,47.06766891,4.78000021,2.0,270.0,1.0,0.0,0.0,0.0,0.0
2020-04-27,0.127803859,613.8156539,24.15408457,310901332,97024014748.0,0.320437505,21.02,48325000,23412.5,58.17802811,47.03007889,4.670000076,0.0,270.0,1.0,0.0,0.0,0.0,0.0
2020-04-28,-0.021699356,613.7257885,24.06986353,216492722,97024014748.0,0.223133131,19.2,48125000,23412.5,58.21035004,46.89849854,3.829999924,0.0,270.0,1.0,0.0,0.0,0.0,0.0
2020-04-29,0.138533486,613.8474561,24.23192864,242046225,97014259318.0,0.249495514,19.2,48250000,23412.5,57.48722076,46.15673065,4.190000057,0.0,270.0,1.0,0.0,0.0,0.0,0.0
2020-05-04,-0.13190899,613.5930387,24.03269196,332125922,97013619318.0,0.34234979,25.78,48000000,23412.5,55.84183884,45.33182907,4.460000038,0.0,271.0,1.0,0.0,0.0,0.0,0.0
2020-05-05,-0.002819413,613.6584364,24.03456538,234761871,97013619318.0,0.241988571,28.25,48025000,23412.5,55.27967834,44.6194191,4.21999979,0.0,271.0,1.0,0.0,0.0,0.0,0.0
2020-05-06,0.109964979,613.9231333,24.19200725,259933821,97012802418.0,0.267937648,30.98,48050000,23412.5,56.85477829,46.20301056,3.559999943,0.0,271.0,1.0,0.0,0.0,0.0,0.0
2020-05-07,0.068916252,614.1184426,24.37542164,243952075,97012802418.0,0.251463795,29.86,47950000,23412.5,55.81515121,45.30075073,4.059999943,17.0,288.0,1.0,0.0,0.0,0.0,0.0
2020-05-08,0.166391417,614.3595484,24.56004807,378976645,97017742974.0,0.39062612,29.88,47950000,23412.5,56.30376053,45.48181152,4.019999981,0.0,288.0,1.0,0.0,0.0,0.0,0.0
2020-05-11,0.189462874,614.6322062,24.72706521,320215804,97315936890.0,0.329047651,29.88,48025000,23412.5,55.06927109,44.9248085,4.429999828,0.0,288.0,1.0,0.0,0.0,0.0,0.0
2020-05-12,0.175349375,614.8446701,25.0452199,318392152,97315936890.0,0.327173701,29.88,47975000,23412.5,55.29973984,44.96240997,4.650000095,0.0,288.0,1.0,0.0,0.0,0.0,0.0
2020-05-13,0.130670876,614.9549752,25.16419858,366690967,97315936890.0,0.376804641,29.53,48150000,23412.5,62.19906998,47.50656128,3.980000019,0.0,288.0,1.0,0.0,0.0,0.0,0.0
2020-05-14,-0.029318785,614.8600202,25.06517204,344714241,97330100973.0,0.354170228,29.16,48275000,23412.5,61.00931168,46.66415024,4.599999905,24.0,312.0,1.0,0.0,0.0,0.0,0.0
2020-05-15,-0.096199751,614.721504,24.92071825,379311927,97330100973.0,0.389716977,31.3,48450000,23412.5,58.83784866,44.76940155,4.019999981,2.0,314.0,1.0,0.0,0.0,0.0,0.0
2020-05-18,0.203637036,614.9313573,25.07656239,255636520,97330100973.0,0.262648983,33.77,48875000,23412.5,59.32041168,45.14435959,3.839999914,4.0,324.0,1.0,0.0,0.0,0.0,0.0
2020-05-19,0.088927592,615.0858484,25.22976649,340783419,97309010073.0,0.350207467,34.76,48750000,23412.5,58.75669098,45.35057831,4.619999886,0.0,324.0,1.0,0.0,0.0,0.0,0.0
2020-05-20,0.102115937,615.2096766,25.29845575,273093323,97309010073.0,0.280645464,34.53,48800000,23412.5,59.1925087,45.57555008,3.599999905,0.0,324.0,1.0,0.0,0.0,0.0,0.0
2020-05-21,0.019250812,615.3993188,25.35740604,368396495,97411187081.0,0.37818705,36.01,48725000,23412.5,58.46110153,44.93812943,3.700000048,0.0,324.0,1.0,0.0,0.0,0.0,0.0
2020-05-22,-0.061956715,615.2932454,25.26698664,308657327,97411187081.0,0.316860246,35.28,48625000,23412.5,59.89112854,44.93812943,4.039999962,0.0,324.0,1.0,0.0,0.0,0.0,0.0
2020-05-25,0.05883762,615.3767753,25.30755398,312241915,97409687081.0,0.320545034,34.85,48625000,23412.5,60.82117081,45.54973984,3.180000067,1.0,326.0,1.0,0.0,0.0,0.0,0.0
2020-05-26,0.204057043,615.584943,25.47582668,349942275,97409687081.0,0.35924792,35.91,48700000,23412.5,61.09572983,45.85974884,4.0,1.0,327.0,1.0,0.0,0.0,0.0,0.0
2020-05-27,-0.063246495,615.4381589,25.42323583,417203657,97409687081.0,0.428297913,35.77,48550000,23412.5,58.72422028,44.57292175,4.53000021,0.0,327.0,1.0,0.0,0.0,0.0,0.0
2020-05-28,-0.038241234,615.4216347,25.4010815,312253029,97391412131.0,0.320616595,35.33,48550000,23412.5,58.06858063,43.95748138,4.550000191,0.0,327.0,1.0,0.0,0.0,0.0,0.0
2020-05-29,0.133918633,615.5138726,25.45263548,311038894,97434007046.0,0.319230322,35.08,48565000,23412.5,57.69131088,42.78253937,3.819999933,1.0,328.0,1.0,0.0,0.0,0.0,0.0
2020-06-01,0.222923476,615.6886341,25.60677978,478634548,97434007046.0,0.491239725,37.57,48825000,23412.5,57.50566864,43.6217804,4.440000057,0.0,328.0,1.0,0.0,0.0,0.0,0.0
2020-06-02,-0.070022532,615.6287459,25.52159167,505619087,97434007034.0,0.518934921,38.47,48650000,23412.5,55.06222153,42.29618835,4.480000019,0.0,328.0,1.0,0.0,0.0,0.0,0.0
2020-06-03,0.037877442,615.7210633,25.51726128,370528482,97434007034.0,0.38028661,40.15,48695000,23412.5,55.41316986,42.78253937,4.199999809,0.0,328.0,1.0,0.0,0.0,0.0,0.0
2020-06-04,0.089739436,615.7684656,25.66322493,449786435,97434007025.0,0.461631877,39.3,48595000,23412.5,58.67752075,44.54985046,3.930000067,0.0,328.0,1.0,0.0,0.0,0.0,0.0
2020-06-05,0.208120556,615.9,25.85554623,492000453,97446030323.0,0.504895327,41.28,48650000,23412.5,59.29293823,45.16970825,3.329999924,0.0,328.0,1.0,0.0,0.0,0.0,0.0
2020-06-08,0.374349617,616.2403169,26.19655748,565603706,97446030323.0,0.580427652,42.85,48485000,23412.5,61.44049072,46.93342972,3.849999905,1.0,332.0,1.0,0.0,0.0,0.0,0.0
2020-06-09,0.139435789,616.3073402,26.31548571,501125275,97446030323.0,0.514259302,42.85,47570000,23412.5,61.45394897,46.98661041,4.269999981,0.0,332.0,1.0,0.0,0.0,0.0,0.0
2020-06-10,0.206611382,616.4445063,26.44293475,570448851,97453112150.0,0.585357244,40.78,48595000,23412.5,61.73458862,47.80506134,4.119999886,0.0,332.0,1.0,0.0,0.0,0.0,0.0
2020-06-11,-0.390886039,615.7546969,25.80026772,711511702,97461662275.0,0.73004265,38.33,48675000,23412.5,57.06922913,47.24702072,3.230000019,0.0,332.0,1.0,0.0,0.0,0.0,0.0
2020-06-12,-0.102356245,615.661422,25.61236591,629959248,97461662275.0,0.646366205,37.96,48595000,23412.5,54.2895813,45.58000946,3.24000001,1.0,333.0,1.0,0.0,0.0,0.0,0.0
2020-06-15,-0.263850468,615.204196,25.37212205,506166488,97461662275.0,0.519349328,39.79,48630000,23412.5,48.83731079,42.61405945,3.150000095,0.0,334.0,1.0,0.0,0.0,0.0,0.0
2020-06-16,0.270887204,615.5655383,25.64388036,398155547,97462042275.0,0.408523706,40.67,48575000,23412.5,52.0884819,45.1137619,3.450000048,0.0,334.0,1.0,0.0,0.0,0.0,0.0
2020-06-17,-0.055751519,615.4750051,25.60344162,371715877,97462042275.0,0.381395534,40.53,48505000,23412.5,51.95631027,44.57292175,3.690000057,1.0,335.0,1.0,0.0,0.0,0.0,0.0
2020-06-18,0.022669889,615.5385988,25.68106473,289466166,97462042275.0,0.297004002,41.46,48505000,23412.5,51.69340897,44.66146088,3.25999999,7.0,342.0,1.0,0.0,0.0,0.0,0.0
2020-06-19,0.2195796,615.7071054,25.85712654,410415906,97462042275.0,0.421103331,41.94,48675000,23412.5,51.90621185,44.90327072,3.400000095,7.0,349.0,1.0,0.0,0.0,0.0,0.0
2020-06-22,0.089409051,615.7733445,25.87449919,384388487,97469218946.0,0.394369106,43.03,48775000,23412.5,53.2417717,45.96353912,4.070000172,0.0,349.0,1.0,0.0,0.0,0.0,0.0
2020-06-23,0.059637381,615.824795,25.91819452,469664664,97469218946.0,0.481859472,42.63,48825000,23412.5,53.19644165,45.79613113,4.139999866,0.0,349.0,1.0,0.0,0.0,0.0,0.0
2020-06-24,-0.157159747,615.7050908,25.84987534,397059330,97631009455.0,0.406693869,40.26,49030000,23412.5,51.03675842,43.9174118,4.53000021,3.0,352.0,1.0,0.0,0.0,0.0,0.0
2020-06-25,-0.007521106,615.637142,25.79218249,358186555,97643851255.0,0.366829606,41.47,49010000,23412.5,48.90631104,42.20610046,4.300000191,0.0,352.0,1.0,0.0,0.0,0.0,0.0
2020-06-26,-0.066507194,615.6108401,25.74757402,302282241,97635651255.0,0.30960232,40.71,49005000,23412.5,45.5210495,39.0625,3.380000114,1.0,353.0,1.0,0.0,0.0,0.0,0.0
2020-06-29,-0.458917251,615.1759862,25.27596069,367396624,97635651255.0,0.376293515,39.34,49165000,23412.5,41.0003891,36.73735046,3.640000105,0.0,355.0,1.0,0.0,0.0,0.0,0.0
2020-06-30,-0.073198456,615.1298363,25.26297325,372325211,97634211965.0,0.381347074,41.14,49145000,23412.5,39.45409012,35.10203934,3.690000057,0.0,355.0,1.0,0.0,0.0,0.0,0.0
2020-07-01,0.212731524,615.3762143,25.51614487,304134163,97634211965.0,0.31150368,41.14,49340000,23412.5,45.53594971,38.50445938,4.090000153,0.0,355.0,1.0,0.0,0.0,0.0,0.0
2020-07-02,0.04685077,615.4201125,25.5443096,225220072,97636207838.0,0.230672695,42.76,49410000,23412.5,46.73339844,39.0625,4.03000021,0.0,355.0,1.0,0.0,0.0,0.0,0.0
2020-07-03,-0.064070336,615.4118733,25.55520226,199630415,97636207745.0,0.204463508,42.8,49535000,23412.5,50.75331116,40.69940186,4.0,0.0,355.0,1.0,0.0,0.0,0.0,0.0
2020-07-06,0.096707821,615.5847494,25.68827677,214657188,97636207745.0,0.219854082,43.1,49730000,23412.5,49.44766998,39.44340897,3.75,14.0,369.0,1.0,0.0,0.0,0.0,0.0
2020-07-07,-0.040860536,615.600519,25.66833952,332894712,97641207709.0,0.340936701,43.08,50105000,23412.5,49.67499924,39.79592133,3.970000029,0.0,369.0,1.0,0.0,0.0,0.0,0.0
2020-07-08,0.118265409,615.705797,25.71607852,242280302,97641207709.0,0.24813325,43.29,49925000,23412.5,49.50180054,39.5647316,3.890000105,0.0,369.0,1.0,0.0,0.0,0.0,0.0
2020-07-09,0.179090905,615.9410858,25.84711947,311369614,97643388499.0,0.318884482,42.35,50150000,23412.5,48.48722076,39.21131134,4.639999866,0.0,369.0,1.0,0.0,0.0,0.0,0.0
2020-07-10,-0.104212365,615.8278549,25.76405205,292845511,97643388499.0,0.299913302,43.24,50375000,23518.5,47.17219162,38.41146088,3.74000001,1.0,370.0,1.0,0.0,0.0,0.0,0.0
2020-07-13,0.038595111,615.8493348,25.79014564,245450947,97643388499.0,0.251374876,42.72,50460000,23521.0,47.00331116,37.8107605,4.070000172,1.0,373.0,1.0,0.0,0.0,0.0,0.0
2020-07-14,0.01086869,615.8765055,25.82532576,240065751,97643388499.0,0.245859709,42.9,50350000,23518.5,49.56855011,39.10945892,4.159999847,0.0,373.0,1.0,0.0,0.0,0.0,0.0
2020-07-15,0.093182443,615.9111507,25.95210467,256897643,97643388499.0,0.263097837,43.79,50485000,23524.0,50.91077042,40.21577072,3.690000057,8.0,381.0,1.0,0.0,0.0,0.0,0.0
2020-07-16,0.101931747,616.0492081,26.07934244,241367136,97643388499.0,0.247192503,43.37,50485000,23521.5,52.13774109,40.94121933,4.0,0.0,381.0,1.0,0.0,0.0,0.0,0.0
2020-07-17,0.04562042,616.0082461,26.07082675,275585471,97654998836.0,0.282203138,43.14,50490000,23528.5,58.66429138,42.48609161,4.639999866,1.0,382.0,1.0,0.0,0.0,0.0,0.0
2020-07-20,-0.087847336,615.8121227,25.94661644,290282541,97654998836.0,0.29725313,43.28,50550000,23528.0,57.91667938,42.39331818,4.090000153,1.0,384.0,1.0,0.0,0.0,0.0,0.0
2020-07-21,-0.056285684,615.7896157,25.87245806,250561875,97694998836.0,0.256473594,44.32,50840000,23526.5,54.37842941,40.31539917,4.019999981,17.0,401.0,1.0,0.0,0.0,0.0,0.0
2020-07-22,-0.091285245,615.6109692,25.68375804,297476624,97709813747.0,0.304449075,44.29,52465000,23521.5,52.90985107,39.46197128,3.720000029,7.0,408.0,1.0,0.0,0.0,0.0,0.0
2020-07-23,-0.091881243,615.5764576,25.61028042,244813392,97709813747.0,0.250551488,43.31,52820000,23521.0,51.52793884,38.77550888,3.710000038,4.0,412.0,1.0,0.0,0.0,0.0,0.0
2020-07-24,-0.591248361,614.9006708,24.91295055,510648006,97709813747.0,0.522616907,43.34,54295000,23521.5,42.75019073,35.75138855,3.24000001,3.0,415.0,1.0,0.0,0.0,0.0,0.0
2020-07-27,-0.772496702,613.9166995,23.85836411,440354704,97709813747.0,0.450676024,43.41,56175000,23518.5,35.96192932,33.58071136,4.050000191,11.0,431.0,0.0,1.0,0.0,0.0,0.0
2020-07-28,0.441849107,614.5091575,24.37110938,330933929,97842274779.0,0.338232047,43.22,56660000,23516.0,41.53186035,36.3821907,3.809999943,15.0,446.0,0.0,1.0,0.0,0.0,0.0
2020-07-29,-0.49355789,613.9277757,23.8504962,360128999,97842274779.0,0.368070959,43.75,57000000,23518.5,36.51596832,32.90155029,3.24000001,13.0,459.0,0.0,1.0,0.0,0.0,0.0
2020-07-30,0.114473735,614.1126222,23.96684433,195205336,97842274779.0,0.199510218,42.94,57175000,23516.5,38.01805878,34.5454483,3.299999952,50.0,509.0,0.0,1.0,0.0,0.0,0.0
2020-07-31,-0.081351163,614.0194233,23.82631407,254575554,97845819982.0,0.260180306,43.3,57175000,23517.0,37.63264084,33.74768066,3.309999943,49.0,558.0,0.0,1.0,0.0,0.0,0.0
2020-08-03,0.316953366,614.4149942,24.18019347,299033347,97849871413.0,0.305604231,44.15,57325000,23514.0,40.5716095,36.04824066,3.569999933,31.0,652.0,0.0,1.0,0.0,0.0,0.06019222
2020-08-04,0.275277616,614.6762028,24.47809402,286405653,97849871413.0,0.292699059,44.43,58100000,23517.5,42.26071167,37.92782974,4.190000057,20.0,672.0,0.0,1.0,0.0,0.0,0.08025629
2020-08-05,0.246595229,614.9823055,24.77993966,312391574,97849841403.0,0.319256086,45.17,58500000,23514.5,43.81866074,39.52627945,3.75,45.0,717.0,0.0,1.0,0.0,0.0,0.08025629
2020-08-06,0.06724399,615.098231,24.82767512,254599202,97892716116.0,0.260079822,45.09,60500000,23512.0,44.30245972,39.64749908,2.579999924,33.0,750.0,0.0,1.0,0.0,0.0,0.08025629
2020-08-07,0.090243723,615.1332638,24.88343364,261560293,97920716116.0,0.267114359,44.4,61575000,23510.5,45.67361069,40.59368896,3.5,39.0,789.0,0.0,1.0,0.0,0.0,0.10032037
2020-08-10,0.134261963,615.2941941,25.05203313,310609356,97930428449.0,0.317173488,44.99,57465000,23518.0,47.18738937,42.02225876,4.070000172,6.0,847.0,0.0,1.0,0.0,0.0,0.110352404
2020-08-11,-0.010528463,615.3032948,25.07628937,275251004,98483092453.0,0.279490618,44.5,54530000,23519.5,48.01636124,43.00595093,3.430000067,19.0,866.0,0.0,1.0,0.0,0.0,0.15048055
2020-08-12,-0.019473641,615.3954478,25.16805039,284517710,98483092453.0,0.288900057,45.43,54470000,23519.5,48.36613846,43.58071136,2.569999933,17.0,883.0,0.0,1.0,0.0,0.0,0.17054462
2020-08-13,0.192536286,615.5744338,25.38118411,279545572,98483092453.0,0.283851334,44.96,54480000,23518.0,54.88341141,47.29127884,3.180000067,28.0,911.0,0.0,1.0,0.0,0.0,0.18057667
2020-08-14,-0.057935996,615.4953439,25.42583919,413795202,98531804246.0,0.419961052,44.93,55180000,23516.5,63.10686111,48.7416687,3.700000048,19.0,930.0,0.0,1.0,0.0,0.0,0.21067277
2020-08-17,0.012553562,615.5224404,25.29909595,251652966,98531804246.0,0.255402779,45.37,55800000,23517.5,58.90079117,45.91043854,3.900000095,19.0,983.0,0.0,1.0,0.0,0.0,0.24076888
2020-08-18,0.038948555,615.5717455,25.36553781,263206547,98543489744.0,0.26709684,45.46,57325000,23515.0,65.29283142,48.05194855,3.099999905,6.0,989.0,0.0,1.0,0.0,0.0,0.2508009
2020-08-19,0.127709926,615.7227835,25.46348018,266031839,98549775060.0,0.269946673,45.37,56250000,23512.5,65.29976654,47.94063187,2.619999886,5.0,994.0,0.0,1.0,0.0,0.0,0.2508009
2020-08-20,-0.060145514,615.6373575,25.29967789,313265267,98549775060.0,0.317875172,44.9,55750000,23510.5,66.52987671,48.32041168,3.049999952,13.0,1007.0,0.0,1.0,0.0,0.0,0.2508009
2020-08-21,0.182678376,615.7531286,25.39680543,303123631,98562443857.0,0.30754476,44.35,56050000,23515.5,65.39202118,47.60058975,3.400000095,2.0,1009.0,0.0,1.0,0.0,0.0,0.2508009
2020-08-24,0.211933863,616.0058434,25.48490396,398609109,98572794708.0,0.404380448,45.01,56000000,23516.5,65.20556641,47.50830841,3.680000067,6.0,1022.0,0.0,1.0,0.0,0.0,0.270865
2020-08-25,0.063220641,616.0354868,25.64270352,401802996,98591431422.0,0.407543526,45.86,56000000,23516.0,63.58586884,46.21632004,3.930000067,7.0,1029.0,0.0,1.0,0.0,0.0,0.270865
2020-08-26,-0.005177516,616.0600361,25.56878553,363538841,98599745585.0,0.368701601,45.64,55625000,23517.0,64.02121735,46.80693817,2.940000057,5.0,1034.0,0.0,1.0,0.0,0.0,0.270865
2020-08-27,0.159792106,616.2072942,25.72051258,334407297,99098566768.0,0.337449176,45.09,55800000,23514.5,64.93122101,47.78516006,3.319999933,2.0,1036.0,0.0,1.0,0.0,0.0,0.29092908
2020-08-28,0.185175168,616.3351053,25.9545065,420614481,99142187686.0,0.424253782,45.05,56350000,23513.0,64.07697296,46.99150848,3.140000105,2.0,1038.0,0.0,1.0,0.0,0.0,0.3009611
2020-08-31,-0.024545442,616.3055293,26.02152583,374222497,99158207406.0,0.377399417,45.55,56925000,23510.5,62.7635498,46.7146492,3.400000095,4.0,1044.0,0.0,1.0,0.0,0.0,0.32102516
2020-09-01,0.138953121,616.4989736,26.24409309,323081663,99158207406.0,0.325824429,45.58,57225000,23508.0,63.38359833,47.41601944,3.170000076,0.0,1044.0,0.0,1.0,0.0,0.0,0.34108925
2020-09-03,0.009316729,616.5841441,26.17810418,369099466,99158207406.0,0.372232895,43.99,56325000,23512.0,61.76755905,46.14249039,3.440000057,0.0,1046.0,0.0,1.0,0.0,0.0,0.34108925
2020-09-04,-0.061317432,616.5122867,26.12134908,347337320,99182808090.0,0.350199119,42.66,56225000,23513.5,61.83641815,46.0419693,3.630000114,3.0,1049.0,0.0,1.0,0.0,0.0,0.35112128
2020-09-07,0.037326633,616.4523896,26.11398667,431324874,99183952390.0,0.43487365,41.9,56075000,23514.0,60.13331985,45.54492188,3.690000057,0.0,1049.0,0.0,1.0,0.0,0.0,0.35112128
2020-09-08,0.072926118,616.5425673,26.25030466,304511408,99183952311.0,0.307016812,39.78,56000000,23513.0,60.64178085,46.46538925,2.630000114,5.0,1054.0,0.0,1.0,0.0,0.0,0.35112128
2020-09-09,0.036802685,616.4864549,26.25417449,318908613,99188944530.0,0.321516288,40.79,56075000,23512.0,59.76240921,45.72901154,4.199999809,5.0,1059.0,0.0,1.0,0.0,0.0,0.35112128
2020-09-10,0.02228928,616.5141199,26.19466626,384237323,99197213521.0,0.387346891,40.06,56350000,23516.0,60.81269073,46.53902817,3.829999924,0.0,1059.0,0.0,1.0,0.0,0.0,0.35112128
2020-09-11,0.119669666,616.5509973,26.27338409,310485992,99197213521.0,0.312998703,39.83,56200000,23513.5,59.66635132,45.26877975,3.609999895,1.0,1060.0,0.0,1.0,0.0,0.0,0.35112128
2020-09-14,0.250598378,616.7450889,26.66717534,382602825,99199213279.0,0.38569139,39.61,56225000,23514.5,59.56026077,44.47716904,3.670000076,0.0,1063.0,0.0,1.0,0.0,0.0,0.35112128
2020-09-15,0.081757395,616.7932137,26.69317846,395115487,99227187441.0,0.398192771,40.53,56425000,23512.0,59.29219818,44.51398849,3.700000048,0.0,1063.0,0.0,1.0,0.0,0.0,0.35112128
2020-09-16,0.020892684,616.8639962,26.71735746,301481266,99239724026.0,0.303790915,42.22,56500000,23509.5,58.90563965,44.18605042,3.109999895,0.0,1063.0,0.0,1.0,0.0,0.0,0.35112128
2020-09-17,-0.007852476,616.8152003,26.70271968,409239115,99239717527.0,0.412374325,43.3,56275000,23507.0,56.99956131,42.56182861,3.420000076,3.0,1066.0,0.0,1.0,0.0,0.0,0.35112128
2020-09-18,0.030145232,616.9152613,26.72857668,367369405,99387717527.0,0.369632601,42.97,56250000,23508.5,57.39884186,42.69102859,3.74000001,2.0,1068.0,0.0,1.0,0.0,0.0,0.35112128
2020-09-21,0.053046912,617.0104338,26.82603959,434208874,99395210043.0,0.436850904,41.44,56325000,23506.0,58.85274124,43.17010117,3.519999981,0.0,1068.0,0.0,1.0,0.0,0.0,0.35112128
2020-09-22,-0.068171038,616.9609619,26.77330069,420297139,99398016174.0,0.422842583,41.72,55925000,23510.5,56.39928055,41.6053009,3.519999981,0.0,1068.0,0.0,1.0,0.0,0.0,0.35112128
2020-09-23,0.03836373,617.0250731,26.83379518,392893051,99403752611.0,0.395249717,41.77,55625000,23517.0,56.90584183,42.01031113,3.49000001,1.0,1069.0,0.0,1.0,0.0,0.0,0.35112128
2020-09-24,-0.040838031,616.970308,26.74787232,408361880,99403752611.0,0.410811332,41.94,54725000,23520.0,57.07067871,41.88143921,5.099999905,0.0,1069.0,0.0,1.0,0.0,0.0,0.35112128
2020-09-25,-0.044621926,616.9158345,26.66591046,381877898,99403752611.0,0.384168493,41.92,55350000,23522.5,58.30995178,41.97576141,2.49000001,0.0,1069.0,0.0,1.0,0.0,0.0,0.35112128
2020-09-28,0.084901915,616.9928837,26.7107863,429063221,99418295721.0,0.431573704,42.43,54975000,23524.0,57.74676895,41.3147316,2.859999895,3.0,1077.0,0.0,1.0,0.0,0.0,0.35112128
2020-09-29,-0.051408439,616.8953757,26.67181668,471037600,99418295721.0,0.473793678,41.03,55300000,23521.0,54.90768814,39.9559288,2.579999924,17.0,1094.0,0.0,1.0,0.0,0.0,0.35112128
2020-09-30,0.043956211,616.9130199,26.6788127,339685178,99418295721.0,0.341672703,40.95,55350000,23518.0,54.75257111,40.15095901,4.550000191,0.0,1094.0,0.0,1.0,0.0,0.0,0.35112128
2020-10-01,0.123561016,617.0509322,26.87204086,369249480,99452794797.0,0.37128115,40.93,55800000,23517.0,55.97312927,41.21446991,3.440000057,1.0,1095.0,0.0,1.0,0.0,0.0,0.35112128
2020-10-02,-0.068859762,616.9390671,26.75145303,558199964,99452769090.0,0.561271415,39.27,56200000,23517.5,52.26977158,38.88888931,2.670000076,1.0,1096.0,0.0,1.0,0.0,0.0,0.35112128
2020-10-05,0.150117665,617.1357966,26.91193995,477029027,99469200696.0,0.479574606,41.29,56100000,23516.5,54.70647812,40.05495071,3.869999886,1.0,1097.0,0.0,1.0,0.0,0.0,0.35112128
2020-10-06,0.130678697,617.2396868,27.03577596,504150241,99469200690.0,0.506840547,42.65,56100000,23514.5,55.47434998,40.29304123,3.359999895,1.0,1098.0,0.0,1.0,0.0,0.0,0.35112128
2020-10-07,0.07051918,617.319514,27.08990062,538669761,99494768687.0,0.541405109,41.99,55950000,23513.0,56.12303925,40.64102936,2.980000019,1.0,1099.0,0.0,1.0,0.0,0.0,0.35112128
2020-10-08,-0.056615488,617.284613,27.07803737,482539785,99787011539.0,0.483569733,43.34,55900000,23512.0,54.38637924,39.56185913,2.049999952,1.0,1100.0,0.0,1.0,0.0,0.0,0.35112128
2020-10-09,-0.015729849,617.311475,27.10684611,431603617,99787511539.0,0.432522678,42.85,56200000,23509.5,53.81455994,39.17525864,2.809999943,5.0,1105.0,0.0,1.0,0.0,0.0,0.35112128
2020-10-12,-0.147682472,617.1440977,26.94086249,465555620,99787511539.0,0.466546978,41.72,56150000,23507.0,52.80363846,39.22077942,2.49000001,1.0,1110.0,0.0,1.0,0.0,0.0,0.35112128
2020-10-13,-0.014966618,617.1592615,26.95321916,358231268,99787511539.0,0.358994089,42.45,56250000,23508.0,52.02956009,38.23638153,3.789999962,3.0,1113.0,0.0,1.0,0.0,0.0,0.35112128
2020-10-14,-0.041285677,617.2121475,26.81650579,494030916,100149000000.0,0.493294794,43.32,56050000,23509.0,52.52249908,38.87257004,3.450000048,9.0,1122.0,0.0,1.0,0.0,0.0,0.35112128
2020-10-15,-0.052197929,617.2473079,26.69548182,506703679,100149000000.0,0.505948674,43.16,55950000,23506.5,51.63972092,38.52758026,2.910000086,2.0,1124.0,0.0,1.0,0.0,0.0,0.35112128
2020-10-16,-0.060695613,617.2572345,26.60559731,444723248,100144000000.0,0.444085205,42.93,56075000,23511.0,50.03873825,37.67398834,2.589999914,0.0,1124.0,0.0,1.0,0.0,0.0,0.35112128
2020-10-19,0.058889446,617.3966943,26.70045317,401776775,100492000000.0,0.399810276,42.62,56150000,23508.5,52.15143967,39.18471909,3.200000048,6.0,1140.0,0.0,1.0,0.0,0.0,0.35112128
2020-10-20,0.073667904,617.410044,26.7085926,448131944,100490000000.0,0.445945765,43.16,56150000,23506.0,51.43637085,38.75968933,2.160000086,1.0,1141.0,0.0,1.0,0.0,0.0,0.35112128
2020-10-21,-0.068615933,617.2869247,26.70004547,420955671,100490000000.0,0.41890207,41.73,56200000,23503.0,48.29951859,36.82170868,3.140000105,3.0,1144.0,0.0,1.0,0.0,0.0,0.35112128
2020-10-22,0.067301639,617.4190635,26.79769265,365781576,100494000000.0,0.363982151,42.46,56200000,23500.0,50.26752853,38.45299911,3.349999905,4.0,1148.0,0.0,1.0,0.0,0.0,0.35112128
2020-10-23,0.041252093,617.5010835,26.83220208,457948963,100494000000.0,0.45569613,41.77,56100000,23503.0,48.19678116,36.98781967,3.769999981,0.0,1148.0,0.0,1.0,0.0,0.0,0.35112128
2020-10-26,-0.098125394,617.3692983,26.74297714,420322193,100494000000.0,0.418254461,40.46,56100000,23501.0,44.90031815,35.88169861,4.03000021,1.0,1169.0,0.0,1.0,0.0,0.0,0.35112128
2020-10-27,-0.068705213,617.3004173,26.64523582,447302779,100513000000.0,0.445019641,41.2,56125000,23504.0,42.86449814,34.32641983,2.890000105,3.0,1172.0,0.0,1.0,0.0,0.0,0.35112128
2020-10-28,-0.308614512,616.9557062,26.16348539,453943360,100513000000.0,0.451626327,39.12,56175000,23505.5,39.20812988,33.40171814,2.900000095,1.0,1173.0,0.0,1.0,0.0,0.0,0.35112128
2020-10-29,0.033103791,616.9832244,26.17221233,431207509,100513000000.0,0.429006525,37.65,56050000,23509.5,39.68238068,33.81695938,3.410000086,4.0,1177.0,0.0,1.0,0.0,0.0,0.35112128
2020-10-30,0.049812101,617.1081979,26.27327883,302561877,100513000000.0,0.30101753,37.46,56100000,23511.0,41.74409866,35.06324005,2.849999905,0.0,1177.0,0.0,1.0,0.0,0.0,0.35112128
2020-11-02,0.081690637,617.177198,26.3206356,291264333,100523000000.0,0.289748825,38.97,56350000,23511.0,43.92015839,36.21520996,2.079999924,12.0,1192.0,0.0,1.0,0.0,0.0,0.35112128
2020-11-03,0.051007839,617.2897422,26.38089021,309566384,100637000000.0,0.307605733,39.71,56450000,23509.5,45.17898178,36.59793854,2.950000048,10.0,1202.0,0.0,1.0,0.0,0.0,0.35112128
2020-11-04,0.109544744,617.3928244,26.53592425,348902207,100641000000.0,0.346679149,41.23,56100000,23505.5,47.73101044,38.40206146,3.50999999,1.0,1203.0,0.0,1.0,0.0,0.0,0.35112128
2020-11-05,-0.076319183,617.3196987,26.42641489,299198267,100641000000.0,0.29729191,40.93,56300000,23510.5,47.49158096,37.75247955,3.880000114,4.0,1207.0,0.0,1.0,0.0,0.0,0.35112128
2020-11-06,0.001041397,617.3485942,26.40907081,258984425,100703000000.0,0.257175263,39.45,56500000,23503.0,47.50640869,37.3301506,3.269999981,5.0,1212.0,0.0,1.0,0.0,0.0,0.35112128
2020-11-09,0.158745321,617.6308976,26.69015495,390936462,100718000000.0,0.388149801,42.4,56750000,23500.0,49.37466812,39.20265961,3.349999905,2.0,1217.0,0.0,1.0,0.0,0.0,0.35112128
2020-11-10,0.083832573,617.7634671,26.96422597,443763281,100720000000.0,0.440591313,43.61,56100000,23501.0,50.4251709,39.65390015,3.380000114,11.0,1228.0,0.0,1.0,0.0,0.0,0.35112128
2020-11-11,-0.009945471,617.8420976,26.96247562,387879386,100720000000.0,0.385106289,43.8,56180000,23504.0,49.93286133,39.32252884,1.210000038,24.0,1252.0,0.0,1.0,0.0,0.0,0.35112128
2020-11-12,0.064609239,617.9250631,27.02950551,349972669,100726000000.0,0.347449056,43.53,56100000,23504.0,49.97158813,39.64562988,1.429999948,1.0,1253.0,0.0,1.0,0.0,0.0,0.35112128
2020-11-13,0.077415517,617.9538694,27.03492828,448428158,100752000000.0,0.445080075,42.78,56100000,23506.5,53.22703934,41.6053009,2.400000095,3.0,1256.0,0.0,1.0,0.0,0.0,0.35112128
2020-11-16,-0.063743192,617.8184874,26.91876565,501124887,100752000000.0,0.497383356,43.82,56150000,23502.5,54.27827072,42.36008835,3.339999914,2.0,1283.0,0.0,1.0,0.0,0.0,0.35112128
2020-11-17,0.161301181,618.0967135,27.07082781,409678364,100752000000.0,0.406619597,43.75,56050000,23497.0,61.46195984,45.69218826,2.640000105,5.0,1288.0,0.0,1.0,0.0,0.0,0.35112128
2020-11-18,0.080962781,618.2706405,27.19397201,469215756,100739000000.0,0.465775791,44.34,56050000,23492.0,62.01399994,45.76583099,3.529999971,12.0,1300.0,0.0,1.0,0.0,0.0,0.35112128
2020-11-19,0.078817382,618.3882579,27.22980634,490828328,100740000000.0,0.487222578,44.2,55875000,23492.0,62.7371788,46.3270607,3.190000057,4.0,1304.0,0.0,1.0,0.0,0.0,0.35112128
2020-11-20,0.104382278,618.5101704,27.40071624,494676763,100740000000.0,0.491040891,44.96,55925000,23499.5,61.88806915,45.76240158,3.269999981,1.0,1305.0,0.0,1.0,0.0,0.0,0.35112128
2020-11-23,0.0694273,618.645609,27.56824127,478346560,100740000000.0,0.474830715,46.06,55845000,23497.5,61.64656067,45.44781876,3.569999933,5.0,1312.0,0.0,1.0,0.0,0.0,0.35112128
2020-11-24,-0.017745397,618.6609222,27.46586432,536660800,100730000000.0,0.532769231,47.86,55225000,23469.0,58.95550156,43.61584091,3.75999999,4.0,1316.0,0.0,1.0,0.0,0.0,0.35112128
2020-11-25,0.070159586,618.7654704,27.54575083,461201988,100730000000.0,0.457857605,48.61,54525000,23467.5,60.21670151,44.37453842,2.930000067,5.0,1321.0,0.0,1.0,0.0,0.0,0.35112128
2020-11-26,-0.007584175,618.8733578,27.61946801,486256056,100730000000.0,0.482729995,47.8,54750000,23467.0,60.38676834,44.42193985,2.869999886,10.0,1331.0,0.0,1.0,0.0,0.0,0.35112128
2020-11-27,0.080255853,618.9216139,27.66366881,421933291,100730000000.0,0.418873663,48.18,54650000,23466.0,59.69741821,43.57326126,2.529999971,8.0,1339.0,0.0,1.0,0.0,0.0,0.35112128
2020-11-30,-0.000521497,618.8301583,27.612072,503094501,100915000000.0,0.498531093,47.59,53475000,23462.5,58.76147842,43.22438049,3.829999924,4.0,1347.0,0.0,1.0,0.0,0.0,0.35112128
2020-12-01,0.056867067,618.8407666,27.68545713,576925589,100915000000.0,0.571692483,47.42,54000000,23461.0,59.12910843,43.46308899,2.75999999,4.0,1351.0,0.0,1.0,0.0,0.0,0.35112128
2020-12-02,0.076866364,618.9195057,27.74066922,665824323,101253000000.0,0.657581907,48.25,54775000,23461.0,58.96422958,43.11420822,3.5,7.0,1358.0,0.0,1.0,0.0,0.0,0.35112128
2020-12-03,0.166691354,619.0867992,27.89269062,498456360,101253000000.0,0.492285836,48.71,55175000,23458.0,60.09120178,43.37260818,2.470000029,3.0,1361.0,0.0,1.0,0.0,0.0,0.35112128
2020-12-04,-0.013441384,619.112242,27.87507176,543110517,101299000000.0,0.536143667,49.25,55025000,23455.5,61.36265945,43.90110016,2.559999943,0.0,1361.0,0.0,1.0,0.0,0.0,0.35112128
2020-12-07,0.156492255,619.2150156,27.98998863,497804639,101310000000.0,0.491365845,48.79,54925000,23453.0,61.21408081,43.57143021,3.069999933,1.0,1367.0,0.0,1.0,0.0,0.0,0.35112128
2020-12-08,0.088876035,619.1699568,28.07203186,519121286,101483000000.0,0.511536885,48.84,55225000,23456.5,61.20795059,43.53306961,2.920000076,10.0,1377.0,0.0,1.0,0.0,0.0,0.35112128
2020-12-09,0.126486749,619.3045712,28.25215797,569854310,101537000000.0,0.561229007,48.86,55025000,23454.5,61.51087189,43.75228119,3.190000057,4.0,1381.0,0.0,1.0,0.0,0.0,0.35112128
2020-12-10,-0.095176851,619.1741195,28.19428393,586831995,101574000000.0,0.577735641,50.25,54850000,23457.5,57.98709869,42.18122101,3.410000086,4.0,1385.0,0.0,1.0,0.0,0.0,0.35112128
2020-12-11,0.150392599,619.3828608,28.45838647,439664926,101675000000.0,0.432423244,49.97,54850000,23457.5,58.49465179,43.36996078,3.660000086,6.0,1391.0,0.0,1.0,0.0,0.0,0.35112128
2020-12-14,0.271534215,619.7261478,28.84204714,560515016,101675000000.0,0.551281928,50.29,54850000,23456.0,61.76412964,45.49927139,3.069999933,5.0,1402.0,0.0,1.0,0.0,0.0,0.35112128
2020-12-15,0.053116023,619.6934469,28.88673868,647098709,101675000000.0,0.636439371,50.76,54900000,23456.5,61.59643173,45.77259064,3.190000057,3.0,1405.0,0.0,1.0,0.0,0.0,0.35112128
2020-12-16,0.13549763,619.8767803,29.11481298,585322542,101675000000.0,0.575680713,51.08,55150000,23458.5,62.6296196,46.77478027,3.079999924,0.0,1405.0,0.0,1.0,0.0,0.0,0.35112128
2020-12-17,-0.018279524,619.7313756,29.05025414,639557147,101680000000.0,0.628992443,51.5,55300000,23456.0,59.70948029,45.69596863,2.460000038,2.0,1407.0,0.0,1.0,0.0,0.0,0.35112128
2020-12-18,0.211228173,619.9787067,29.28935376,592290782,101680000000.0,0.582506861,52.26,55250000,23453.5,62.18460083,47.30768967,3.0,3.0,1410.0,0.0,1.0,0.0,0.0,0.35112128
2020-12-21,0.151457289,620.1509464,29.39564705,703852694,101719000000.0,0.6919599,50.91,55525000,23459.0,63.18722153,48.04029083,2.900000095,1.0,1414.0,0.0,1.0,0.0,0.0,0.35112128
2020-12-22,0.177095156,620.2197831,29.50763967,770506462,101721000000.0,0.757470172,50.08,55300000,23462.0,64.36403656,48.68132019,3.349999905,6.0,1420.0,0.0,1.0,0.0,0.0,0.35112128
2020-12-23,0.111953667,620.2013159,29.4582867,802924220,102916000000.0,0.780174108,51.2,55350000,23468.5,63.11740875,48.07691956,3.390000105,1.0,1421.0,0.0,1.0,0.0,0.0,0.35112128
2020-12-24,-0.202343998,619.9880725,29.18164475,754532514,102948000000.0,0.732926231,51.29,55550000,23466.0,59.56061935,46.52904892,2.75,11.0,1432.0,0.0,1.0,0.0,0.0,0.35112128
2020-12-25,0.22475251,620.2555212,29.54203409,641573672,102947000000.0,0.623206635,51.29,55550000,23461.0,60.63341141,47.36458969,3.869999886,7.0,1439.0,0.0,1.0,0.0,0.0,0.35112128
2020-12-28,0.125890784,620.4048386,29.69657223,700816873,102946000000.0,0.680763942,50.86,55500000,23459.0,61.05701828,47.31689835,2.670000076,10.0,1451.0,0.0,1.0,0.0,0.0,0.35112128
2020-12-29,0.182140876,620.5568352,29.96457322,668361752,103002000000.0,0.648882613,51.09,55650000,23458.5,61.44132996,47.3350296,3.619999886,3.0,1454.0,0.0,1.0,0.0,0.0,0.35112128
2020-12-30,0.03048822,620.5265173,29.97956478,652252776,103002000000.0,0.633243127,51.34,55650000,23455.0,63.70846176,48.73096085,2.789999962,2.0,1456.0,0.0,1.0,0.0,0.0,0.35112128
2020-12-31,0.162273549,620.7018039,30.06560756,510586221,103034000000.0,0.495551432,51.8,55825000,23450.0,63.87091064,48.58592987,3.440000057,9.0,1465.0,0.0,1.0,0.0,0.0,0.35112128
2021-01-04,-0.063082185,620.6201906,47.87350234,732856014,103034000000.0,0.71127624,51.09,56525000,23450.0,60.17147827,48.29153061,3.660000086,3.0,1497.0,0.0,1.0,0.0,0.0,0.35112128
2021-01-05,0.116071773,620.7388576,47.80836572,771379738,103045000000.0,0.748588425,53.6,56875000,23445.0,60.59555817,48.74591064,3.00999999,7.0,1504.0,0.0,1.0,0.0,0.0,0.35112128
2021-01-06,0.053626081,648.5959182,49.28194024,776978733,103091000000.0,0.753685883,54.3,57025000,23446.0,60.37414932,47.73387146,3.079999924,1.0,1505.0,0.0,1.0,0.0,0.0,0.35112128
2021-01-07,0.229881363,648.8449403,49.79551416,766210977,103183000000.0,0.742578239,54.57,56550000,23443.0,62.91017151,49.49238968,3.00999999,4.0,1509.0,0.0,1.0,0.0,0.0,0.35112128
2021-01-08,0.208680654,649.065064,50.43998202,792610546,103198000000.0,0.768051896,55.99,56050000,23445.0,62.341259,49.14793015,3.480000019,3.0,1512.0,0.0,1.0,0.0,0.0,0.35112128
2021-01-11,0.215196014,649.3077214,51.98645046,831468136,103199000000.0,0.805690652,55.66,56150000,23448.0,62.42274857,49.11167908,2.890000105,1.0,1515.0,0.0,1.0,0.0,0.0,0.35112128
2021-01-12,0.240085831,649.5324279,52.83242418,702099268,103130000000.0,0.680792454,56.58,56350000,23454.5,62.70526123,48.86075974,3.210000038,5.0,1520.0,0.0,1.0,0.0,0.0,0.35112128
2021-01-13,0.009574467,649.4633023,52.10387393,838093282,103130000000.0,0.812659417,56.06,56200000,23451.5,62.05947113,48.4408989,3.460000038,1.0,1521.0,0.0,1.0,0.0,0.0,0.35112128
2021-01-14,0.17355567,649.5312345,51.99198417,770972390,103190000000.0,0.747136235,56.42,56150000,23450.5,65.8414917,50.39884186,3.49000001,10.0,1531.0,0.0,1.0,0.0,0.0,0.35112128
2021-01-15,0.227020252,649.6676161,52.17234941,815522518,103190000000.0,0.790309006,55.1,56325000,23452.5,64.8086319,49.47425842,3.329999924,5.0,1536.0,0.0,1.0,0.0,0.0,0.35112128
2021-01-18,0.107325244,649.7097138,52.0062963,736629761,103191000000.0,0.713851198,54.75,56175000,23455.0,64.46658325,49.74618912,3.279999971,2.0,1539.0,0.0,1.0,0.0,0.0,0.35112128
2021-01-19,-0.762295324,648.7749436,49.53705202,1012087387,103191000000.0,0.980790937,55.9,56125000,23461.0,54.57695007,46.67393875,2.890000105,1.0,1540.0,0.0,1.0,0.0,0.0,0.35112128
2021-01-20,-0.016091534,648.8264195,49.54293729,833998343,103191000000.0,0.808208883,56.08,56325000,23458.5,53.74697876,46.05598068,2.690000057,4.0,1544.0,0.0,1.0,0.0,0.0,0.35112128
2021-01-21,0.528407234,649.4047638,50.6277244,697527997,103193000000.0,0.675947477,56.1,56275000,23456.5,55.70639038,47.66135025,3.779999971,2.0,1546.0,0.0,1.0,0.0,0.0,0.35112128
2021-01-22,0.01499042,649.4362676,50.45401678,732170533,103193000000.0,0.709518223,55.41,56175000,23453.0,56.70154953,46.43766022,3.430000067,2.0,1548.0,0.0,1.0,0.0,0.0,0.35112128
2021-01-25,0.099711568,649.5426221,50.45195423,683250754,103193000000.0,0.662112249,55.88,56275000,23458.0,56.15446854,46.34677887,3.50999999,1.0,1549.0,0.0,1.0,0.0,0.0,0.35112128
2021-01-26,-0.383436605,649.0999702,49.217987,788719181,103193000000.0,0.76431768,55.91,56350000,23455.5,51.85403061,44.37998962,3.380000114,2.0,1551.0,0.0,1.0,0.0,0.0,0.35112128
2021-01-27,-0.479892664,648.569314,48.0180086,775075746,103193000000.0,0.751096347,55.81,56400000,23456.5,46.53689957,41.23955154,3.349999905,2.0,1553.0,0.0,1.0,0.0,0.0,0.35112128
2021-01-28,-1.074095505,647.3373531,45.13388414,750301496,104288000000.0,0.719448021,55.53,56400000,23458.0,38.70661163,37.83538818,3.190000057,98.0,1651.0,0.0,0.0,1.0,0.0,0.35112128
2021-01-29,0.33701751,647.8409746,46.1324919,783458287,104297000000.0,0.751183128,55.04,56500000,23465.0,40.31644058,38.77809906,3.210000038,6.0,1657.0,0.0,0.0,1.0,0.0,0.35112128
2021-02-01,-0.388564722,647.4593421,45.10162564,613137935,104297000000.0,0.587878496,56.35,56850000,23465.0,37.01211166,36.53009033,3.579999924,33.0,1850.0,0.0,0.0,1.0,0.0,0.35112128
2021-02-02,0.19813301,647.9211366,45.59494278,603909583,104308000000.0,0.578968568,57.46,56600000,23461.0,38.08921814,38.17984009,3.25,32.0,1882.0,0.0,0.0,1.0,0.0,0.35112128
2021-02-03,0.632416453,648.670136,46.84581402,682584871,104309000000.0,0.654386702,58.46,56600000,23457.0,40.59841919,40.54888916,3.029999971,66.0,1948.0,0.0,0.0,1.0,0.0,0.35112128
2021-02-04,0.022239388,648.6583323,46.78033952,492325973,104309000000.0,0.471987563,58.84,56500000,23456.5,40.00302124,39.77769852,3.519999981,9.0,1957.0,0.0,0.0,1.0,0.0,0.35112128
2021-02-05,0.236074384,648.9008293,47.28924865,521678378,104309000000.0,0.500127409,59.34,56625000,23462.0,40.59225082,40.43367004,3.549999952,19.0,1976.0,0.0,0.0,1.0,0.0,0.35112128
2021-02-08,-0.331776179,648.4044614,46.13790924,689695092,104344000000.0,0.660981426,60.56,56775000,23459.0,43.17024994,40.9305687,3.470000029,49.0,2050.0,0.0,0.0,1.0,0.0,0.35112128
2021-02-09,0.401454966,648.976119,47.25580548,497373957,104453000000.0,0.47617034,61.09,56775000,23453.0,45.74842072,43.80224991,3.339999914,14.0,2064.0,0.0,0.0,1.0,0.0,0.35112128
2021-02-17,0.567434984,649.6731706,48.39876322,548380115,104454000000.0,0.524997021,64.34,56625000,23445.5,46.08525848,43.89577103,3.49000001,18.0,2329.0,0.0,0.0,1.0,0.0,0.35112128
2021-02-18,0.176052188,650.0028763,48.60256212,597969859,104454000000.0,0.572472244,63.93,56275000,23450.5,47.02790833,44.92145157,2.960000038,18.0,2347.0,0.0,0.0,1.0,0.0,0.35112128
2021-02-19,0.112562632,650.0726065,48.52720445,562555159,104454000000.0,0.538567637,62.91,56025000,23451.5,46.96313858,44.59262085,3.349999905,15.0,2362.0,0.0,0.0,1.0,0.0,0.35112128
2021-02-22,0.123709843,650.175492,49.11965816,610975274,104454000000.0,0.584923104,65.24,56050000,23447.0,50.13264847,46.5750885,3.369999886,9.0,2392.0,0.0,0.0,1.0,0.0,0.35112128
2021-02-23,0.201016386,650.381399,50.02989818,602662812,104454000000.0,0.576965088,65.37,56350000,23454.5,54.55622101,48.83084106,2.670000076,11.0,2403.0,0.0,0.0,1.0,0.0,0.35112128
2021-02-24,-0.01558279,650.3143991,50.0697003,600055114,104455000000.0,0.574465278,67.04,56275000,23450.5,63.10622025,50.18362045,3.099999905,9.0,2412.0,0.0,0.0,1.0,0.0,0.35112128
2021-02-25,0.071755634,650.4912714,50.29076518,509951341,104455000000.0,0.488204054,66.88,56250000,23450.5,60.84106827,48.35165024,3.0,9.0,2421.0,0.0,0.0,1.0,0.0,0.35112128
2021-02-26,0.095229426,650.5977128,51.01891626,559334206,104455000000.0,0.535480946,64.42,56150000,23449.5,66.28630066,49.79904938,3.099999905,5.0,2426.0,0.0,0.0,1.0,0.0,0.35112128
2021-03-01,0.299908141,650.9697772,52.29511611,653425059,104462000000.0,0.62551662,63.69,56050000,23457.0,66.72705841,50.12754822,2.660000086,0.0,2448.0,0.0,0.0,1.0,0.0,0.35112128
2021-03-02,0.142307059,651.066931,52.33254239,581100775,104507000000.0,0.556041848,62.7,55900000,23460.5,63.79663849,47.52817154,2.619999886,27.0,2475.0,0.0,0.0,1.0,0.0,0.35112128
2021-03-03,0.265583945,651.2011438,52.2994176,636855989,104507000000.0,0.609392718,64.07,55800000,23465.5,64.7518692,48.45510864,3.619999886,7.0,2482.0,0.0,0.0,1.0,0.0,0.35112128
2021-03-04,-0.094566633,651.1317788,51.42337921,682913783,104507000000.0,0.653464352,66.74,55800000,23461.0,60.67605972,45.91057968,3.319999933,6.0,2488.0,0.0,0.0,1.0,0.0,0.35112128
2021-03-05,0.148495168,651.2799911,52.11046137,581766072,104502000000.0,0.556704152,69.36,55300000,23468.0,66.35527802,48.29153061,3.130000114,6.0,2494.0,0.0,0.0,1.0,0.0,0.35112128
2021-03-08,0.203679249,651.3025903,52.15847894,643458525,104503000000.0,0.615730829,68.24,55300000,23478.0,65.23789978,47.15372849,2.849999905,12.0,2524.0,0.0,0.0,1.0,0.0,0.35112128
2021-03-09,-0.025266384,651.0469018,51.88967139,614128248,104503000000.0,0.587664442,67.52,54925000,23485.5,60.95470047,44.30746841,3.359999895,2.0,2526.0,0.0,0.0,1.0,0.0,0.35112128
2021-03-10,0.097978504,651.0658733,52.44694541,733487004,104503000000.0,0.701879833,67.9,55180000,23487.0,60.5054512,44.1805687,2.720000029,3.0,2529.0,0.0,0.0,1.0,0.0,0.35112128
2021-03-11,0.011797807,651.0792311,52.49490561,662943058,104503000000.0,0.634375742,69.63,55650000,23487.5,61.08314896,45.02711868,2.819999933,4.0,2533.0,0.0,0.0,1.0,0.0,0.35112128
2021-03-12,-0.010401128,651.0178176,52.34798848,649470935,104535000000.0,0.621297368,69.22,55400000,23476.5,60.78295135,44.49856186,2.799999952,17.0,2550.0,0.0,0.0,1.0,0.0,0.35112128
2021-03-15,0.249548289,651.1158569,52.47770219,695262570,104535000000.0,0.665102595,68.88,55500000,23485.5,61.77935028,45.22005844,2.839999914,3.0,2557.0,0.0,0.0,1.0,0.0,0.35112128
2021-03-16,-0.038832614,651.0392127,52.48849275,713012486,104535000000.0,0.682082533,68.39,55450000,23487.5,63.13151169,45.99567032,2.980000019,3.0,2560.0,0.0,0.0,1.0,0.0,0.35112128
2021-03-17,0.101118629,651.1246483,52.98672927,720807331,104706000000.0,0.68841099,68.0,55450000,23487.5,62.80942154,46.33837891,2.910000086,7.0,2567.0,0.0,0.0,1.0,0.0,0.35112128
2021-03-18,0.032818287,651.1648125,54.16274276,659092660,104773000000.0,0.629064747,63.28,55300000,23485.0,63.17242813,46.32960892,2.890000105,3.0,2570.0,0.0,0.0,1.0,0.0,0.35112128
2021-03-19,-0.03717368,651.0627539,54.93512784,692269740,104790000000.0,0.660626594,64.53,55300000,23482.5,60.37878036,44.15256882,2.730000019,1.0,2571.0,0.0,0.0,1.0,0.0,0.35112128
2021-03-22,0.083386331,651.058142,55.01668555,729247808,104795000000.0,0.695882915,64.62,55250000,23487.5,59.8348999,43.82872009,2.660000086,3.0,2575.0,0.0,0.0,1.0,0.0,0.35112128
2021-03-23,-0.081326692,650.9126316,54.36377789,701367083,104795000000.0,0.669277803,60.79,55400000,23484.0,56.21253967,41.59769821,2.480000019,1.0,2576.0,0.0,0.0,1.0,0.0,0.35112128
2021-03-24,-0.278856956,650.5446541,53.32590657,755351632,106152000000.0,0.711577304,64.41,55300000,23488.5,54.64455032,41.16588974,2.74000001,3.0,2579.0,0.0,0.0,1.0,0.0,0.35112128
2021-03-25,-0.041568717,650.4811566,53.9565029,676722161,106152000000.0,0.637504588,61.95,55280000,23495.0,53.11862183,40.32025909,2.859999895,7.0,2586.0,0.0,0.0,1.0,0.0,0.35112128
2021-03-26,-0.167948205,650.3721241,53.47710145,725276075,106156000000.0,0.683214971,64.57,55100000,23501.0,48.41551971,37.7833786,3.190000057,0.0,2586.0,0.0,0.0,1.0,0.0,0.35112128
2021-03-29,0.403033545,650.7350952,54.42875267,691540681,106158000000.0,0.651425443,64.98,54970000,23501.5,51.73065186,40.4401207,2.299999952,0.0,2594.0,0.0,0.0,1.0,0.0,0.35112128
2021-03-30,0.160474942,650.9316746,54.41310099,798029042,106198000000.0,0.751456144,64.14,54650000,23504.5,51.82632828,40.14715958,3.089999914,0.0,2594.0,0.0,0.0,1.0,0.0,0.35112128
2021-03-31,0.044898409,651.0032639,54.33965418,744849208,106198000000.0,0.70137988,62.74,54300000,23508.0,50.39128876,39.24982071,2.779999971,9.0,2603.0,0.0,0.0,1.0,0.0,0.35112128
2021-04-01,0.15701548,651.3291655,55.21345436,680865499,106234000000.0,0.640910789,64.86,54700000,23507.0,52.66262054,40.88299179,2.589999914,14.0,2617.0,0.0,0.0,1.0,0.0,0.35112128
2021-04-02,0.104718704,651.4347047,55.0261185,685927459,106246000000.0,0.645603202,64.86,55150000,23506.5,51.42235184,40.45225906,2.690000057,3.0,2620.0,0.0,0.0,1.0,0.0,0.35112128
2021-04-05,0.101476663,651.4862744,54.94186534,684891558,106246000000.0,0.6446282,62.15,54900000,23504.0,52.46485901,40.95954132,2.529999971,6.0,2637.0,0.0,0.0,1.0,0.0,0.35112128
2021-04-06,0.138654148,651.5069125,54.81577775,712773361,106256000000.0,0.670808541,62.74,55050000,23504.5,51.45653152,40.30868912,2.839999914,11.0,2648.0,0.0,0.0,1.0,0.0,0.35112128
2021-04-07,0.165460411,651.6679797,54.95923812,724173355,106256000000.0,0.681537355,63.16,55050000,23500.5,52.62548065,41.27782059,2.579999924,11.0,2659.0,0.0,0.0,1.0,0.0,0.35112128
2021-04-08,-0.06266305,651.5554809,55.0836161,670734913,106256000000.0,0.631245123,63.2,55050000,23496.5,52.74835968,41.36380005,2.660000086,9.0,2668.0,0.0,0.0,1.0,0.0,0.35112128
2021-04-09,0.019199426,651.4869935,54.99862313,740807890,106256000000.0,0.697192525,62.95,55050000,23492.5,53.02468872,41.63367844,2.50999999,15.0,2683.0,0.0,0.0,1.0,0.0,0.35112128
2021-04-12,0.151150324,651.5887113,54.8866459,881256363,106256000000.0,0.829372038,63.28,55050000,23495.0,56.39797974,43.72076035,2.589999914,12.0,2705.0,0.0,0.0,1.0,0.0,0.35112128
2021-04-13,-0.216911227,651.3267691,54.13808483,1040823143,106265000000.0,0.979461079,63.67,55000000,23492.5,57.69807816,43.9754715,2.569999933,9.0,2714.0,0.0,0.0,1.0,0.0,0.35112128
2021-04-14,0.19960399,651.5061796,54.32768897,847030000,106271000000.0,0.79704379,66.58,55100000,23494.5,58.95013046,44.81827927,2.900000095,19.0,2733.0,0.0,0.0,1.0,0.0,0.35112128
2021-04-15,-0.059746337,651.3903414,53.88469009,803352050,106277000000.0,0.755906372,66.94,55115000,23485.5,58.17750168,44.78229904,2.539999962,25.0,2758.0,0.0,0.0,1.0,0.0,0.35112128
2021-04-16,-0.349532117,651.0747075,52.97121621,985507424,106268000000.0,0.927381851,66.77,55265000,23483.5,50.67824936,40.64411926,2.309999943,14.0,2772.0,0.0,0.0,1.0,0.0,0.35112128
2021-04-19,0.085583552,651.2729253,53.13958118,825536190,106323000000.0,0.776438479,67.05,55805000,23480.5,50.93096161,41.03993988,2.640000105,6.0,2791.0,0.0,0.0,1.0,0.0,0.35112128
2021-04-20,-0.096998711,651.2071135,53.33943617,823488117,106323000000.0,0.774512213,66.57,55615000,23476.0,50.06235123,40.21231079,2.440000057,9.0,2800.0,0.0,0.0,1.0,0.0,0.35112128
2021-04-22,-0.489880632,650.5484275,51.92209566,779444325,106331000000.0,0.733038013,65.4,55655000,23476.5,43.96987915,37.02770996,2.369999886,12.0,2824.0,0.0,0.0,1.0,0.0,0.35112128
2021-04-23,0.157190938,650.7226008,52.20003266,700098702,106323000000.0,0.658461226,66.11,55575000,23474.5,45.25746155,37.89133072,2.059999943,6.0,2830.0,0.0,0.0,1.0,0.0,0.35112128
2021-04-26,-0.335330484,650.3078918,50.88304477,734347371,106323000000.0,0.690672999,65.65,55325000,23468.5,42.00603104,36.61616135,2.599999905,9.0,2852.0,0.0,0.0,1.0,0.0,0.35112128
2021-04-27,-0.125550453,650.185878,50.66963062,607623693,106407000000.0,0.571036625,66.42,55475000,23465.5,41.85314178,36.55990982,2.680000067,5.0,2857.0,0.0,0.0,0.0,1.0,0.35112128
2021-04-28,0.216178541,650.4229252,50.73254246,607596513,106407000000.0,0.571011081,67.27,55475000,23465.0,42.15787888,36.85065079,2.799999952,8.0,2865.0,0.0,0.0,0.0,1.0,0.35112128
2021-04-29,0.070588137,650.5611708,50.90536644,643499901,106455000000.0,0.604481217,68.05,55475000,23464.0,42.61877823,37.42784882,2.49000001,45.0,2910.0,0.0,0.0,0.0,1.0,0.35112128
2021-05-04,-0.274092706,650.3389721,49.34935439,788622020,106455000000.0,0.740803841,68.88,55475000,23472.0,41.10401154,36.16521835,2.140000105,10.0,2995.0,0.0,0.0,0.0,1.0,0.35112128
2021-05-05,0.184393178,650.5466532,49.95319759,756464430,106514000000.0,0.710204157,68.96,55485000,23473.0,41.77687836,36.88376999,2.75999999,35.0,3030.0,0.0,0.0,0.0,1.0,0.35112128
2021-05-06,-0.09824566,650.4030197,49.68874894,717566397,106514000000.0,0.673684866,68.09,55525000,23474.0,42.76454926,37.38755035,1.909999967,60.0,3090.0,0.0,0.0,0.0,1.0,0.35112128
2021-05-07,-0.219821483,650.158696,48.9319931,775354810,106530000000.0,0.727827142,68.28,55795000,23474.5,40.2933197,35.37157059,2.109999895,47.0,3137.0,0.0,0.0,0.0,1.0,0.35112128
2021-05-10,-0.010169968,650.3102821,48.46477195,758836127,106530000000.0,0.71232102,68.32,56100000,23466.0,41.25408936,36.25540924,3.359999895,77.0,3489.0,0.0,0.0,0.0,1.0,0.35112128
2021-05-11,0.135224654,650.3951566,49.24619544,761418942,106530000000.0,0.714745554,68.55,56055000,23457.0,44.70317078,38.4601593,3.0,82.0,3571.0,0.0,0.0,0.0,1.0,0.35112128
2021-05-12,0.215199113,650.702802,49.73789482,690526009,106530000000.0,0.648198213,69.32,55955000,23459.0,44.73350143,39.02482986,2.680000067,87.0,3658.0,0.0,0.0,0.0,1.0,0.35112128
2021-05-13,-0.060736021,650.5628965,49.25978621,718922433,106541000000.0,0.674786991,67.05,55895000,23469.0,44.72592163,39.07881165,2.289999962,82.0,3740.0,0.0,0.0,0.0,1.0,0.35112128
2021-05-14,-0.008589868,650.5080998,49.19414616,764615525,106542000000.0,0.717668871,68.71,56075000,23473.0,49.47278976,40.86001968,2.619999886,76.0,3816.0,0.0,0.0,0.0,1.0,0.35112128
2021-05-17,-0.136596465,650.2896373,48.96776648,842820532,106596000000.0,0.79067023,69.46,56195000,23465.0,46.32329178,38.82458878,2.630000114,147.0,4359.0,0.0,0.0,0.0,1.0,0.37118536
2021-05-18,-0.120506067,650.2121485,48.65390679,701976273,106616000000.0,0.658414615,68.71,56255000,23470.0,48.37751007,39.32197189,3.24000001,153.0,4512.0,0.0,0.0,0.0,1.0,0.37118536
2021-05-19,0.022819824,650.2579117,48.48097243,703286909,106791000000.0,0.658562707,66.66,56075000,23460.5,48.39908981,38.80892181,2.660000086,208.0,4720.0,0.0,0.0,0.0,1.0,0.37118536
2021-05-20,-0.129140007,650.1924116,47.82943491,743133252,106791000000.0,0.695875097,65.11,56155000,23462.0,45.55945969,37.01298904,2.930000067,89.0,4809.0,0.0,0.0,0.0,1.0,0.37118536
2021-05-21,0.146408606,650.2875397,48.54840495,711643137,106832000000.0,0.666133762,66.44,56255000,23465.0,47.37760925,38.12545013,2.75,132.0,4941.0,0.0,0.0,0.0,1.0,0.37118536
2021-05-24,0.220253582,650.5491139,48.99541592,700407719,106907000000.0,0.655156901,68.46,56225000,23465.0,51.54710007,40.62049103,2.670000076,129.0,5404.0,0.0,0.0,0.0,1.0,0.42134553
2021-05-25,0.158085852,650.7443305,49.00996631,686471430,106907000000.0,0.642120985,68.65,56245000,23464.0,49.56837845,39.24050903,2.779999971,527.0,5931.0,0.0,0.0,0.0,1.0,0.42134553
2021-05-26,-0.074278741,650.6765859,48.91218219,742293455,106912000000.0,0.694305377,68.87,56350000,23457.5,50.35737991,39.71860886,2.839999914,155.0,6086.0,0.0,0.0,0.0,1.0,0.42134553
2021-05-27,-0.095977021,650.4670261,48.60665974,745644496,106913000000.0,0.697430514,69.46,56340000,23453.0,50.79449081,39.89899063,2.849999905,270.0,6356.0,0.0,0.0,0.0,1.0,0.42134553
2021-05-28,0.213243006,650.7150219,48.88064211,802876261,106909000000.0,0.750986914,68.72,56500000,23452.0,52.53068161,41.24192047,2.710000038,40.0,6396.0,0.0,0.0,0.0,1.0,0.42134553
2021-05-31,-0.014361836,650.7653513,48.62419025,773404665,106909000000.0,0.723420047,69.32,57000000,23452.0,51.25037003,40.00358963,2.299999952,325.0,7432.0,0.0,0.0,0.0,1.0,0.47150573
2021-06-01,-0.135537833,650.7214778,48.30359324,670603630,106922000000.0,0.62718697,70.25,57300000,23443.0,48.34201813,38.05915833,2.630000114,193.0,7625.0,0.0,0.0,0.0,1.0,0.48153776
2021-06-02,0.103768635,650.8152238,49.5350365,826747915,106935000000.0,0.773131511,71.35,57250000,23445.0,50.6217804,39.85533142,2.700000048,245.0,7870.0,0.0,0.0,0.0,1.0,0.4915698
2021-06-03,0.414470141,651.1566483,49.65859084,955343370,106945000000.0,0.893306052,71.31,57050000,23450.0,54.60586929,41.99351883,3.0,193.0,8063.0,0.0,0.0,0.0,1.0,0.4915698
2021-06-04,0.241402075,651.4351883,49.63996673,975235961,106945000000.0,0.911906874,71.89,56925000,23453.5,57.06818008,43.30580902,2.910000086,301.0,8364.0,0.0,0.0,0.0,1.0,0.5116339
2021-06-07,0.065918996,651.4642352,49.63949835,918080662,106952000000.0,0.858402855,71.49,56900000,23454.5,57.29217148,44.15256882,3.019999981,236.0,9027.0,0.0,0.0,0.0,1.0,0.54173
2021-06-08,-0.188518954,651.2391516,49.76104595,973503041,108112000000.0,0.900459303,72.22,57050000,23374.5,54.77563858,43.19898987,2.680000067,195.0,9222.0,0.0,0.0,0.0,1.0,0.56179404
2021-06-09,0.080139512,651.2977272,50.06007344,841162218,108120000000.0,0.777987869,72.06,56950000,23362.5,56.12725067,44.2065506,3.0,413.0,9635.0,0.0,0.0,0.0,1.0,0.56179404
2021-06-10,-0.11444958,651.2429857,49.7163661,755901177,108239000000.0,0.698365773,72.52,57000000,23361.0,54.07688904,42.83911133,3.039999962,200.0,9835.0,0.0,0.0,0.0,1.0,0.56179404
2021-06-11,0.238237383,651.5873992,51.04265617,762061866,108239000000.0,0.704057563,72.69,57200000,23359.5,54.5870285,43.0379715,2.299999952,213.0,10048.0,0.0,0.0,0.0,1.0,0.58185816
2021-06-14,0.06939362,651.7457505,50.83967704,786874535,108239000000.0,0.726981617,72.86,56850000,23358.5,54.89083862,43.16455841,2.75999999,251.0,10881.0,0.0,0.0,0.0,1.0,0.6019222
2021-06-15,0.072486224,651.8477576,50.98487247,764301880,108239000000.0,0.706127078,73.99,56900000,23360.5,56.34009171,43.94213104,2.910000086,423.0,11304.0,0.0,0.0,0.0,1.0,0.62198627
2021-06-16,0.043640544,651.8421388,50.66566805,823338529,108239000000.0,0.760670156,74.39,56950000,23363.5,58.33829117,45.25613022,2.720000029,490.0,11794.0,0.0,0.0,0.0,1.0,0.62198627
2021-06-17,0.12488836,651.9279201,50.40749647,807996338,108239000000.0,0.746495735,73.08,56550000,23366.0,58.40050888,44.82323074,2.680000067,356.0,12150.0,0.0,0.0,0.0,1.0,0.62198627
2021-06-18,0.139153642,652.1802258,50.72764495,828294421,109625000000.0,0.755572771,73.51,56500000,23383.5,61.07337952,46.09571838,2.5,358.0,12508.0,0.0,0.0,0.0,1.0,0.6320183
2021-06-21,0.067788502,652.2320087,51.29050072,791746374,109634000000.0,0.722173009,74.9,56650000,23393.5,61.77996063,46.77941895,3.559999943,272.0,13530.0,0.0,0.0,0.0,1.0,0.7122746
2021-06-22,0.067364589,652.2833205,51.29011017,771727665,109743000000.0,0.70321595,74.81,56725000,23402.5,60.69229889,45.95177841,2.950000048,252.0,13782.0,0.0,0.0,0.0,1.0,0.7122746
2021-06-23,-0.076004156,652.178858,51.03901225,728715006,109727000000.0,0.664118966,75.19,56875000,23406.0,55.38566971,42.317379,3.019999981,207.0,13989.0,0.0,0.0,0.0,1.0,0.72230667
2021-06-24,-0.033244305,652.1928827,51.00217069,603142309,109899000000.0,0.548814959,75.56,56775000,23406.0,53.17399979,40.64411926,3.130000114,334.0,14323.0,0.0,0.0,0.0,1.0,0.7524028
2021-06-25,0.088396815,652.2954482,51.17762017,618021217,109899000000.0,0.562353584,76.18,56775000,23399.5,54.55059052,41.40345001,2.940000057,214.0,14537.0,0.0,0.0,0.0,1.0,0.77246684
2021-06-28,0.123963108,652.455353,51.26254085,737566035,109899000000.0,0.671130524,74.68,56750000,23394.5,58.53116989,43.32376099,2.940000057,396.0,16136.0,0.0,0.0,0.0,1.0,0.822627
2021-06-29,-0.019474408,652.4169151,51.6438008,674254897,109899000000.0,0.613520119,74.76,56650000,23398.5,57.35520172,42.4095993,3.160000086,371.0,16507.0,0.0,0.0,0.0,1.0,0.84269106
2021-06-30,-0.080131553,652.3452971,51.51492504,606022409,109954000000.0,0.55116141,74.62,56550000,23399.0,56.93225098,42.17515945,2.480000019,545.0,17052.0,0.0,0.0,0.0,1.0,0.8727872
2021-07-01,0.069011406,652.4499082,51.63290329,778138469,109963000000.0,0.707637308,75.84,56600000,23401.0,55.15074158,41.02656174,2.670000076,675.0,17727.0,0.0,0.0,0.0,1.0,0.8727872
2021-07-02,0.00679361,652.4985104,51.53124294,741622241,109963000000.0,0.674429536,76.17,56875000,23402.5,53.95198822,40.13605118,2.650000095,394.0,18121.0,0.0,0.0,0.0,1.0,0.9229474
2021-07-05,-0.215142114,652.3029509,51.01020906,1345462936,109983000000.0,1.223335634,77.16,57050000,23405.5,50.52040863,38.66809845,2.059999943,1051.0,21312.0,0.0,0.0,0.0,1.0,1.0633959
2021-07-06,-0.464775788,651.6313271,50.05172734,726827979,109985000000.0,0.660840095,74.53,57100000,23397.5,44.75477982,36.53776932,2.890000105,1029.0,22341.0,0.0,0.0,0.0,1.0,1.1336201
2021-07-07,-0.055352863,651.7897597,49.71143065,816376471,110020000000.0,0.742025779,73.43,57150000,23400.5,42.14527893,35.2117691,2.529999971,1044.0,23385.0,0.0,0.0,0.0,1.0,1.2138765
2021-07-08,-0.031423222,651.709353,49.85596752,574324254,110043000000.0,0.521907551,74.12,57225000,23405.5,39.81539154,33.95106125,1.970000029,1425.0,24810.0,0.0,0.0,0.0,1.0,1.2740687
2021-07-09,-0.278868595,651.3412463,49.30764731,778635608,110043000000.0,0.707572073,75.55,57150000,23411.0,36.98141861,32.29579163,2.690000057,1798.0,26608.0,0.0,0.0,0.0,1.0,1.3844211
2021-07-12,-0.691725891,650.6716674,47.58708101,1007607064,110055000000.0,0.915548628,75.16,56975000,23409.5,31.33275986,30.18491936,2.089999914,2187.0,32665.0,0.0,0.0,0.0,1.0,1.7957345
2021-07-13,0.272060636,650.904685,48.16594569,558644205,110055000000.0,0.507604555,76.49,56975000,23411.0,35.24542999,32.8282814,2.150000095,2744.0,35409.0,0.0,0.0,0.0,1.0,1.9462152
2021-07-14,-0.099094393,650.7843553,48.11648746,603591701,110145000000.0,0.547997356,74.76,57025000,23412.5,35.35467148,33.4719696,2.430000067,2830.0,38239.0,0.0,0.0,0.0,1.0,2.0565674
2021-07-15,0.193650164,650.9783439,48.5621251,476521766,110503000000.0,0.431228915,73.47,57225000,23412.0,36.74290848,34.59595871,3.069999933,4049.0,42288.0,0.0,0.0,0.0,1.0,2.0766315
2021-07-16,0.066065589,651.1020889,48.41641569,490387698,110503000000.0,0.443776906,73.59,57125000,23406.5,37.11188889,34.15681839,2.799999952,4004.0,46292.0,0.0,0.0,0.0,1.0,2.2572083
2021-07-19,-0.543489239,650.4385326,46.75929661,743931174,110717000000.0,0.671922585,68.62,57225000,23408.0,34.12498093,32.54565048,2.859999895,4335.0,60180.0,0.0,0.0,0.0,1.0,2.5481374
2021-07-20,0.20821292,650.7038005,47.32406543,583436018,110717000000.0,0.526962508,69.35,57225000,23414.0,36.8626709,35.06819916,2.690000057,5427.0,65607.0,0.0,0.0,0.0,1.0,3.3507004
2021-07-21,0.081422578,650.7747462,47.78345212,464663648,111992000000.0,0.414906555,72.23,57125000,23416.0,36.86473846,34.62226868,3.039999962,5537.0,71144.0,0.0,0.0,0.0,1.0,3.7118535
2021-07-22,0.29950671,651.1992068,48.26106202,548838668,113074000000.0,0.485378862,73.79,57125000,23418.0,39.49633026,37.09273148,2.839999914,7125.0,78269.0,0.0,0.0,0.0,1.0,3.7118535
2021-07-23,-0.093221283,651.0136911,47.72505951,600049394,113283000000.0,0.529691145,74.1,57175000,23415.0,39.7868309,37.30158997,2.890000105,8688.0,86957.0,0.0,0.0,0.0,1.0,3.7118535
2021-07-26,0.128931892,651.2137226,47.62711024,516129960,113290000000.0,0.455582273,74.5,57125000,23417.0,44.37144852,39.56459045,2.890000105,5174.0,106347.0,0.0,0.0,0.0,1.0,5.2567873
2021-07-27,0.111274613,651.316401,47.84362273,584650257,113334000000.0,0.515864404,74.48,56950000,23419.5,45.21665955,40.59584045,2.599999905,10774.0,117121.0,0.0,0.0,0.0,1.0,5.2567873
2021-07-28,0.055025025,651.3041736,47.63600132,413012580,113334000000.0,0.364420414,74.74,56850000,23420.0,45.44271851,40.61378098,3.079999924,6519.0,123640.0,0.0,0.0,0.0,1.0,6.3201833
2021-07-29,0.115780376,651.5600999,48.95219438,475798753,113343000000.0,0.419786258,76.05,57000000,23416.5,48.71765137,43.00072098,2.690000057,9765.0,133405.0,0.0,0.0,0.0,1.0,10.252742
2021-07-30,0.097722318,651.6499182,50.29665078,670521364,113343000000.0,0.591585523,75.41,57050000,23400.0,57.43870163,46.55419922,2.819999933,7717.0,141122.0,0.0,0.0,0.0,1.0,11.647195
2021-08-02,0.170727889,651.8603522,51.61457421,629727059,113393000000.0,0.555350702,72.89,56850000,23400.0,55.97951889,45.72864151,2.420000076,0.0,157507.0,0.0,0.0,0.0,1.0,18.87026
2021-08-03,0.080920298,651.9247362,51.30228253,667734327,113540000000.0,0.588102658,72.41,56950000,23398.0,57.55192184,47.35515976,3.049999952,16954.0,174461.0,0.0,0.0,0.0,1.0,20.776348
2021-08-04,0.215535132,652.1103206,51.21000973,678837969,113640000000.0,0.597358304,70.38,57000000,23393.0,56.60303116,46.41053009,3.059999943,7295.0,181756.0,0.0,0.0,0.0,1.0,23.34455
2021-08-05,0.182180719,652.199468,51.27008775,676006030,113640000000.0,0.594866277,71.29,56900000,23392.0,57.70600891,47.69760895,2.599999905,7310.0,189066.0,0.0,0.0,0.0,1.0,27.28714
2021-08-06,0.086978904,652.2009085,51.4891854,773013702,113640000000.0,0.680230298,70.7,56900000,23393.5,65.99060059,49.83724976,2.279999971,4315.0,193381.0,0.0,0.0,0.0,1.0,30.256622
2021-08-09,0.335559323,652.5543168,51.66950378,748662838,113762000000.0,0.658094344,69.04,56550000,23396.5,66.11427307,49.80158997,3.039999962,9334.0,224894.0,0.0,0.0,0.0,1.0,37.69036
2021-08-10,0.307029661,652.9405352,52.20552665,754271912,113648000000.0,0.663690967,70.63,56600000,23404.0,67.15396881,50.48701096,2.460000038,8043.0,232937.0,0.0,0.0,0.0,1.0,41.58279
2021-08-11,0.241705691,653.087073,52.67959989,829849910,113862000000.0,0.72881927,71.44,56550000,23399.0,65.09488678,48.62915039,3.450000048,8606.0,241543.0,0.0,0.0,0.0,1.0,45.01375
2021-08-12,0.073666873,653.0995764,52.5739434,776442372,113862000000.0,0.681913869,71.31,56750000,23273.5,67.15519714,50.27056122,2.970000029,5025.0,246568.0,0.0,0.0,0.0,1.0,48.28419
2021-08-13,0.055741921,653.1513732,52.47839796,784279273,113922000000.0,0.688433889,70.59,56750000,23269.5,66.15219879,49.90980911,2.789999962,9180.0,255748.0,0.0,0.0,0.0,1.0,51.043003
2021-08-16,0.233739563,653.3460907,52.83721414,885266951,114196000000.0,0.775215692,69.51,56900000,23274.0,67.34326935,51.02814102,4.539999962,8652.0,283696.0,0.0,0.0,0.0,1.0,61.60674
2021-08-17,0.042658883,653.3068729,52.85946007,832398133,114211000000.0,0.728823486,69.03,57000000,23276.5,67.03131104,51.07952881,3.130000114,9605.0,293301.0,0.0,0.0,0.0,1.0,64.927345
2021-08-18,0.074990583,653.3759601,52.95229237,723616830,114237000000.0,0.633436944,68.23,57000000,23279.5,66.00141907,50.37688065,2.75,8800.0,302101.0,0.0,0.0,0.0,1.0,67.916885
2021-08-19,0.149798142,653.5419029,53.07210512,780693799,114237000000.0,0.683400764,66.45,56900000,23274.5,65.48381042,49.96411133,2.900000095,10510.0,312611.0,0.0,0.0,0.0,1.0,71.729065
2021-08-20,-0.28999813,653.0992023,52.14735464,1292787242,114237000000.0,1.131675172,65.8,56800000,23280.5,59.82537842,47.82843018,2.609999895,10657.0,323268.0,0.0,0.0,0.0,1.0,75.641556
2021-08-23,-0.252612184,652.6454517,51.48284974,838427952,114239000000.0,0.733924339,68.75,56750000,23286.0,55.67881012,45.85427094,2.700000048,10397.0,358456.0,0.0,0.0,0.0,1.0,86.93763
2021-08-24,-0.156737634,652.539099,51.17706353,770507470,114239000000.0,0.674469624,71.05,56850000,23280.0,52.5497818,44.62036896,2.700000048,10811.0,369267.0,0.0,0.0,0.0,1.0,90.42878
2021-08-25,0.095423998,652.7163669,52.05900972,549663891,114239000000.0,0.481152503,72.25,56800000,23273.0,51.90584183,44.17055893,2.859999895,12096.0,381363.0,0.0,0.0,0.0,1.0,93.78951
2021-08-26,0.164884819,652.8705607,52.30417469,562350237,114673000000.0,0.490396338,71.07,56650000,23268.5,52.5492897,44.34672928,2.869999886,11575.0,392938.0,0.0,0.0,0.0,1.0,96.9797
2021-08-27,0.266904589,653.1424424,52.67959713,685696427,114673000000.0,0.597960123,72.7,56750000,23268.0,52.4535408,44.25699997,2.829999924,17428.0,410366.0,0.0,0.0,0.0,1.0,100.852066
2021-08-30,0.371573248,653.4451116,53.46691949,680008105,114677000000.0,0.592979414,73.41,56950000,23265.5,54.30469131,46.10552979,2.920000076,14224.0,449489.0,0.0,0.0,0.0,1.0,110.99445
2021-08-31,0.097833665,653.5561216,53.24020251,752232549,114724000000.0,0.6556873,71.63,57050000,23262.0,55.04465866,46.42856979,2.450000048,12607.0,462096.0,0.0,0.0,0.0,1.0,110.99445
2021-09-01,0.118488102,653.6487804,53.27692859,721171341,115123000000.0,0.626437002,71.59,57050000,23251.0,55.80220032,46.76956177,3.180000067,11434.0,473530.0,0.0,0.0,0.0,1.0,119.06021
2021-09-06,0.315653573,654.0770307,54.15785195,958141307,115167000000.0,0.831958753,72.22,57100000,23249.5,58.93119812,48.61809158,2.920000076,12481.0,536788.0,0.0,0.0,0.0,1.0,134.27881
2021-09-07,-0.14468201,653.8882508,54.36178628,880326485,115430000000.0,0.762647236,71.69,57100000,23247.5,54.84518814,45.99784851,3.230000019,14208.0,550996.0,0.0,0.0,0.0,1.0,137.44893
2021-09-08,-0.11273218,653.7865314,54.42238358,636775442,115493000000.0,0.551354549,72.85,56850000,23251.0,54.46358109,45.4056015,2.859999895,12680.0,563676.0,0.0,0.0,0.0,1.0,141.80284
2021-09-09,0.183996829,654.0159666,56.06119225,625008769,115555000000.0,0.54087597,71.45,56900000,23258.0,55.08079147,46.98011017,2.630000114,12420.0,576096.0,0.0,0.0,0.0,1.0,145.16357
2021-09-10,0.205329131,654.1493731,57.32783284,598328849,115555000000.0,0.51778745,72.92,56950000,23256.0,55.01517868,46.62799072,2.819999933,13321.0,589417.0,0.0,0.0,0.0,1.0,147.92238
2021-09-13,0.285778919,654.3286249,59.17457267,779663541,115673000000.0,0.674021044,73.51,56950000,23253.0,59.46511078,48.28210068,2.49000001,11172.0,624547.0,0.0,0.0,0.0,1.0,157.1017
2021-09-14,0.178917623,654.4809327,60.78613818,729182126,115673000000.0,0.630379738,73.6,56900000,23262.0,62.03614044,49.09584045,2.75999999,10508.0,635055.0,0.0,0.0,0.0,1.0,159.87054
2021-09-15,0.091732333,654.5849914,59.31587974,686418090,115716000000.0,0.593192273,75.46,57000000,23255.5,64.46073151,51.20851135,2.230000019,10585.0,645640.0,0.0,0.0,0.0,1.0,162.37854
2021-09-16,0.055763138,654.6131149,58.25406719,592478339,115934000000.0,0.511046877,75.67,56850000,23251.5,63.45286942,50.63130951,2.99000001,10489.0,656129.0,0.0,0.0,0.0,1.0,164.7762
2021-09-17,0.116204206,654.6535725,59.54930945,841486516,115934000000.0,0.725830849,75.34,56325000,23256.5,64.25478363,51.56925964,2.819999933,11521.0,667650.0,0.0,0.0,0.0,1.0,166.903
2021-09-20,0.139802975,654.6810575,59.16873742,892734375,115942000000.0,0.769985473,73.92,56475000,23263.0,62.00246048,49.8920517,2.960000038,8681.0,695744.0,0.0,0.0,0.0,1.0,173.6044
2021-09-21,-0.066303716,654.5041361,58.38788146,852834321,116042000000.0,0.734938078,74.36,56775000,23264.0,57.82461166,46.85353088,3.049999952,11692.0,707436.0,0.0,0.0,0.0,1.0,176.01208
2021-09-22,0.330971245,654.7210207,59.21519905,780366693,116119000000.0,0.672038201,76.19,56825000,23263.0,59.57648087,48.40867996,3.029999971,11527.0,718963.0,0.0,0.0,0.0,1.0,178.37964
2021-09-23,-0.077714909,654.7072383,58.79884773,994211520,116119000000.0,0.856197641,77.25,57025000,23266.5,57.30025101,46.89754868,2.910000086,9472.0,728435.0,0.0,0.0,0.0,1.0,182.7837
2021-09-24,-0.270092034,654.5684802,58.6796377,683523239,117124000000.0,0.583588153,78.09,56725000,23264.0,52.66138077,43.68687057,3.089999914,8537.0,736972.0,0.0,0.0,0.0,1.0,182.7837
2021-09-27,-0.42485816,654.1916497,57.79707146,786808361,117132000000.0,0.671728974,79.53,56675000,23267.5,49.65909958,42.38935089,2.369999886,9362.0,766051.0,0.0,0.0,0.0,1.0,188.18094
2021-09-28,0.091048305,654.3691962,57.55006204,628691114,117132000000.0,0.536738116,79.09,56775000,23269.5,52.03488159,44.4944191,2.599999905,4589.0,770640.0,0.0,0.0,0.0,1.0,189.96664
2021-09-29,0.019734485,654.4035553,57.13134754,597824090,117152000000.0,0.510299252,78.64,56650000,23275.0,50.93875122,43.25297165,1.799999952,8758.0,779398.0,0.0,0.0,0.0,1.0,191.59184
2021-09-30,0.149631393,654.5780339,57.78990911,471147878,117152000000.0,0.402169156,78.31,56550000,23278.5,51.28353119,43.44939041,3.170000076,11357.0,790755.0,0.0,0.0,0.0,1.0,193.62834
2021-10-01,-0.065135937,654.569814,57.65668615,736324023,117192000000.0,0.628306299,79.28,56900000,23277.5,50.32397842,42.4632988,2.440000057,6957.0,797712.0,0.0,0.0,0.0,1.0,194.99269
2021-10-04,0.137393776,654.7442231,58.66227656,754597392,117192000000.0,0.64389899,81.26,57050000,23275.5,51.72137833,43.35839844,2.930000067,5383.0,813961.0,0.0,0.0,0.0,1.0,199.08577
2021-10-05,0.091936338,654.8702881,58.99613374,667517351,117192000000.0,0.569593471,82.56,57100000,23274.5,51.66056061,42.8751297,2.470000029,4363.0,818324.0,0.0,0.0,0.0,1.0,200.43007
2021-10-06,0.157807351,654.9918732,59.02088931,626688563,117204000000.0,0.534698483,81.08,57100000,23276.5,53.2652092,43.69852829,2.789999962,4363.0,822687.0,0.0,0.0,0.0,1.0,201.62387
2021-10-07,0.174856889,655.2432527,59.37404792,681447365,117354000000.0,0.580676224,81.95,57500000,23282.5,52.72657013,43.28678894,4.070000172,4150.0,826837.0,0.0,0.0,0.0,1.0,202.87788
2021-10-08,0.047047487,655.3465271,59.6410241,618018885,117362000000.0,0.52659153,82.73,57500000,23280.0,53.36531067,43.03615952,2.900000095,4806.0,831643.0,0.0,0.0,0.0,1.0,204.02153
2021-10-11,0.058022641,655.4679005,60.67162821,746601560,117363000000.0,0.636149485,83.65,57600000,23282.5,54.6257019,43.55356979,2.190000057,3619.0,843281.0,0.0,0.0,0.0,1.0,207.3622
2021-10-12,0.025404865,655.5269436,60.3671364,721885516,117471000000.0,0.614523338,83.42,57700000,23284.5,51.53091049,41.39286041,3.539999962,2949.0,846230.0,0.0,0.0,0.0,1.0,208.29518
2021-10-13,0.102241049,655.5577497,60.19809269,627829026,117471000000.0,0.534455367,83.18,57700000,23288.0,52.71310043,42.32143021,3.160000086,3461.0,849691.0,0.0,0.0,0.0,1.0,209.35858
2021-10-14,0.144692023,655.6243491,60.32226898,705663130,117471000000.0,0.600713621,84.0,57650000,23286.0,55.97937012,44.75,2.829999924,4151.0,853842.0,0.0,0.0,0.0,1.0,210.17117
2021-10-15,0.068522025,655.7130898,60.21211841,755641565,119458000000.0,0.632557983,84.92,57600000,23277.0,63.61360931,47.25,3.349999905,3797.0,857639.0,0.0,0.0,0.0,1.0,211.10414
2021-10-18,0.012242279,655.7295618,59.89280254,777437403,119678000000.0,0.649609694,84.33,57600000,23277.5,61.93780136,46.1152916,2.640000105,3168.0,867221.0,0.0,0.0,0.0,1.0,213.37138
2021-10-19,0.030773628,655.7067272,60.03189439,614048139,119678000000.0,0.513085197,85.08,57600000,23279.5,61.79162979,45.97206879,2.589999914,3034.0,870255.0,0.0,0.0,0.0,1.0,214.1238
2021-10-20,0.034410377,655.6674293,60.14233814,811530016,120033000000.0,0.676088428,85.82,57600000,23270.5,60.90327072,45.11278152,1.940000057,3646.0,873901.0,0.0,0.0,0.0,1.0,214.8461
2021-10-21,0.165933989,655.751213,60.34753191,688248379,120033000000.0,0.573382075,84.61,57750000,23269.5,62.49147034,46.20479965,3.00999999,3636.0,877537.0,0.0,0.0,0.0,1.0,215.05678
2021-10-22,0.144258686,655.9253423,60.54794867,782431855,120142000000.0,0.651254432,85.66,57850000,23268.0,62.18653107,46.30294037,2.569999933,3985.0,881522.0,0.0,0.0,0.0,1.0,216.12016
2021-10-25,0.020397698,655.8815138,60.05385818,878193523,120142000000.0,0.730961323,85.99,57900000,23265.0,61.19763947,45.60713959,2.559999943,3639.0,892579.0,0.0,0.0,0.0,1.0,218.07642
2021-10-26,0.11802834,656.0315625,60.66188022,711832597,120142000000.0,0.592491385,86.4,58250000,23261.5,60.51794052,44.88005829,2.609999895,3595.0,896174.0,0.0,0.0,0.0,1.0,218.71846
2021-10-27,0.231666557,656.3493751,60.93132779,913069621,120295000000.0,0.759024802,84.58,58350000,23262.5,61.96866989,45.64286041,2.940000057,4411.0,900585.0,0.0,0.0,0.0,1.0,219.2602
2021-10-28,0.177177264,656.5290618,60.69143735,843981883,120099000000.0,0.702737901,84.32,58150000,23269.5,63.87945175,46.94643021,1.610000014,4892.0,905477.0,0.0,0.0,0.0,1.0,219.80193
2021-10-29,0.168394955,656.6362308,60.71284079,939727111,120095000000.0,0.782489016,84.38,58150000,23262.5,63.70320892,47.625,3.160000086,4899.0,910376.0,0.0,0.0,0.0,1.0,220.36372
2021-11-01,-0.015811636,659.1769372,56.60942003,1101156431,120170000000.0,0.91633023,84.71,57950000,23267.0,61.43872833,48.03570938,3.160000086,5598.0,926720.0,0.0,0.0,0.0,1.0,222.05913
2021-11-02,0.272505727,659.3616659,56.95965969,984608172,120172000000.0,0.819330248,84.72,58200000,23272.5,63.33906174,49.69643021,2.920000076,5637.0,932357.0,0.0,0.0,0.0,1.0,222.76137
2021-11-03,-0.363162065,659.00449,55.14347475,1475871388,120221000000.0,1.227631256,81.99,58250000,23267.0,57.74300003,47.01493073,2.559999943,7106.0,939463.0,0.0,0.0,0.0,1.0,223.54387
2021-11-04,0.153668701,659.1080114,56.30997618,902839183,120421000000.0,0.74973525,80.54,58150000,23273.5,57.97293091,47.64268112,2.619999886,6580.0,946043.0,0.0,0.0,0.0,1.0,224.13576
2021-11-05,0.173685085,659.3657418,56.92017693,849287208,120423000000.0,0.705254401,82.42,58400000,23213.5,59.53913116,49.20241165,2.99000001,7504.0,953547.0,0.0,0.0,0.0,1.0,224.83801
2021-11-08,0.176611402,659.5758867,57.30368724,1046583047,120423000000.0,0.86909033,83.43,58650000,23208.5,61.17026901,50.79758835,2.99000001,7988.0,976672.0,0.0,0.0,0.0,1.0,226.70396
2021-11-09,0.163675365,659.6384758,57.4051567,1023080026,120423000000.0,0.849573218,84.78,58950000,23201.0,61.39300156,51.09889984,2.74000001,8133.0,984805.0,0.0,0.0,0.0,1.0,227.58679
2021-11-10,0.34768813,659.9220006,57.72090006,966579309,120438000000.0,0.802551896,82.64,59050000,23196.5,62.10303116,51.75035095,3.109999895,7930.0,992735.0,0.0,0.0,0.0,1.0,228.37932
2021-11-11,0.175577477,660.0415386,58.02622198,1239892945,120438000000.0,1.029484517,82.87,59650000,23199.0,61.76153946,51.73266983,2.359999895,8162.0,1000897.0,0.0,0.0,0.0,1.0,229.222
2021-11-12,0.130636564,660.1240222,58.26838311,941160729,120438000000.0,0.781446202,82.14,60350000,23204.0,62.63504028,52.31612015,1.889999986,8982.0,1009879.0,0.0,0.0,0.0,1.0,230.0346
2021-11-15,0.335888631,660.5777419,58.49036213,1150791420,121234000000.0,0.949228219,82.05,60450000,23198.5,62.86458969,52.79349136,3.230000019,8616.0,1035138.0,0.0,0.0,0.0,1.0,232.57271
2021-11-16,-0.066134601,660.5188555,58.7353631,1189618638,121234000000.0,0.981255111,82.43,61450000,23200.0,59.84342957,50.63648987,3.00999999,10259.0,1045397.0,0.0,0.0,0.0,1.0,233.4455
2021-11-17,0.10509576,660.6583958,59.51073238,839246419,121234000000.0,0.692251123,80.28,61450000,23203.5,58.88872147,50.28289032,2.799999952,9849.0,1055246.0,0.0,0.0,0.0,1.0,234.11765
2021-11-18,0.181683261,660.6317261,59.33764292,1067902267,121234000000.0,0.880857549,81.24,61375000,23204.5,58.71603012,50.15911865,2.5,10223.0,1065469.0,0.0,0.0,0.0,1.0,235.5121
2021-11-19,-0.377590292,660.1984318,57.5179461,1498371778,121280000000.0,1.235466506,78.47,60450000,23202.5,56.78815842,48.70933914,2.710000038,9625.0,1075094.0,0.0,0.0,0.0,1.0,236.53535
2021-11-22,-0.423761418,659.7464925,56.69325815,4616157906,121286000000.0,3.806015589,79.7,59650000,23206.0,50.37602997,45.4031105,3.130000114,432.0,1104835.0,0.0,0.0,0.0,1.0,240.27731
2021-11-23,0.205128397,659.9864371,57.32110813,854487883,121498000000.0,0.70329376,82.31,59650000,23213.5,54.70270157,47.98443985,3.130000114,39132.0,1143967.0,0.0,0.0,0.0,1.0,241.95267
2021-11-24,0.177881716,660.2266454,58.05309997,1074597489,121518000000.0,0.884311338,82.25,59750000,23217.5,55.10491943,47.7369194,1.5,11811.0,1155778.0,0.0,0.0,0.0,1.0,243.20667
2021-11-25,0.179162777,660.4350085,58.56594962,979994840,121518000000.0,0.806460612,82.22,59800000,23220.5,54.76488113,47.20650864,2.839999914,12450.0,1168228.0,0.0,0.0,0.0,1.0,244.85191
2021-11-26,-0.129936656,660.1650226,58.30641407,1030050330,121519000000.0,0.84764325,72.89,60650000,23219.5,52.13249969,45.27362823,2.920000076,13109.0,1181337.0,0.0,0.0,0.0,1.0,246.2263
2021-11-29,0.098305212,660.1813974,58.14696347,969897150,121525000000.0,0.798103466,73.44,60300000,23218.5,51.97864151,45.17900848,3.00999999,13770.0,1224110.0,0.0,0.0,0.0,1.0,251.35268
2021-11-30,0.120478386,660.3358809,58.26223578,1062544589,121555000000.0,0.874124877,69.23,60350000,23216.5,51.12667084,44.62517929,3.089999914,13972.0,1238082.0,0.0,0.0,0.0,1.0,253.329
2021-12-01,0.031603088,660.4122843,58.18632787,859535221,121805000000.0,0.705666321,68.87,60300000,23218.5,50.27080154,44.37765121,2.559999943,14508.0,1252590.0,0.0,0.0,0.0,1.0,255.29527
2021-12-02,0.019245568,660.3883988,58.08269311,751031875,121805000000.0,0.616586601,69.67,60350000,23210.5,49.32733154,43.58203888,2.529999971,13698.0,1266288.0,0.0,0.0,0.0,1.0,257.402
2021-12-03,-0.356527311,660.0530583,57.31454675,1073957708,121940000000.0,0.880726898,70.05,60500000,23210.5,44.70550919,40.58200836,3.069999933,14492.0,1280780.0,0.0,0.0,0.0,1.0,259.40842
2021-12-06,-0.65028037,659.5905362,55.70444208,1013108309,121875000000.0,0.831268959,73.08,61150000,23230.0,41.23175812,38.84371185,2.99000001,14591.0,1323683.0,0.0,0.0,0.0,1.0,265.67844
2021-12-07,0.431571347,660.1152803,56.56162898,735218900,121875000000.0,0.603256971,75.44,61000000,23253.0,43.71559143,40.62942123,2.720000029,13840.0,1337523.0,0.0,0.0,0.0,1.0,267.85538
2021-12-08,-0.035880246,660.1513769,57.10534315,757272981,121895000000.0,0.621251768,75.82,60750000,22900.0,42.54373932,40.15205002,2.650000095,14599.0,1352122.0,0.0,0.0,0.0,1.0,270.16275
2021-12-09,0.106960375,660.3023642,57.24113233,652646366,121898000000.0,0.535404613,74.42,60900000,22900.0,46.20555115,42.91017914,2.900000095,15311.0,1367433.0,0.0,0.0,0.0,1.0,272.73096
2021-12-10,0.083623203,660.3701892,57.83305498,791861951,121921000000.0,0.649489553,75.34,60900000,22900.0,50.85778046,44.2715683,3.170000076,14839.0,1382272.0,0.0,0.0,0.0,1.0,274.89786
2021-12-13,0.296162915,660.6301433,59.2311775,846993313,121921000000.0,0.694708601,74.39,61200000,22900.0,51.26366043,44.89038086,3.049999952,15377.0,1428428.0,0.0,0.0,0.0,1.0,281.70963
2021-12-14,0.07796639,660.7056669,59.37334505,951366408,121964000000.0,0.78003637,73.7,61250000,22900.0,50.15108871,44.20418167,3.0,15220.0,1443648.0,0.0,0.0,0.0,1.0,284.2377
2021-12-15,-0.038369097,660.6318968,58.81921879,920371607,121964000000.0,0.754623373,73.88,61050000,22900.0,48.57376099,42.89250183,3.160000086,15527.0,1459175.0,0.0,0.0,0.0,1.0,287.07675
2021-12-16,0.06668715,660.7537638,58.17138063,1080499716,121966000000.0,0.885902701,75.02,61200000,22900.0,49.69694138,43.99148941,3.210000038,34062.0,1493237.0,0.0,0.0,0.0,1.0,289.49448
2021-12-17,0.092020971,660.80258,58.46649991,943325664,121966000000.0,0.773433571,72.97,61400000,22900.0,49.93286133,43.95603943,3.00999999,15236.0,1508473.0,0.0,0.0,0.0,1.0,291.96237
2021-12-20,-0.120176532,660.6313934,58.38704254,901059619,121966000000.0,0.738779602,71.52,61350000,22900.0,48.1322403,42.75080109,3.019999981,14977.0,1555455.0,0.0,0.0,0.0,1.0,298.8644
2021-12-21,0.063822508,660.6767575,58.20038929,1041559503,121991000000.0,0.853800577,73.98,61200000,22900.0,48.76802063,42.89250183,3.390000105,16325.0,1571780.0,0.0,0.0,0.0,1.0,301.3724
2021-12-22,0.104995863,660.7546644,58.07946641,1280470514,121991000000.0,1.04964379,75.29,61200000,22900.0,48.95137024,43.06930923,3.369999886,16555.0,1588335.0,0.0,0.0,0.0,1.0,303.47916
2021-12-23,-0.125584895,660.6956299,57.83074699,936565240,121991000000.0,0.767733327,76.85,61260000,22900.0,51.15167999,44.39915085,2.710000038,16377.0,1604712.0,0.0,0.0,0.0,1.0,306.28812
2021-12-24,0.098646293,660.7823779,58.128475,730318099,122530000000.0,0.596033938,76.14,61260000,22840.0,58.03422928,47.14640045,3.059999943,16157.0,1620869.0,0.0,0.0,0.0,1.0,308.64563
2021-12-27,0.068864771,660.912825,58.32974457,744954022,122530000000.0,0.607978743,78.6,61260000,22810.0,54.92718887,45.35625839,3.650000095,14872.0,1666545.0,0.0,0.0,0.0,1.0,315.18652
2021-12-28,0.072513403,660.9180245,58.29234332,986598149,122530000000.0,0.805191575,78.94,61160000,22835.0,55.60984039,45.83480835,3.480000019,14440.0,1680985.0,0.0,0.0,0.0,1.0,317.33337
2021-12-29,0.086532306,660.9307407,58.50148581,826496647,122530000000.0,0.674528061,79.23,61160000,22820.0,53.80580902,44.00922012,3.269999981,13889.0,1694874.0,0.0,0.0,0.0,1.0,319.79123
2021-12-30,0.084582953,660.9848996,58.78118054,727783332,123261000000.0,0.590438881,79.32,60960000,22765.0,54.15694046,44.25735855,3.220000029,19868.0,1714742.0,0.0,0.0,0.0,1.0,322.71057
2021-12-31,-0.084634916,660.8963488,58.53486117,840767599,123261000000.0,0.682101195,77.78,60960000,22825.0,51.72710037,42.53889847,3.74000001,16515.0,1731257.0,0.0,0.0,0.0,1.0,324.97778
2022-01-04,-1.752859462,655.64254,35.82155648,797517824,124135000000.0,0.642461702,80.33,61150000,22752.0,44.85726929,42.33272934,3.059999943,21728.0,1800704.0,0.0,0.0,0.0,1.0,333.51505
2022-01-05,0.143671475,655.746355,36.15507187,969337025,124152000000.0,0.780764868,80.36,61250000,22755.0,45.45743942,43.01988983,2.930000067,17017.0,1817721.0,0.0,0.0,0.0,1.0,335.82242
2022-01-06,-0.004111503,655.7178975,36.1163307,1054751482,124155000000.0,0.849543205,82.12,61275000,22745.0,45.63235855,43.09281921,3.869999886,25842.0,1843563.0,0.0,0.0,0.0,1.0,337.51785
2022-01-07,0.111387083,655.9251799,36.27179462,913887136,124953000000.0,0.731385129,81.94,61070000,22685.0,46.1422081,43.49166107,2.460000038,16278.0,1859841.0,0.0,0.0,0.0,1.0,339.85532
2022-01-10,-0.193105637,655.6145992,35.89152918,1274662899,124953000000.0,1.020114467,81.14,61300000,22695.0,45.30820084,43.27410889,2.720000029,14818.0,1914393.0,0.0,0.0,0.0,1.0,346.41626
2022-01-11,-0.185866481,655.3775039,35.59772024,1186946914,124953000000.0,0.949915254,83.9,61345000,22698.0,42.98435974,41.87318039,3.690000057,16035.0,1930428.0,0.0,0.0,0.0,1.0,348.98447
2022-01-12,-0.098608398,655.3597397,35.43062498,1061856197,125361000000.0,0.847036387,84.94,61375000,22698.0,41.26557922,40.97172165,3.390000105,28291.0,1958719.0,0.0,0.0,0.0,1.0,350.76013
2022-01-13,-0.331712848,655.0744616,35.02832053,934512959,125368000000.0,0.745416791,84.23,61325000,22710.0,39.81470108,40.18082809,1.409999967,16725.0,1975444.0,0.0,0.0,0.0,1.0,352.82672
2022-01-14,-0.062855271,655.1072527,34.92680691,706968049,125417000000.0,0.563691727,86.48,61375000,22710.0,38.87417984,39.27666855,3.519999981,16040.0,1991484.0,0.0,0.0,0.0,1.0,354.5422
2022-01-17,-0.614249952,654.5192309,33.81128493,882644543,125491000000.0,0.70335483,86.64,61350000,22720.0,34.16630173,36.38505936,3.450000048,0.0,2023726.0,0.0,0.0,0.0,1.0,359.02652
2022-01-18,-0.383429057,654.36721,33.35991156,660421109,125548000000.0,0.526032355,88.66,61400000,22750.0,31.45241928,34.55401993,4.039999962,38582.0,2062308.0,0.0,0.0,0.0,1.0,360.87244
2022-01-19,-0.034327532,654.3013596,33.32161755,534461810,125548000000.0,0.425704449,87.78,61400000,22700.0,31.85454941,35.15512085,2.579999924,15959.0,2078267.0,0.0,0.0,0.0,1.0,362.29697
2022-01-20,0.39984045,654.650661,33.90442724,733003365,125942000000.0,0.582015888,87.5,61600000,22645.0,34.86183167,37.38335037,3.670000076,16715.0,2094982.0,0.0,0.0,0.0,1.0,363.82184
2022-01-21,0.024633155,654.6699331,33.85347162,751311606,126156000000.0,0.595542821,87.81,61400000,22625.0,35.29748917,37.38335037,2.75,15935.0,2110917.0,0.0,0.0,0.0,1.0,365.5975
2022-01-24,-0.546449435,654.0055067,33.06692632,752167461,125032000000.0,0.601578532,87.19,61575000,22675.0,37.42805099,35.57070923,3.859999895,14362.0,2155964.0,0.0,0.0,0.0,1.0,370.02164
2022-01-25,0.02698535,654.2201487,33.01237998,674045590,125036000000.0,0.539083216,87.91,62075000,22630.0,38.06523895,36.32447815,3.700000048,15743.0,2171707.0,0.0,0.0,0.0,1.0,371.28568
2022-01-26,-0.102630702,654.1698108,32.70353,731922691,125044000000.0,0.585333118,89.38,62225000,22630.0,37.46252823,35.80401993,3.49000001,15954.0,2187661.0,0.0,0.0,0.0,1.0,372.84064
2022-01-27,-0.072660585,654.0916777,32.58478205,493693937,125053000000.0,0.394787801,89.69,62000000,22630.0,36.16429901,34.70672989,2.829999924,15727.0,2203388.0,0.0,0.0,0.0,1.0,374.10468
2022-01-28,0.138552283,654.1484307,32.7240109,630208782,125108000000.0,0.503731868,89.82,62250000,22645.0,38.82360077,36.81457138,3.960000038,14929.0,2218317.0,0.0,0.0,0.0,1.0,375.5192
2022-02-07,0.571990249,654.735677,33.28031134,509851714,125108000000.0,0.407527902,93.53,62800000,22665.0,43.36363983,40.59674835,3.859999895,16815.0,2358966.0,0.0,0.0,0.0,1.0,385.47098
2022-02-08,0.301615135,654.9693731,33.74751454,656789109,125191000000.0,0.524630687,91.83,63125000,22715.0,44.66481018,42.09764862,4.110000134,21909.0,2380875.0,0.0,0.0,0.0,1.0,386.4441
2022-02-09,0.1478439,655.0678959,33.99714449,711692860,125191000000.0,0.568486614,92.3,62225000,22680.0,48.39921951,44.67892838,4.269999981,23956.0,2404831.0,0.0,0.0,0.0,1.0,387.37708
2022-02-10,0.082014492,655.2834357,34.09904036,583181049,126337000000.0,0.461607195,91.91,61750000,22680.0,49.30168915,45.00537109,4.269999981,26032.0,2430863.0,0.0,0.0,0.0,1.0,388.11945
2022-02-11,-0.005469465,655.2348918,34.10778247,546758833,126337000000.0,0.432777741,95.53,61400000,22685.0,54.60321045,47.37976074,4.010000229,26487.0,2457350.0,0.0,0.0,0.0,1.0,389.08252
2022-02-14,-0.072942516,655.169217,33.97444827,714582129,126337000000.0,0.565615443,96.19,62400000,22725.0,56.93521881,47.79253006,3.029999971,29413.0,2540453.0,0.0,0.0,0.0,1.0,391.6206
2022-02-15,-0.079732929,655.1913223,33.61915719,533884900,126250000000.0,0.422879924,93.87,62850000,22750.0,57.76208878,48.03078842,3.920000076,31814.0,2572267.0,0.0,0.0,0.0,1.0,392.47333
2022-02-16,0.202316722,655.3073925,34.00035866,590393700,126251000000.0,0.467635364,92.37,62500000,22750.0,55.20986176,46.60713959,3.900000095,34717.0,2606984.0,0.0,0.0,0.0,1.0,393.13547
2022-02-17,0.263554099,655.6321189,34.39360727,560230800,126377000000.0,0.443301506,93.24,62800000,22785.0,56.00508118,47.32143021,3.950000048,36200.0,2643184.0,0.0,0.0,0.0,1.0,394.03833
2022-02-18,0.226365326,655.8373333,34.80366218,642084400,126377000000.0,0.508070926,94.09,63150000,22820.0,64.04814911,50.35713959,3.950000048,42439.0,2685623.0,0.0,0.0,0.0,1.0,394.8409
2022-02-21,0.27794965,656.0363379,35.396727,697758200,126377000000.0,0.552124697,97.42,62900000,22800.0,64.69039154,50.80559158,3.980000019,46880.0,2834533.0,0.0,0.0,0.0,1.0,397.31882
2022-02-22,-0.075031112,656.2444347,35.39416938,837383700,126376000000.0,0.662611111,96.02,63250000,22815.0,63.8400116,50.03580093,3.75,56149.0,2890682.0,0.0,0.0,0.0,1.0,398.09128
2022-02-23,0.168412892,656.504357,36.21002427,622268100,126469000000.0,0.492031075,97.17,63450000,22825.0,66.68884277,52.33929062,3.849999905,81856.0,2972538.0,0.0,0.0,0.0,1.0,398.46246
2022-02-24,-0.280684512,656.284479,35.88779774,1076478300,126483000000.0,0.851086705,98.26,63900000,22840.0,60.86214828,49.42713928,3.920000076,69128.0,3041666.0,0.0,0.0,0.0,1.0,400.11774
2022-02-25,0.16569469,656.3034051,36.04559257,685302000,126483000000.0,0.541814378,96.86,65950000,22820.0,59.04143143,48.81847,3.700000048,78795.0,3120461.0,0.0,0.0,0.0,1.0,400.90024
2022-02-28,0.067648909,656.3334785,36.12018322,657238000,126483000000.0,0.519626381,100.34,65550000,22805.0,57.80403137,47.94128036,3.900000095,122480.0,3443645.0,0.0,0.0,0.0,1.0,403.80954
2022-03-01,0.128381754,656.4589794,36.33084008,760770200,126592000000.0,0.600962776,109.9,65625000,22815.0,57.46902847,47.65485001,3.809999943,114144.0,3557789.0,0.0,0.0,0.0,1.0,404.6723
2022-03-02,-0.075530454,656.4010562,36.16689812,861025200,126592000000.0,0.680158206,116.95,66400000,22840.0,55.27053833,46.50912857,3.75999999,151852.0,3709641.0,0.0,0.0,0.0,1.0,405.81595
2022-03-03,0.292611979,656.6930272,36.62767468,850354300,126633000000.0,0.671509074,112.69,66925000,22835.0,57.53865051,48.17856979,3.789999962,176150.0,3885791.0,0.0,0.0,0.0,1.0,406.76898
2022-03-04,0.166811632,656.7921955,36.84385319,837562800,126633000000.0,0.661407863,120.38,67175000,22830.0,60.45465851,49.78625107,2.880000114,173631.0,4059422.0,0.0,0.0,0.0,1.0,407.7421
2022-03-07,0.121018076,656.9048544,36.98539045,887279400,126633000000.0,0.700668146,126.53,69500000,22845.0,59.76618958,49.3053093,3.660000086,147358.0,4582218.0,0.0,0.0,0.0,1.0,410.22
2022-03-08,-0.103804655,656.6781458,36.60552499,941093000,126739000000.0,0.742545297,131.4,72600000,22845.0,55.43048096,46.7580986,3.130000114,194815.0,4777033.0,0.0,0.0,0.0,1.0,411.08276
2022-03-09,0.131147345,656.8701751,36.99188748,854257700,126739000000.0,0.67403013,114.28,71100000,22835.0,53.97190857,45.95653915,3.50999999,265163.0,5042196.0,0.0,0.0,0.0,1.0,412.17627
2022-03-10,0.215221722,656.9112294,37.16814601,603829200,126739000000.0,0.476435533,110.82,67200000,22835.0,54.53322983,46.40185165,3.170000076,218459.0,5260655.0,0.0,0.0,0.0,1.0,412.88855
2022-03-11,-0.165986627,656.6265371,36.94353116,823793900,126759000000.0,0.649891464,114.09,68800000,22873.0,51.49460983,44.10403061,4.079999924,188440.0,5449095.0,0.0,0.0,0.0,1.0,413.6008
2022-03-14,-0.232736899,656.3308718,36.56813904,780413500,126777000000.0,0.615578501,107.23,68900000,22890.0,50.30302811,43.90808868,3.700000048,264790.0,6377598.0,0.0,0.0,0.0,1.0,416.0988
2022-03-15,0.097579556,656.4859323,36.80755576,612221000,126792000000.0,0.482853641,99.72,67800000,22880.0,49.4347496,43.30245972,3.74000001,175480.0,6553078.0,0.0,0.0,0.0,1.0,416.78098
2022-03-16,0.235899754,656.6746055,37.36297061,523707600,126792000000.0,0.413043854,99.03,67950000,22879.0,54.12546921,46.11685181,3.559999943,267540.0,6820618.0,0.0,0.0,0.0,1.0,417.40295
2022-03-17,0.02310478,656.6728537,37.40532466,661409600,126792000000.0,0.521648283,107.98,67800000,22865.0,53.0384407,44.92856979,3.74000001,353965.0,7174583.0,0.0,0.0,0.0,1.0,418.16537
2022-03-18,0.048261244,656.7653705,37.50568327,717204500,126994000000.0,0.564755872,109.02,68300000,22860.0,53.23514175,45.05907822,3.769999981,192689.0,7367272.0,0.0,0.0,0.0,1.0,418.7372
2022-03-21,0.16017749,656.9765649,37.91182267,691351700,126994000000.0,0.54439833,117.19,68400000,22860.0,53.88418961,45.68563843,3.430000067,131713.0,8089921.0,0.0,0.0,0.0,1.0,420.8339
2022-03-22,0.074644558,657.1295473,38.02463133,866982800,127001000000.0,0.682659743,115.23,68400000,22870.0,55.73963165,47.2182312,3.680000067,249153.0,8339074.0,0.0,0.0,0.0,1.0,421.486
2022-03-23,0.115508818,657.2279276,38.20382162,751983500,127001000000.0,0.592109627,122.12,68150000,22872.0,53.44417953,45.43502045,3.74000001,140837.0,8479911.0,0.0,0.0,0.0,1.0,422.09793
2022-03-24,0.104701995,657.3447693,38.42081968,729816200,127001000000.0,0.57465516,118.57,68450000,22869.0,53.3475914,45.19643021,3.690000057,120000.0,8599911.0,0.0,0.0,0.0,1.0,422.8002
2022-03-25,0.159600527,657.5144716,38.75862076,694751500,127030000000.0,0.546920588,120.12,68750000,22861.0,53.87718964,45.46429062,3.700000048,161501.0,8761412.0,0.0,0.0,0.0,1.0,423.31183
2022-03-28,0.016053625,657.6069408,38.95978478,953530300,127030000000.0,0.750635806,110.03,69250000,22860.0,55.37705994,46.21429062,3.779999971,263376.0,9275009.0,0.0,0.0,0.0,1.0,424.937
2022-03-29,0.339636591,657.9650696,39.73028591,656806100,127049000000.0,0.516971201,111.93,69000000,22865.0,57.53187943,48.08929062,3.660000086,111640.0,9386649.0,0.0,0.0,0.0,1.0,425.48877
2022-03-30,-0.180780254,657.8417775,39.47693169,849178700,127079000000.0,0.668229628,114.22,68850000,22854.0,52.97056961,45.43996811,3.559999943,85765.0,9472414.0,0.0,0.0,0.0,1.0,425.9001
2022-03-31,-0.087466235,657.7939202,39.36353248,599111900,127079000000.0,0.47144885,108.63,68500000,22838.0,53.74052811,45.77841187,3.690000057,92355.0,9564769.0,0.0,0.0,0.0,1.0,426.29132
2022-04-01,0.044458781,657.884581,39.35472697,837013600,127079000000.0,0.658656742,107.29,68650000,22837.0,58.22528076,48.60364914,3.670000076,86054.0,9650823.0,0.0,0.0,0.0,1.0,426.6224
2022-04-04,0.071151828,657.9666245,39.49611054,695788500,127094000000.0,0.547460278,110.56,68600000,22846.0,58.47912979,48.28142166,3.690000057,48717.0,9867205.0,0.0,0.0,0.0,1.0,427.7861
2022-04-05,0.034969219,657.9290763,39.4469073,630716100,127116000000.0,0.496173428,108.1,68625000,22873.0,57.21538162,46.99248123,3.950000048,54995.0,9922200.0,0.0,0.0,0.0,1.0,428.17737
2022-04-06,-0.194214452,657.7475655,39.11682941,872319000,127116000000.0,0.686238255,104.03,68425000,22866.0,54.80374908,45.5066185,3.950000048,58424.0,9980624.0,0.0,0.0,0.0,1.0,428.48834
2022-04-07,-0.314431911,657.4026742,38.46201762,725694500,127125000000.0,0.57085086,103.6,68425000,22859.0,51.38571167,43.75223923,3.470000029,90228.0,10070852.0,0.0,0.0,0.0,1.0,428.69904
2022-04-08,-0.279393131,657.0526362,38.01850527,711191300,127134000000.0,0.559404793,104.54,68575000,22860.0,46.31774139,40.5298996,3.809999943,65097.0,10135949.0,0.0,0.0,0.0,1.0,429.05014
2022-04-12,-0.452748088,656.6054546,37.18129437,627939400,127136000000.0,0.493912442,106.63,69225000,22888.0,41.59807968,37.80881119,3.319999933,22804.0,10273124.0,0.0,0.0,0.0,1.0,429.95303
2022-04-13,0.327500934,657.0463668,37.87675218,607279300,127264000000.0,0.477181071,110.54,69350000,22887.0,43.55361938,39.67060852,3.319999933,24623.0,10297747.0,0.0,0.0,0.0,1.0,430.15366
2022-04-14,0.050417805,657.063888,38.11319519,467536600,127264000000.0,0.36737563,113.19,69550000,22900.0,42.62181854,38.98062134,3.319999933,23012.0,10320759.0,0.0,0.0,0.0,1.0,430.3844
2022-04-15,-0.038031218,657.1684496,38.30552181,605805500,128558000000.0,0.471231493,113.19,69250000,22899.0,40.86936951,37.72433853,3.819999933,73934.0,10394693.0,0.0,0.0,0.0,1.0,430.61514
2022-04-18,-0.400330414,656.8534436,37.90300815,752556900,128558000000.0,0.585383447,113.94,69650000,22890.0,38.64065933,37.04235077,3.799999952,43272.0,10475979.0,0.0,0.0,0.0,1.0,430.9462
2022-04-19,-0.403946665,656.4863514,37.4386595,628632600,128615000000.0,0.488771056,108.59,70150000,22955.0,33.98371124,33.73015976,3.619999886,13500.0,10489479.0,0.0,0.0,0.0,1.0,431.12677
2022-04-20,-0.514933576,655.9330835,36.46329688,618772900,128652000000.0,0.48096726,108.27,69900000,22962.0,32.26887894,32.97257996,3.619999886,13271.0,10502750.0,0.0,0.0,0.0,1.0,431.197
2022-04-21,-0.395680719,655.6342299,35.96466093,707430300,128652000000.0,0.549879953,109.59,69900000,22962.0,30.60227966,32.39665985,4.0,30574.0,10533324.0,0.0,0.0,0.0,1.0,431.2873
2022-04-22,-0.200529946,655.5012997,35.50179861,748901000,128652000000.0,0.582115124,106.86,70200000,22965.0,28.81539917,30.86799049,3.640000105,11160.0,10544484.0,0.0,0.0,0.0,1.0,431.3575
2022-04-25,-0.885443591,654.3391385,34.01496169,646538900,128831000000.0,0.501852069,103.34,69850000,22983.0,24.02872086,27.98834038,3.49000001,8270.0,10571932.0,0.0,0.0,0.0,1.0,431.58826
2022-04-26,0.328763602,654.7785851,34.26509568,637404300,128897000000.0,0.494505265,106.1,69750000,22970.0,26.65786934,29.8277092,3.599999905,48431.0,10620363.0,0.0,0.0,0.0,1.0,431.66852
2022-04-27,0.325914133,655.0418468,34.64355566,454027000,128917000000.0,0.352186394,105.9,69750000,22965.0,29.78860092,32.38452911,3.670000076,11313.0,10631676.0,0.0,0.0,0.0,1.0,431.71866
2022-04-28,0.173471764,655.1016161,34.89805389,430516800,128980000000.0,0.333785621,108.23,69650000,22956.0,32.10379028,34.51485825,3.640000105,7116.0,10638792.0,0.0,0.0,0.0,1.0,431.74875
2022-04-29,0.312714483,655.3412391,35.38265317,503884500,129104000000.0,0.390292364,107.59,69850000,22963.5,36.25785065,38.47117996,4.289999962,6068.0,10644860.0,0.0,0.0,0.0,1.0,431.7588
2022-05-04,-0.108764054,655.2313504,35.03352007,475373600,129104000000.0,0.368208759,111.0,69600000,22966.0,38.25529099,39.91384888,3.940000057,3088.0,10662606.0,0.0,0.0,0.0,1.0,431.8491
2022-05-05,-0.157508697,655.235646,34.82141063,484885400,129138000000.0,0.375477925,111.85,70000000,22955.0,35.5778389,37.20388031,3.710000038,4305.0,10666911.0,0.0,0.0,0.0,1.0,431.86914
2022-05-06,-0.496069337,654.6719714,34.1579361,478976000,129164000000.0,0.370826462,113.91,69850000,22955.0,33.51583862,35.28356171,3.799999952,3819.0,10670730.0,0.0,0.0,0.0,1.0,431.92935
2022-05-09,-0.867225849,653.6584163,32.82257943,593493500,129164000000.0,0.459486686,105.98,70050000,22950.0,30.09738922,33.34529877,3.75999999,2175.0,10678519.0,0.0,0.0,0.0,1.0,431.9494
2022-05-10,0.200098985,654.0655152,33.0125413,573787900,129249000000.0,0.443941007,102.19,69925000,22941.0,32.8025589,35.76826096,3.930000067,2855.0,10681374.0,0.0,0.0,0.0,1.0,431.95944
2022-05-11,0.165087253,654.1509134,33.21778874,351899000,129249000000.0,0.272265059,108.17,69600000,23050.0,36.6069603,38.69347,3.799999952,2758.0,10684132.0,0.0,0.0,0.0,1.0,431.9795
2022-05-12,-0.787594394,653.1542555,32.18279791,484829100,129256000000.0,0.375091989,108.47,69950000,23096.0,35.7270813,38.2986412,3.980000019,6499.0,10690631.0,0.0,0.0,0.0,1.0,432.00958
2022-05-13,-0.896359706,652.1973148,30.97522293,697218000,129316000000.0,0.539157772,111.75,69850000,23086.0,33.7402916,37.09619904,3.809999943,2670.0,10693301.0,0.0,0.0,0.0,1.0,432.00958
2022-05-16,-0.065776359,652.062367,30.74701066,518183500,129316000000.0,0.400710627,114.48,69000000,23095.0,33.84434128,37.71141052,3.640000105,1550.0,10698340.0,0.0,0.0,0.0,1.0,432.0497
2022-05-17,0.878457724,653.0801612,31.80191975,511064600,129316000000.0,0.39520559,113.22,68750000,23120.0,42.84651947,43.25297165,4.010000229,1785.0,10700125.0,0.0,0.0,0.0,1.0,432.08984
2022-05-18,0.186220674,653.2933652,32.1358589,482247400,129316000000.0,0.372921287,109.69,68750000,23139.0,41.28266144,42.38935089,4.070000172,1831.0,10701956.0,0.0,0.0,0.0,1.0,432.09988
2022-05-19,-0.092898514,653.3011085,32.11090153,433695700,129316000000.0,0.335376321,111.81,68750000,23140.0,38.55329132,39.84487915,4.070000172,2728.0,10704684.0,0.0,0.0,0.0,1.0,432.10992
2022-05-20,0.115522381,653.4246275,32.33663399,433556900,129316000000.0,0.335268987,113.05,69000000,23160.0,38.00878906,39.5743103,3.769999981,1587.0,10706271.0,0.0,0.0,0.0,1.0,432.12997
2022-05-23,-0.211554479,653.2086263,32.07895066,460989700,129316000000.0,0.356482735,113.69,69400000,23170.0,34.23477936,35.96744919,3.730000019,1179.0,10710226.0,0.0,0.0,0.0,1.0,432.14
2022-05-24,0.023292314,653.3464915,32.21907224,449181500,129316000000.0,0.347351324,113.8,69450000,23210.0,34.68069839,36.67026901,3.920000076,1323.0,10711549.0,0.0,0.0,0.0,1.0,432.14
2022-05-25,0.53799188,654.0005633,33.11732488,581317500,129316000000.0,0.449532468,114.32,69450000,23190.0,38.97253036,39.97494125,3.829999924,1344.0,10712893.0,0.0,0.0,0.0,1.0,432.16006
2022-05-26,0.1029049,654.1353807,33.11058457,475099700,129382000000.0,0.367208256,117.11,68500000,23205.0,42.58546829,42.91085052,3.930000067,1275.0,10714168.0,0.0,0.0,0.0,1.0,432.16006
2022-05-27,0.227684477,654.3996228,33.40228134,538879300,129428000000.0,0.416354844,118.22,68900000,23195.0,50.28068924,46.6881485,3.819999933,1239.0,10715407.0,0.0,0.0,0.0,1.0,432.16006
2022-05-30,0.197023925,654.5222829,33.54234472,458532700,129428000000.0,0.354276572,120.31,68800000,23176.0,50.70750046,47.11779022,3.519999981,1118.0,10718529.0,0.0,0.0,0.0,1.0,432.16006
