date,market_return,market_me,market_mtb,market_volume,nout_volume,market_liquidity,oil,gold,exchange,rsi,pli,i,return_wholesale,return_groce,return_retail,return_petro,return_it,return_health,return_service,return_utility,return_mining,return_hospitality,return_entertaiment,return_industrial,return_weave,return_pharma,return_agriculture,return_food,return_finance,return_logistics,return_aviation,return_passenger,return_estate,me_wholesale,me_groce,me_retail,me_petro,me_it,me_health,me_service,me_utility,me_mining,me_hospitality,me_entertaiment,me_industrial,me_weave,me_pharma,me_agriculture,me_food,me_finance,me_logistics,me_aviation,me_passenger,me_estate,mtb_wholesale,mtb_groce,mtb_retail,mtb_petro,mtb_it,mtb_health,mtb_service,mtb_utility,mtb_mining,mtb_hospitality,mtb_entertaiment,mtb_industrial,mtb_weave,mtb_pharma,mtb_agriculture,mtb_food,mtb_finance,mtb_logistics,mtb_aviation,mtb_passenger,mtb_estate
1/2/2018,0,613.0777416,25.92585827,218883640,65595575376,0.333686592,66.65,36304000,22888.5,,,4.900000095,,,,,,,,,,,,,,,,,,,,,,29.50148026,31.965205,30.16111906,27.63854323,30.58827873,,28.29267497,32.88701463,30.04156911,28.21442708,27.68435793,33.25788293,28.30500413,31.67983092,30.62957339,33.36310367,33.95944401,30.77216223,32.25235034,28.08099714,33.8027228,0.711736376,0.872422021,0.994129049,0.950635162,0.902791171,,1.028256529,1.149759731,0.795509056,0.891808582,2.233242701,2.394094711,0.625259209,1.391914813,1.319276474,1.285226239,0.998024248,0.776439513,4.10955476,1.454707842,1.041070087
1/3/2018,0.126492004,613.3352291,26.08615041,274272306,65595575376,0.418126229,67.85,36511500,22883.5,,,5.300000191,0.003907656,-0.009901019,0.011030084,0.037489424,0.013572146,,0.035602706,0.003951344,0.00610893,0.009982082,-0.000772798,-0.003246223,0.00959168,-0.000488477,0.010708269,-0.000919308,0.007412169,-0.00410214,-0.007408613,0.000787402,0.00318669,29.50929203,31.96736388,30.16341197,27.68771822,30.59229461,,28.33084097,32.90636744,30.08468177,28.22771239,27.68355339,33.28690657,28.32031811,31.68014169,30.63803913,33.3797713,33.95733989,30.77859477,32.24851275,28.08173336,33.81063482,0.707992935,0.870101217,1.01068677,0.991724212,0.916509528,,1.078211889,1.160374603,0.7989846,0.90864038,2.229791012,2.407538872,0.636631739,1.38824737,1.33000296,1.291844539,1.00358808,0.774513977,4.086170458,1.456602803,1.037992466
1/4/2018,0.107459024,613.6510483,26.32506817,270946083,65661691852,0.412639509,68.73,36321500,22886.5,,,4.5,0.017806237,-0.004651303,-0.001624598,-0.022146508,0.017629586,,0.025219677,0.005520779,0.013382256,-0.014360313,0.004553538,0.006495718,0.00683365,0.001341107,-0.002279024,0.003517364,0.013095196,0.009435686,0.000650131,0.018456376,0.008583468,29.53176637,32.00987097,30.26483214,27.64477217,30.6113839,,28.35126616,32.9435891,30.10783422,28.22341562,27.68766988,33.30167793,28.32819217,31.68043945,30.64614467,33.38441398,33.97299971,30.78445055,32.25729422,28.10117817,33.81785695,0.720099204,0.881354781,1.163355265,0.962260986,0.932372262,,1.120529807,1.167972777,0.808048963,0.892464483,2.215984257,2.425446758,0.642656153,1.388466561,1.318574538,1.293501103,1.017362544,0.780030835,4.083794037,1.46588296,1.044909898
1/5/2018,0.003254892,613.6657895,26.32442981,312689548,66642691831,0.469203058,68.01,36448000,22884.5,,,5.5,0.000143864,0.001624653,0.003107635,0.034769182,-0.015575333,,-0.035537498,-0.000699498,-0.000669062,-0.000495557,0.002645841,0.000370168,-0.013138991,-0.002168711,0.013128939,0.012042466,-0.00999148,0.001546979,0.001566021,0.010449105,0.000136167,29.52934919,32.01459562,30.27067761,27.69221854,30.59445382,,28.31467849,32.92945078,30.10662092,28.23316379,27.69018981,33.29282422,28.30806392,31.67035868,30.6609941,33.38888356,33.99782189,30.78182395,32.2651756,28.11203751,33.81240752,0.72637558,0.880551645,1.175703028,0.998904283,0.91678142,,1.065833859,1.165402616,0.806658893,0.891473536,2.212532568,2.427368111,0.628104639,1.380998493,1.339180269,1.303794449,1.01601425,0.781880419,4.085646517,1.475786094,1.045439137
1/8/2018,0.091935302,613.8903137,26.49773968,295299857,66603091853,0.443372595,68.48,36415500,22881.5,,,4.5,0.016981875,-0.010038522,-0.003306365,0,-0.005443023,,0.024623948,0.001133365,0.004441836,0.015446508,-0.021330335,0.006720375,-0.001376725,0.008066919,-0.006430604,0.003130414,0.017835388,-0.000544397,0.016903813,0.019890753,0.005230078,29.54338345,32.07243454,30.30174051,27.69221854,30.60417503,,28.33264628,32.93046662,30.11536764,28.25520192,27.66930026,33.29190612,28.31351617,31.66961367,30.65232971,33.39497554,34.02504588,30.79192939,32.28748277,28.13330447,33.81327517,0.73682663,0.890570857,1.182695679,0.998904283,0.911137368,,1.106742608,1.166863331,0.819838261,0.906478951,2.223503142,2.409806633,0.631992068,1.385224102,1.329041621,1.313077591,1.033493082,0.784219441,4.134477763,1.487804862,1.045041406
1/9/2018,0.112620446,614.0982282,26.60743701,351787831,66627643157,0.527990807,69.08,36355500,22889,,,5.5,0.018416192,-0.017412616,0.018450229,-0.023628343,-0.003356449,,0.032015195,0.005783132,0.005866798,0.000287699,0.029675752,0.003389004,0.005315594,-0.000373867,0.003975112,0.01140734,0.018555541,0.004730171,-0.003092339,0,0.002616299,29.57120384,32.06190642,30.31390428,27.69787694,30.62076604,,28.35484874,32.94407166,30.15647372,28.25999994,27.69680035,33.30038963,28.31025646,31.67142082,30.64328593,33.39134414,34.05108745,30.81086051,32.2852193,28.13330447,33.82320752,0.748760905,0.877335246,1.212570374,0.986234457,0.912956503,,1.153695977,1.173464644,0.821734073,0.903608557,2.212531909,2.418930542,0.631290501,1.386433257,1.340100038,1.321568238,1.056164553,0.787998191,4.12492636,1.487804862,1.049327825
1/10/2018,0.026034531,614.1118022,26.72671352,405470990,66627643157,0.608562709,69.79,36309000,22894,,,5.5,-0.006293246,0.01171432,0.008439704,-0.006714574,-0.007763833,,0.030409323,-0.002624039,0.002363458,0.005662645,-0.038465805,0.003755045,0.00023627,0.006020316,0.003207862,0.013605021,0.00523223,0.0044179,-0.005757478,-0.009202454,0.007791869,29.56234016,32.08322517,30.31994564,27.67138599,30.61127454,,28.3541021,32.95181577,30.20676698,28.26686099,27.6579916,33.29947493,28.31054528,31.67451987,30.64949933,33.39465718,34.0508058,30.82184189,32.26965787,28.12308066,33.83201044,0.740107125,0.890297085,1.24069575,0.970646635,0.905464161,,1.192999568,1.170966083,0.825429235,0.90835464,2.175961134,2.502176561,0.632040382,1.397567358,1.336729041,1.334168752,1.059063336,0.788705981,4.119319099,1.482742959,1.053278636
1/11/2018,0.108762556,614.2717272,26.83819507,350222234,66636179749,0.525573698,70.36,36369000,22887.5,,,4.5,0.000408687,0.021644839,-0.002998711,0.01663798,0.016603119,,0.036983755,0.005348323,0.015149597,0.019315486,-0.036260504,0.001596031,0.001344086,0.000438383,-0.019853963,0.007511218,0.009064899,0.007630646,0.015748045,-0.0125,0.00495064,29.56428701,32.11966016,30.3512375,27.7026646,30.61438578,,28.37847266,32.95485759,30.20361309,28.28894242,27.62188568,33.30474992,28.31271466,31.67102904,30.62780725,33.40200102,34.06449688,30.83322494,32.30560915,28.10897963,33.8411082,0.736883053,0.913980841,1.218431096,0.992555188,0.91775952,,1.247599901,1.180380528,0.833079723,0.928777665,2.139390358,2.471061647,0.633611466,1.399549889,1.304516364,1.345922319,1.06686291,0.79315953,4.176095101,1.478940024,1.059637943
1/12/2018,0.001505243,614.1493092,26.77622737,422060583,66636179749,0.633380522,70.31,36424000,22884,,,4.5,-0.000502773,0.014818844,0.012666172,0.001960784,-0.017340149,,-0.002356125,0.009444719,-0.011043262,0.005358465,-0.005029934,0.003432338,0.007529367,-0.001180188,0.009307592,0.000285432,-0.000985744,-0.006893577,0.000130778,-0.017684887,-0.000412609,29.55518078,32.10452321,30.31496902,27.70368259,30.59539077,,28.3616178,32.93563931,30.19230324,28.2908531,27.61662674,33.30435444,28.32317801,31.66735777,30.62976901,33.40955484,34.05342562,30.82072206,32.31471122,28.08968739,33.86576228,0.733464318,0.918240107,1.229948333,0.994288675,0.905749103,,1.207645282,1.19384439,0.828326875,0.93129461,2.121104971,2.455506456,0.640420267,1.396838838,1.31760461,1.349289365,1.063781506,0.78885271,4.167980018,1.469659867,1.062387067
1/15/2018,0.022887999,614.3072425,26.77959615,312714421,66675779738,0.46900752,70.31,36754000,22879,,,4.5,-0.000207236,-0.002532922,-0.005254544,0.017586255,-0.003680484,,-0.026572604,-0.005023612,0.001855975,-0.027594303,0.000862069,0.008037725,0.003597478,0.011988667,0.022096287,-0.004936992,0.006778121,-0.00482661,0.003908905,0.019003115,0.007802711,29.5633199,32.14496444,30.29756205,27.70135729,30.60642684,,28.35004539,32.949039,30.19836181,28.28212292,27.61753811,33.31616787,28.33099835,31.68010623,30.6532562,33.40420272,34.07477476,30.81421041,32.33718047,28.10939103,33.87621668,0.734295522,0.93283911,1.214435842,1.004300945,0.905401722,,1.160710708,1.189403319,0.830831485,0.908195873,2.124762048,2.442660409,0.646292847,1.405238845,1.340572675,1.343685281,1.076687328,0.784928871,4.180364769,1.483781255,1.070207292
1/16/2018,0.09253088,614.4199233,26.92048306,351430587,66693229336,0.526935928,69.4,36744000,22874,,,6.5,0.006943173,0.014869894,0.006028819,0.035032195,-0.004712402,,0.015593645,0.00310991,-0.006013253,-0.013168195,0.003442341,-0.000148832,0.009091208,-0.003786617,0.012499255,-0.001903075,-0.000767087,0.004220014,0.008622175,0.002788197,0.000789517,29.56194444,32.15114395,30.29995185,27.73881017,30.60422479,,28.36138882,32.96040149,30.20531777,28.27220217,27.62117528,33.31593218,28.33750388,31.68022432,30.69408332,33.40255441,34.0753438,30.81726612,32.3440679,28.11073087,33.86565573,0.739722684,0.944342764,1.218695098,1.041064936,0.898892481,,1.197850922,1.193880976,0.825082698,0.894459008,2.139390358,2.452315767,0.654801506,1.39905728,1.336377186,1.340247786,1.074360269,0.788549827,4.209451117,1.50609245,1.065847947
1/17/2018,-0.141922189,614.0065341,26.66918162,348525695,66693229156,0.522580327,69.19,36727500,22876.5,,,6.5,-0.017902217,-0.004077954,-0.020245057,-0.010752688,-0.009063517,,-0.010900054,-0.008358457,-0.018670865,-0.014294089,0.041686092,-0.008013536,-0.004140977,-0.009775538,-0.007389641,-0.002749706,-0.013945374,-0.011463597,-0.0054951,0.005676758,-0.012046671,29.52870213,32.09897885,30.2661261,27.71811382,30.57450064,,28.34267706,32.93009139,30.16412789,28.22881978,27.66034892,33.30479872,28.33314934,31.66191742,30.6833288,33.37344103,34.03367736,30.78877147,32.34157874,28.11663033,33.85675437,0.727031351,0.926213044,1.200420091,1.025955589,0.886815887,,1.162204824,1.181240818,0.809348253,0.875719336,2.168646979,2.43067945,0.652068785,1.38317892,1.336092882,1.324598223,1.049907476,0.777583353,4.183928571,1.510518362,1.057029419
1/18/2018,0.029259145,614.1602553,26.71793941,316303276,66713229156,0.474123768,69.48,36631500,22884,,,6.5,0.005148152,-0.002979753,-0.00159742,0.014640177,-0.007297552,,-0.004755022,-0.003427605,-0.002762242,0.009838904,0,-0.003215567,-0.004150623,-0.001298663,-0.006077023,0.010326,0.016674385,-0.003037624,0.003958471,0.005735931,0.003536219,29.55780492,32.10429261,30.26114372,27.75597391,30.57401442,,28.34052283,32.93193299,30.16493187,28.24227921,27.66034892,33.30757634,28.32586892,31.65753338,30.68442193,33.39504615,34.06020507,30.79154393,32.35285015,28.12279573,33.86916833,0.709388708,0.928120855,1.198292185,1.049126583,0.882940502,,1.159928171,1.179225061,0.800723868,0.886138379,2.168646979,2.443186544,0.645784448,1.376810118,1.318443327,1.34475985,1.070922032,0.775223815,4.205596222,1.511998004,1.062683756
1/19/2018,0.112010306,614.3325402,26.96489391,360042457,66723192145,0.539606163,68.56,36611500,22884,,,4.25,0.008747504,0.001922614,-0.000643763,0.002554997,-0.008891034,,-0.001807692,0.004101429,-0.000719679,0.017079327,0.009915014,0.004349353,0.011668702,-0.000518503,0.011363634,-0.005132115,0.012595357,-0.00085826,0.02963138,0.011217949,0.005434091,29.55874424,32.1581864,30.30442787,27.7435886,30.56985267,,28.33659468,32.9231371,30.13804448,28.25703408,27.66987035,33.31207667,28.34085489,31.65789277,30.67435735,33.38142917,34.08067226,30.79224793,32.41659769,28.13471676,33.88221421,0.714303189,0.94933239,1.207969056,1.04661584,0.873275076,,1.150488492,1.18061783,0.804729418,0.902778233,2.168646979,2.471412973,0.655397294,1.375739488,1.357629232,1.331740557,1.09018389,0.773888875,4.321299129,1.517903559,1.070942406
1/22/2018,0.063722141,614.6201114,27.13442648,286169154,66723192145,0.428890083,69.32,36719000,22881.5,53.94829941,42.40428162,4.900000095,-0.003145003,-0.016364034,0.000449738,-0.007669617,-0.001284747,,0.00563095,0.006424636,-0.011754752,0.019134745,0.027777778,-0.00596482,-0.009289758,-0.001545846,0.004638113,0.00284445,0.01571518,-0.00016951,0.032920918,0,0.005373717,29.54991416,32.16961708,30.30434465,27.73934307,30.59357864,,28.3328739,32.97695489,30.17880718,28.27503541,27.69658527,33.33344622,28.32525413,31.65291827,30.66187669,33.41261893,34.10946278,30.79024765,32.49579858,28.13471676,33.88671717,0.712124121,0.946585576,1.207573647,1.039104065,0.868621495,,1.13971311,1.192188972,0.798850712,0.920752719,2.168646979,2.474845081,0.647245134,1.370534757,1.383942425,1.342648023,1.113279255,0.772319249,4.441933745,1.517903559,1.07561386
1/25/2018,-0.049489956,614.719324,27.28997774,554183689,66843119155,0.829081132,71.08,37051500,22884,53.20492172,42.40428162,4.900000095,0.001858635,-0.025917638,-0.005266563,-0.023909834,0.027042714,,-0.028234828,0.002582508,-0.003429425,-0.003902077,-0.022266353,-0.006520156,0.005570883,-0.012817617,0.006515277,0.003497363,0.030746912,-0.010527632,0.024031902,-0.007328002,-0.001216024,29.54436755,32.17213732,30.29182058,27.69427157,30.6029086,,28.31161123,33.03064054,30.22515285,28.28142879,27.67403688,33.32696253,28.33466125,31.64488044,30.69074481,33.41502179,34.1625457,30.78116824,32.53447297,28.12542251,33.87506782,0.709072634,0.933587706,1.207679271,1.00590618,0.894084153,,1.12257429,1.199385234,0.795663756,0.927434227,2.157675746,2.505515082,0.655100555,1.351886749,1.370462577,1.343677143,1.151113809,0.76213072,4.597589536,1.530311618,1.069126752
1/26/2018,0.064069766,614.8323541,27.33960324,327390802,66951036641,0.489000348,70.08,37049000,22889,52.10733032,41.32213974,4.5,0.005624564,0.014321965,0.00365693,-0.000593919,0.018110355,,0.022245132,0.007223513,-0.005952381,0.020139977,0.017158115,0.001141253,-0.008598292,0.015139647,-0.015944597,-0.004713935,0.01263119,-0.004594744,-0.022614192,-0.009583152,-0.000727663,29.55408748,32.1718572,30.35472705,27.69316335,30.60474893,,28.32065151,33.05559906,30.22501599,28.28996428,27.69067584,33.32398033,28.32250612,31.66602791,30.68011951,33.42875613,34.18797211,30.77537868,32.49862505,28.11542016,33.87307741,0.70922765,0.939431812,1.209841586,1.005124908,0.912500853,,1.156670192,1.210586174,0.794558383,0.942721425,2.143047436,2.585518396,0.648933481,1.370993387,1.342099231,1.342522266,1.170023359,0.759569536,4.507104203,1.522303444,1.066825521
1/29/2018,-0.096422702,614.6617544,27.34347215,325584903,67021036641,0.485795087,68.41,36979000,22894.5,51.73424149,41.36307907,4.5,0.007016845,-0.011963201,-0.013455105,-0.018174654,-0.010970116,,0.004928686,-0.001433923,0.001864124,-0.023349374,-0.034868421,-0.003455656,0.006775541,-0.014201805,-0.020243294,-0.002316727,0.020812214,0.004030625,0.024157686,-0.008075953,-0.003500195,29.55171161,32.1592217,30.32443296,27.682732,30.59623364,,28.32021444,33.05160542,30.24897624,28.26012382,27.65490808,33.30225525,28.32748935,31.66173677,30.6637827,33.4025447,34.20251236,30.77645454,32.49778318,28.10705863,33.86997698,0.713946654,0.928692981,1.19758902,0.991246846,0.902567972,,1.157911978,1.203586185,0.793210891,0.916943419,2.143047436,2.550920643,0.650879093,1.358679382,1.29553965,1.321274059,1.189826655,0.762857078,4.68516653,1.515138921,1.064446759
1/30/2018,0.108689412,614.6819519,27.48141803,367126549,67021005621,0.547778335,67.78,36781500,22902,51.34577942,41.09701157,4.949999809,0.016503562,-0.006944277,0.022632636,-0.01906622,0.020802027,,0.022582656,0.001351398,-0.001755355,0.019643705,0.032385796,0.000432174,0.000589623,0.000773231,-0.008962063,-0.008276891,0.006924416,0.001341239,0.014047299,-0.01542042,0.009104878,29.56303987,32.13469051,30.34174308,27.65588611,30.65216991,,28.33076249,33.05623497,30.2210048,28.26306332,27.68583984,33.29991758,28.32777789,31.65573271,30.64086424,33.38442372,34.20939823,30.79139997,32.50180446,28.09116261,33.87503556,0.728801758,0.916118876,1.217269049,0.968815194,0.932880259,,1.193086766,1.204308724,0.792005703,0.932287701,2.139390358,2.556588187,0.651141325,1.357064434,1.290865347,1.3046139,1.202778225,0.766179881,4.754464785,1.499758563,1.072998997
1/31/2018,-0.06742378,614.5862249,27.42116352,379839261,67021005621,0.566746586,67.78,36765500,22902,50.13713074,40.36021042,4.949999809,-0.001494677,0.01007704,-0.01980197,0.020226214,-0.013016598,,0.029248442,-0.005651748,-0.007311156,-0.011632862,-0.031918656,-0.000365668,-0.005455856,0.002664393,-0.009021155,-0.00681629,-0.014610944,0.00840129,-0.009210657,0,-0.001732921,29.55469485,32.12407181,30.32986286,27.69539299,30.63466803,,28.34225334,33.11006839,30.16503346,28.25452047,27.65322635,33.30311905,28.318406,31.64665388,30.64440245,33.38530691,34.18582019,30.79735233,32.46655257,28.09116261,33.88365638,0.72712506,0.922631473,1.199685788,0.995094933,0.917999438,,1.21751758,1.207101194,0.78394356,0.921817122,2.150361591,2.485002676,0.642534225,1.358202837,1.273808665,1.297496129,1.180132702,0.775092242,4.785019223,1.499758563,1.080838523
2/1/2018,-0.154179378,614.3674614,27.03025434,326497820,67021005621,0.487157447,68.6,36794000,22897,47.43423843,38.31354904,4.949999809,-0.017263394,-0.008549296,-0.003491697,0,-0.013262696,,-0.012914601,-0.008675855,-0.014014819,-0.003204398,0.031637014,-0.012164731,0.005661275,-0.006587019,-0.019464182,-0.001438382,-0.00875402,-0.010694452,-0.034355355,-0.006614242,-0.010028528,29.54209445,32.12416066,30.31500302,27.69539299,30.61575058,,28.33958246,33.0926662,30.10708051,28.24895111,27.68317168,33.28804909,28.32061193,31.63287932,30.61983801,33.38363354,34.17453191,30.78106045,32.44125745,28.08489171,33.87685435,0.716535581,0.926340406,1.206476311,0.995094933,0.906471367,,1.195287732,1.195314071,0.771785999,0.910582455,2.139390358,2.45183134,0.647032125,1.346448267,1.25244843,1.298044934,1.167273876,0.762556236,4.594841269,1.479757648,1.066740996
2/2/2018,0.017620526,614.3819714,27.10496687,213564222,67021005621,0.318652667,67.45,36814000,22894.5,46.86064148,38.04748154,4.949999809,-0.005435045,-0.008946135,-0.013500306,0.004953704,-0.006494568,,0.002096658,0.005592683,0.006487732,-0.032768578,0.025982906,0.000484623,-0.003876572,0.003671327,0.010658671,0.00885647,0.008359786,-0.004949994,0.018567533,-0.000769231,-0.001351138,29.53521469,32.11454896,30.3055253,27.67728564,30.60471199,,28.34536599,33.0850489,30.13425937,28.23461187,27.70884866,33.29389212,28.31127137,31.63632666,30.61984954,33.3924278,34.18821024,30.77258404,32.4635969,28.08415781,33.87423357,0.709569175,0.915549283,1.198592607,0.988997117,0.89678337,,1.203125068,1.200375104,0.773746677,0.890120992,2.164989901,2.428338248,0.640487866,1.350061801,1.278816542,1.31467945,1.178890365,0.760467768,4.67261307,1.477862687,1.060899778
2/5/2018,-0.503506106,613.5627788,26.31757391,307862049,67021005621,0.459351581,67.69,36724000,22903.5,42.31486893,36.24642181,4.5,-0.027171915,-0.02517151,-0.023632754,-0.005354752,-0.032943944,,-0.022740948,-0.018434196,-0.031883521,-0.03351561,-0.010135135,-0.025878502,-0.00881368,-0.029042703,-0.033918939,-0.015706795,-0.047567506,-0.019209374,-0.040948694,-0.020539186,-0.030896442,29.49288783,32.04416152,30.23032906,27.67430026,30.54290145,,28.33281337,33.02131474,30.07371795,28.21087007,27.69882109,33.25211389,28.30183148,31.59567386,30.5648504,33.35621043,34.12074907,30.74849135,32.41017851,28.06308427,33.82747825,0.691975719,0.887258833,1.166799822,0.984050719,0.860263849,,1.16060865,1.170189503,0.753252997,0.857223806,2.121104971,2.36597451,0.632967336,1.311048708,1.240285146,1.278479649,1.119363496,0.745801727,4.484004036,1.454058837,1.032861593
2/6/2018,-0.594797131,612.8181619,25.44801888,550221390,67043005621,0.820699169,66.75,36781500,22907,37.75318909,33.93368912,4.800000191,-0.033638351,-0.040475846,-0.036188812,0.006060606,-0.006865999,,-0.020512893,-0.015131345,-0.039785269,-0.04845397,-0.009040672,-0.022219944,-0.035258824,-0.024158884,-0.046486503,-0.019444009,-0.041705843,-0.030015954,-0.046481685,-0.051857517,-0.033135419,29.45813882,31.97261204,30.23243973,27.68553788,30.50079601,,28.31682017,32.95898645,30.01531469,28.15621819,27.68990786,33.22766359,28.26843599,31.5696668,30.50190929,33.34009592,34.08322632,30.70274162,32.33405302,28.01055053,33.79304698,0.67013417,0.844443388,1.117129601,0.991865896,0.852297415,,1.134689888,1.148592713,0.731975808,0.809602731,2.088191273,2.30790715,0.604403333,1.278016712,1.192583733,1.254271952,1.07281461,0.722934771,4.272086963,1.362244066,0.991832709
2/7/2018,0.398066204,613.2635805,26.14813723,263054109,67043005621,0.392366223,65.74,36761500,22904,41.45999146,36.57387924,4.369999886,0.026286923,0.040230943,0.020572311,0.004261327,0.010100328,,0.021621138,0.010747726,0.020308501,0.013793949,-0.026823459,0.021242608,0.020026261,0.017199021,0.021613363,0.01472605,0.040623107,0.015459907,0.063423403,0.018991343,0.023661452,29.48541726,32.02234916,30.25047939,27.68716926,30.53849991,,28.33478677,33.00181668,29.98767955,28.20048721,27.6613027,33.24007479,28.28986062,31.60325546,30.51773135,33.33800563,34.12555544,30.71879132,32.41291037,28.02910762,33.8183,0.687911076,0.877202213,1.137418045,0.998666443,0.865216334,,1.167575978,1.165174453,0.739762633,0.828428198,2.121104971,2.346811529,0.620719382,1.306900838,1.223989337,1.259338599,1.115059237,0.734267668,4.540904295,1.392148117,1.019537889
2/8/2018,-0.112687523,612.9435702,25.98602264,190904565,67043454023,0.284747509,64.26,36759000,22894,42.32902145,37.35631943,4.800000191,0.004211178,-0.01636156,-0.011293142,-0.022900763,-0.022028113,,0.005795928,0.000534426,-0.015962771,0.015766841,-0.001038293,-0.000951006,-0.007142857,1.63472E-05,-0.018386192,0.003076728,-0.003562414,-0.002448451,-0.030929153,0.016393443,-0.005477699,29.48321513,31.98741142,30.23109057,27.67379799,30.51226401,,28.33625244,32.9552277,29.93396008,28.22347817,27.6603153,33.22139576,28.27871308,31.59585815,30.46833463,33.33537859,34.11751074,30.70810618,32.38335111,28.04450295,33.79340622,0.692283033,0.859022258,1.127607217,0.976407651,0.842936574,,1.171140395,1.161927585,0.730731534,0.843898316,2.128419126,2.328504048,0.612863961,1.307957049,1.223913631,1.263749216,1.113061384,0.730827129,4.435335406,1.430047328,1.005389799
2/9/2018,-0.019184339,612.7744933,25.81632729,267488369,67043454023,0.398977608,63.04,36601500,22896.5,41.43568039,36.37110138,4.210000038,-0.006474978,-0.025527973,-0.008621616,0.016198283,-0.003630135,,0.002607035,-0.006048714,0.00017787,0.01902801,0.024412944,-0.002494019,-0.000630252,-0.004575666,-0.009604644,-0.005678471,0.007722231,-0.006017177,0.002194612,-0.003968254,-0.008253424,29.47247249,31.93492747,30.22433077,27.69057197,30.50751254,,28.35371753,32.8954462,29.91390216,28.23493568,27.68373392,33.21865098,28.28513398,31.59137203,30.45569164,33.30630253,34.10859496,30.69872284,32.38573348,28.04067628,33.7720638,0.686336549,0.832489771,1.120511187,0.993497325,0.837927952,,1.175476695,1.152317904,0.731618058,0.857536605,2.084534195,2.290906676,0.614987598,1.301186687,1.210939952,1.240312321,1.115624608,0.726735027,4.437566345,1.420572525,0.985249306
2/12/2018,0.260832314,613.2073026,26.28622045,195242233,67043454023,0.291217444,62.2,36851500,22891.5,43.52577972,37.9168396,4.409999847,0.008995995,0.022606007,0.008159976,0,0.019340327,,-0.005573703,0.011978432,0.018812889,0.006389686,0.008999772,0.01711561,0.014373696,0.016729583,-0.007527919,0.005021231,0.033933055,0.018924269,0.047775739,-0.007142857,0.021920526,29.48746434,31.9969862,30.2247721,27.69057197,30.54302747,,28.34769006,32.95212497,29.9622141,28.24106093,27.69240725,33.25026019,28.29446431,31.60682416,30.42443883,33.32110385,34.15784162,30.72513907,32.44854993,28.03320919,33.80715208,0.687756394,0.859505781,1.137764847,0.993497325,0.858653291,,1.150845436,1.169513597,0.741188823,0.855107976,2.124762048,2.332087963,0.624388324,1.319991949,1.210634654,1.248447627,1.153197352,0.741553605,4.651791133,1.417197923,1.008334396
2/13/2018,0.29707199,613.5576004,26.72546458,193135880,67091657785,0.287868695,61.94,36844000,22895.5,45.53326035,39.67570114,4.409999847,0.010376085,0.017861511,0.001437184,0,0.019416892,,0.036332475,0.014631924,0.028480184,-0.018343521,0.012048193,0.014546585,0.013429899,0.015947514,0.022863613,0.003829129,0.012167899,0.009203034,0.029948616,0.037362319,0.015532456,29.49852193,32.00153048,30.24549589,27.69057197,30.57383336,,28.3707069,32.99007108,29.97668048,28.23266425,27.70417113,33.26308859,28.31327827,31.62461163,30.45691098,33.32795811,34.17562413,30.73871596,32.47671793,28.07033237,33.82611495,0.693440663,0.868686782,1.148426899,0.993497325,0.876654642,,1.200194338,1.185461772,0.758204732,0.843655554,2.175961134,2.360864531,0.636772043,1.344199669,1.231727207,1.253994322,1.167143878,0.745951399,4.76218485,1.45743344,1.021009401
2/21/2018,0.156226526,613.7937097,27.02678817,207121158,67115126785,0.308605776,64.81,36986500,22888,47.17462158,41.05089951,5.190000057,0.003536985,0.015194066,0.001999067,0.000662691,0.005917982,,0.025544139,0.010133945,0.008890302,0.037964474,-0.035300674,0.011052214,-0.008008401,0.004321029,0.008349432,0.014391183,0.0174694,0.003545496,0.018892803,-0.000484914,0.012155306,29.506077,32.02022321,30.26047367,27.6909396,30.57850968,,28.39015547,33.02102359,29.95405764,28.27934127,27.66802565,33.28427486,28.29728817,31.64019193,30.46540233,33.37093249,34.20852948,30.75348668,32.48998997,28.06938186,33.84540511,0.697986408,0.882472338,1.151173703,0.994115625,0.878621118,,1.22383562,1.199143647,0.764406515,0.878122823,2.172304056,2.388585648,0.625514532,1.350619152,1.245337624,1.296372133,1.194542925,0.750342885,4.834261427,1.466272251,1.032757734
2/22/2018,-0.113735156,613.5628359,26.84336772,230190077,67115126785,0.342977937,66.12,36879000,22893,46.12519836,39.9547081,4.400000095,-0.003934764,-0.010747733,-0.010499308,-0.019656085,-0.015627612,,-0.012999159,-0.00805154,-0.01428482,-0.028947525,0.048384215,-0.00369131,-0.00519409,0.004633679,-0.004768825,0.003927251,-0.011885867,-0.006407177,-0.014269446,0.005229178,-0.004944218,29.50047774,31.99271828,30.26527185,27.68000985,30.56107998,,28.37000646,32.97576458,29.90027861,28.27017963,27.71468382,33.26861021,28.29027339,31.64231563,30.44670513,33.3598359,34.20668973,30.73670945,32.46009536,28.07530869,33.84582156,0.697037912,0.870637953,1.141528053,0.976734365,0.863449252,,1.206257464,1.185552992,0.747598688,0.854819696,2.230817297,2.351146947,0.612344116,1.35909704,1.250142552,1.296114371,1.181560771,0.744815668,4.787202307,1.455123161,1.031387115
2/23/2018,0.138352022,613.9284534,26.9730644,211104575,67115126785,0.314540976,67.04,36901500,22898,47.66828918,41.52299118,4.400000095,-0.005385161,0.027388002,0.004165425,0.02009702,0.001832187,,0.00410027,0.000766035,0.010514686,0.003555933,0.032955956,0.005474491,0.006523191,0.007135321,-0.003900505,-0.005807671,0.011340034,0.011198553,-0.010323438,0.009680795,0.007040899,29.50087164,32.05806992,30.27422375,27.69072868,30.59054174,,28.36620519,33.01463082,29.951493,28.27868291,27.7468111,33.28356315,28.2993293,31.64484616,30.44839728,33.36897284,34.24597362,30.75499169,32.46543076,28.08478229,33.85990758,0.690401502,0.90547647,1.149416128,0.994665058,0.868920956,,1.198957895,1.189197653,0.759493466,0.85970808,2.223503142,2.368344706,0.623156751,1.3625948,1.238241892,1.30362989,1.207082048,0.752558168,4.766649778,1.471970146,1.039095875
2/26/2018,-0.064705019,614.0036549,26.91275115,274135272,67123812147,0.408402418,67.96,36844000,22900.5,46.32086945,40.6751709,4.400000095,-0.00235567,0.004558429,-0.019747064,-0.010352458,0.000333868,,-0.024973418,-0.000665351,-0.002438655,0.023883839,0.035010403,-0.008878502,-0.015785345,-0.007935005,-0.013853598,-0.004657202,0.003117996,-0.005312056,0.006007187,-0.017724701,-0.002937715,29.49675922,32.12035916,30.2537506,27.67710262,30.58805558,,28.35557962,33.02886448,29.96907764,28.30971437,27.78208013,33.29159378,28.2805909,31.64081339,30.42724633,33.36267652,34.25160105,30.75317162,32.46493584,28.06491768,33.88476436,0.690627234,0.925258093,1.133523687,0.983689515,0.866333325,,1.158959807,1.192828859,0.761207294,0.88486958,2.227160219,2.3566607,0.612020959,1.357618333,1.224046466,1.29440577,1.210769792,0.749334949,4.760580809,1.481211263,1.041644499
2/27/2018,0.026934764,614.0852578,26.99278236,225496797,67123812147,0.335941583,67.59,36914000,22900.5,46.22951889,40.31198883,4.599999905,0.009472768,-0.009151229,-0.004140045,-0.03213934,-0.009600073,,0.009317494,-0.00424158,-0.00274456,0.015151515,0,-0.005095578,0.014470084,-0.004458852,0.017503795,0.001642219,0.004600146,-0.000907043,0.024665204,0.002283105,0.000306735,29.49516578,32.11328307,30.22916699,27.64290921,30.57893805,,28.36381292,33.03102058,30.00021139,28.31695695,27.78208013,33.28449806,28.30069417,31.63986873,30.44882488,33.36833158,34.2666421,30.76167298,32.51236873,28.06716047,33.88165106,0.695112189,0.914405467,1.125839716,0.952395066,0.859499029,,1.165477145,1.186815245,0.764764294,0.898469523,2.227160219,2.331445352,0.628239912,1.350863745,1.248575812,1.290710138,1.21867942,0.752379736,4.850347666,1.486896145,1.044706538
2/28/2018,-0.03308051,614.0402908,26.92641651,257955891,67141954371,0.384194791,66.08,36714000,22908.5,47.83583832,41.46141052,4.550000191,0.001606792,0.016025501,-0.003895953,0.020793651,0.00286641,,0.002111907,0.00612172,0.01019894,-0.030571775,-0.036499179,-0.001805449,-0.015094709,-0.002284957,-0.008638932,-0.000489203,0.011918007,-0.001709598,-0.005523448,0.003571429,-0.001781663,29.49775212,32.13508528,30.23646075,27.68271234,30.57928754,,28.36676505,33.03443268,30.03524712,28.26541546,27.74286911,33.27492533,28.27709083,31.63673542,30.43395357,33.34975421,34.28055635,30.75165149,32.5105788,28.07077635,33.87824101,0.697756242,0.931338204,1.129633086,0.976064623,0.860974989,,1.167410337,1.192887828,0.772442183,0.863013531,2.219846064,2.305008548,0.610264921,1.352331532,1.235378675,1.282646754,1.230749068,0.747981656,4.829426493,1.488583446,1.032678326
3/1/2018,0.02400939,614.0081443,26.92098354,261805811,67143419121,0.389920285,64.23,36559000,22913.5,47.0588913,40.96879959,4.550000191,0.0018031,0.007117033,0.003286142,0.047772989,-0.002182345,,-0.004387938,-0.005896056,-0.008372326,0.004765746,-0.002457002,-0.00715956,0.003980207,0.002942417,-0.001909838,0.000730111,-0.003046869,-0.004236221,-0.002265174,-0.005818827,-0.000656199,29.50443808,32.10567794,30.23310845,27.72663321,30.59205025,,28.36552278,33.04802651,30.00422827,28.25084277,27.74034905,33.26847296,28.28287556,31.63243997,30.43103089,33.35573317,34.25702305,30.75237588,32.5098626,28.06491768,33.88253516,0.699442818,0.928036046,1.133423731,1.02079039,0.860146178,,1.164220222,1.188311114,0.773389324,0.864974817,2.219846064,2.279271492,0.613407089,1.350599596,1.239134149,1.287454898,1.217860323,0.741910637,4.820536745,1.481211263,1.037016647
3/2/2018,0.096964299,614.1187439,26.9932111,241143214,67143419121,0.359146462,64.26,36559000,22911,52.75096893,43.31000137,3.910000086,-0.008151272,-0.001806099,0.010962488,0.006693387,-0.009028375,,0.016142557,0.004241418,0.006811168,0.01778035,-0.00247117,0.00687035,0.007592339,0.00565784,0.002044548,0.00670096,0.009730149,0.01064371,-0.004467832,-0.000761035,0.011778816,29.5033314,32.10353753,30.25561993,27.72084021,30.59432852,,28.37317778,33.05617523,30.01506553,28.27244795,27.73792911,33.26071557,28.28973132,31.63262471,30.43601383,33.36732645,34.26224716,30.77506506,32.5113894,28.06416897,33.88700823,0.69461731,0.920488715,1.15860541,1.023778173,0.853722968,,1.170614763,1.193312839,0.779760233,0.885761775,2.208874832,2.267384874,0.618647116,1.352020598,1.241868301,1.295015295,1.229217325,0.752853139,4.819650439,1.479316302,1.047700692
3/5/2018,-0.027324769,613.9471728,26.8778821,314929258,67143419121,0.46903965,65.78,36726500,22906,57.3512001,44.95677185,3.799999952,-0.005000717,-0.000789312,-0.00161955,-0.005256648,-0.004670009,,0.025143975,-0.002908789,-0.010337821,0.021592981,-0.003311258,-0.004172744,-0.008212653,-0.012110039,0.013053871,0.001769432,-0.022932946,-0.002341082,-0.007116437,0.00304878,-0.001153803,29.49725491,32.05966313,30.24012507,27.72262069,30.60130209,,28.38699269,33.01863937,30.00138564,28.29564493,27.73469338,33.24485202,28.27926487,31.61732154,30.45471283,33.37405504,34.21305775,30.76749814,32.50146888,28.06716047,33.86945938,0.692793261,0.904681156,1.157028933,1.022146548,0.85555542,,1.202464026,1.184088692,0.768663386,0.909228369,2.194246521,2.205251545,0.609101072,1.333054377,1.250990852,1.303065881,1.193060931,0.749047117,4.814581185,1.486896145,1.041936687
3/6/2018,0.105156455,614.2366376,27.12628311,274946186,67611221644,0.406657622,65.67,36699000,22906,54.76194,43.47468185,3.799999952,0.004907865,0.009815192,-0.002997227,-0.020921612,0.006406771,,-0.003695286,0.001183772,0.007711293,0.010839316,-0.002724383,0.004993727,0.001839167,0.00751789,0.021478891,-0.000727389,0.025845846,0.002137099,0.023092843,0,0.008452679,29.49537684,32.09966034,30.24349284,27.70772441,30.62548832,,28.38699244,33.09002702,30.00631817,28.30117315,27.73169791,33.23665793,28.28464701,31.62799776,30.49988258,33.37223282,34.25599002,30.7756087,32.53387893,28.06716047,33.89462993,0.695869353,0.92125469,1.154680017,0.99992205,0.862284228,,1.190763963,1.160373072,0.774624167,0.91581274,2.209380048,2.275487723,0.612933996,1.343738202,1.261590304,1.303753618,1.227014289,0.752911777,4.926954194,1.486896145,1.050038538
3/7/2018,-0.001010678,614.1102291,27.039203,326470351,67611221644,0.48286415,65.09,36846500,22906,56.04347992,44.1128006,3.799999952,0.01488994,0.01048777,-0.001188952,0.011732229,-0.006052589,,0.018157819,-0.004241773,-0.000466365,0.00447222,-0.035,0.005959105,-0.010468661,0.003426901,0.013965569,-0.00210101,-0.00858232,-0.002426421,-0.012805963,0.00021645,-0.000984626,29.50948399,32.06348635,30.24165646,27.71385018,30.60978835,,28.38205881,33.07238611,30.01241277,28.28306931,27.69541523,33.234369,28.27206652,31.62451023,30.53228339,33.38607649,34.23764598,30.76907011,32.50924965,28.06727184,33.89407833,0.702007576,0.913935386,1.151105707,1.010433147,0.855302941,,1.194469699,1.153400599,0.768968564,0.913312093,2.209380048,2.261950402,0.60496628,1.341650981,1.259785652,1.302227385,1.211909668,0.749404165,4.892476997,1.494683646,1.047832063
3/8/2018,0.017333641,614.1530493,27.03186568,235825783,67611221644,0.348796808,63.87,36846500,22898,57.59191895,44.92427063,3.900000095,0.00052238,-0.003349718,-0.007235138,0,-0.005545086,,0.024901543,0.002219937,0.003235122,0.00659103,-0.035130358,0.006442217,0.009408777,0.002565233,-0.001856403,0.004382412,0.010540488,0.006043585,-0.005373313,-0.005395683,0.004366616,29.51798916,32.08296453,30.24155361,27.71385018,30.60857803,,28.38519478,33.07147687,30.00958195,28.27743738,27.6602836,33.23476601,28.27927615,31.62379834,30.54635462,33.40268557,34.24325444,30.76853644,32.50806018,28.061824,33.91558344,0.704929058,0.91779863,1.152725805,1.010433147,0.850628519,,1.195777682,1.155022099,0.770381359,0.915844155,2.205596863,2.265042295,0.610900526,1.337791859,1.240804789,1.309918997,1.223653367,0.7527376,4.865597403,1.492152694,1.054128834
3/9/2018,-0.018088576,614.0693905,27.00857759,243277679,67611221644,0.359818493,65.19,36621500,22905,54.69210052,43.12321091,4.210000038,-0.003506251,-0.008580831,-0.001057845,-0.019824561,-0.003131665,,-0.005194308,-0.000575189,-7.45527E-05,0.011678111,-0.041493098,0.00767454,0.000103327,-0.00215902,0.002669294,0.004426095,0.003797634,0.004658357,-0.002829565,0.036418319,-0.001087366,29.51492432,32.07106949,30.24750603,27.70311575,30.59975859,,28.38358786,33.05315981,29.98207697,28.27052676,27.61943414,33.23205697,28.27433557,31.61588945,30.56295192,33.40076484,34.25683477,30.75683448,32.51084102,28.09761051,33.9161112,0.699385275,0.908422011,1.166375228,0.994769052,0.846766842,,1.191764102,1.152597628,0.767750813,0.920310034,2.175331383,2.269068226,0.608192655,1.330726874,1.233685941,1.315825916,1.231393864,0.756169602,4.851189998,1.535334482,1.053517663
3/12/2018,0.003170269,614.0871858,26.87670079,279698529,67611221644,0.413686548,64.53,36736500,22907.5,51.95817184,40.97420883,4,0.005760814,0.003590129,0.004379106,0.00913242,-0.00616309,,-0.034313514,-0.003206974,-0.000726062,-0.017531308,0.03314459,-0.008097445,0.007713592,0.000370525,-0.010567337,0.006130128,0.003671516,0.004495351,-0.012993675,0.016668703,0.001712801,29.50938821,32.05280873,30.23479668,27.70787846,30.59527692,,28.37306229,33.08182847,29.98441897,28.25345516,27.64914229,33.22998555,28.28094791,31.61856551,30.56375374,33.3984209,34.27443498,30.75298222,32.50900252,28.11402733,33.90300898,0.700851339,0.903683113,1.159658323,1.001089783,0.840377453,,1.146766072,1.152951513,0.76661206,0.902185639,2.167765013,2.235327088,0.60645528,1.332874639,1.210133123,1.320929386,1.238330775,0.757875381,4.808182237,1.571131073,1.053521495
3/13/2018,0.028964728,614.0665748,26.8980061,265508101,67611221644,0.392698275,64.2,36741500,22902,49.95524979,39.86901093,4,-0.004800858,0.001099014,-0.010938076,-0.011111111,0.001046041,,0.015968589,-0.000122367,-0.008676077,0.034812163,-0.029990895,0.005330771,0.012623745,-0.002178894,0.000577754,0.017546394,0.003665985,-0.002963421,-0.00445029,0.006428571,0.005097688,29.50558185,32.04196024,30.24287498,27.70192152,30.57908936,,28.38427845,33.07446003,29.95499297,28.27284629,27.62037428,33.22228408,28.30031111,31.62104153,30.57537706,33.41152764,34.2882714,30.74636406,32.49006135,28.12041997,33.91253667,0.693098153,0.903169799,1.15528189,0.993188869,0.841074754,,1.157805875,1.152619929,0.758571176,0.935668389,2.179114568,2.24227125,0.606208247,1.332879063,1.191115753,1.341810962,1.245396073,0.754610902,4.769474492,1.588185718,1.056460234
3/14/2018,0.111975575,614.3336441,26.94005099,297690074,67865471518,0.438647323,63.61,36731500,22896.5,51.96186066,40.97420883,4.28000021,-0.001498188,0.014194036,0.006988044,-0.007952146,0.007829186,,0.005878027,0.001425173,0.003039484,0.030414205,0.035751776,0.003766828,0.000603358,0.005875662,0.00931032,-0.007354629,0.007221238,-0.003644931,-0.001606885,0.000705219,0.001029798,29.53799996,32.03935965,30.26613551,27.69767958,30.59129416,,28.40012402,33.09525109,29.96824253,28.28506146,27.65278781,33.21782378,28.30833486,31.62971828,30.65954773,33.41771602,34.29777961,30.74960265,32.4896619,28.12112774,33.90839576,0.695941196,0.910576067,1.161431457,0.98621578,0.85040903,,1.16641061,1.156062858,0.757965402,0.966718903,2.182897753,2.241714552,0.594080986,1.337239223,1.182940178,1.338965138,1.255057702,0.752911815,4.758918391,1.590080679,1.053513275
3/15/2018,-0.019814489,614.2969581,26.91734928,279566511,67865471518,0.411942192,63.67,36756500,22896.5,50.3021698,39.67570114,4,0.002648414,0.017513452,-0.003564764,0.017301038,-0.007039299,,0.005391233,0.001628318,-0.00197133,0.007563362,-0.034782609,-0.002441447,0.004659784,-0.000200299,-0.0132184,0.000508836,0.002685721,0.00238584,0.003355592,-0.025692084,0.003454151,29.53349191,32.03893645,30.26301904,27.70663949,30.58600599,,28.42308146,33.11415238,29.96010632,28.26166794,27.6191796,33.21294323,28.31487894,31.6359209,30.66736639,33.40662407,34.31293356,30.75209299,32.49663528,28.09514215,33.89614001,0.698975499,0.919736137,1.140792893,0.998067151,0.842423201,,1.174644135,1.161035469,0.760361161,0.972909965,2.182897753,2.264962024,0.588878286,1.337657163,1.152514418,1.331184929,1.259178601,0.75297447,4.765192594,1.558904646,1.054058788
3/16/2018,0.050006422,614.3913852,27.07007586,357317925,67865471518,0.526509161,64.68,36594000,22899,51.80096817,40.66091919,4.25,0.006638498,0.014321079,0.006217813,-0.005774854,-0.003982717,,0.000830726,-0.000564282,-0.005209492,0.033509159,-0.004146488,0.001760131,-0.011854039,-0.001626302,0.002776563,0.005369107,0.018414096,-0.004580838,0.001896245,-0.002138764,-0.001849219,29.53707398,32.06192109,30.29404311,27.70353235,30.58044056,,28.4250539,33.16061819,29.95988762,28.27184248,27.61627545,33.24290708,28.29614666,31.64072057,30.65189197,33.41334655,34.32522715,30.73936411,32.49248583,28.09306984,33.88553672,0.707778494,0.937270752,1.163693912,0.993670186,0.842581615,,1.168500837,1.165745706,0.756281781,1.007138026,2.205596863,2.276016792,0.592172701,1.33888543,1.166397024,1.34176842,1.277747179,0.747494408,4.778437387,1.561007266,1.041891082
3/19/2018,0.100365167,614.5229116,27.17591546,323429709,67865471518,0.476574761,64.82,36554000,22904.5,51.95011902,40.92774963,3.549999952,0.006591309,0.016392492,0.00979076,0.002824956,0.0001802,,0.004136138,-0.000376356,-0.006883321,0.035791586,0.003430532,-0.001994469,0.036040134,-0.000836361,-0.012823262,0.004289524,0.001170607,-0.005379101,-0.004612296,0.014388489,-0.001756392,29.53940578,32.09962813,30.29539016,27.70900512,30.58813286,,28.41265554,33.16424236,29.98071179,28.30712346,27.62004256,33.23738179,28.33348019,31.6360157,30.61570946,33.4144441,34.31927749,30.73587961,32.49182287,28.10709019,33.91547245,0.712613548,0.958350239,1.168749551,0.997577844,0.84771359,,1.158173776,1.168008947,0.75543633,1.054316993,2.220729603,2.253605443,0.612344956,1.337080623,1.161098712,1.34537827,1.282118581,0.744778289,4.773966229,1.567756471,1.056117461
3/20/2018,-0.052660685,614.4808971,27.141575,244356209,67865471518,0.360059694,66,36564000,22902,51.16701126,40.51723862,3.549999952,-0.014013963,-0.016834325,0.007728974,-0.005827506,0.013619261,,-0.006851324,-0.002717714,-0.005453703,0.036625313,-0.015873016,-0.000755428,-0.002807007,0.001181029,-0.010167463,-0.000714872,-0.002087151,-0.007659574,-0.011174955,-0.001748252,-0.00712901,29.53116471,32.09001212,30.29864358,27.70588879,30.60454751,,28.40202654,33.14687443,29.9636605,28.33159159,27.60571124,33.23917651,28.32569537,31.64941611,30.61534181,33.42595978,34.32167165,30.72759679,32.46869249,28.10534836,33.92187719,0.698704988,0.946335803,1.182849026,0.993434006,0.865866155,,1.142959515,1.163213038,0.753608112,1.099854615,2.220729603,2.240932332,0.605312405,1.344979215,1.142311651,1.349161704,1.280992968,0.73922781,4.747299907,1.56691282,1.056889323
3/21/2018,-0.005420901,614.6573027,27.21354002,274027816,69034582055,0.396942819,68.15,36539000,22906.5,52.26498032,40.92774963,3.400000095,-0.000822295,-0.01403539,-0.010227333,-0.00258094,0.001945017,,0.002524697,0.003029688,0.001461047,0.030380997,-0.035278018,0.002319834,0.008502566,0.004434467,-0.001293485,0.00188394,0.005211255,0.00353337,-0.002783796,-0.00877193,0.005145408,29.53403824,32.10503827,30.27794155,27.70453942,30.60127701,,28.41417304,33.23390164,29.99768299,28.34909881,27.573946,33.24201504,28.33375442,31.67436933,30.61874196,33.43206935,34.32738768,30.74035732,32.46053513,28.0965934,33.93984213,0.699507221,0.943157034,1.150449325,0.991368639,0.867626804,,1.158459697,1.198234039,0.751117673,1.143429914,2.216946418,2.249307159,0.612799072,1.332267243,1.141189323,1.360326453,1.289844905,0.742625653,4.733183251,1.562694567,1.069005631
3/22/2018,0.016996738,614.7544155,27.26217227,260277233,69034582055,0.377024421,68.98,36766500,22903,50.74771881,40.20935822,3.400000095,0.007193603,-0.003020966,0.005066547,0.011204482,-0.007924896,,-0.024238014,0.002540898,0.005045474,0.028609892,-0.002559727,-0.005963908,-0.005043537,-0.007635443,-0.004281605,-0.001313895,-0.009066202,-0.000651364,0.017789777,0.008928571,0.002317052,29.54201858,32.10495127,30.27348092,27.72227813,30.58748106,,28.40424494,33.26406736,30.01614796,28.35974209,27.57098858,33.25319293,28.33123621,31.6634039,30.64801395,33.4352221,34.32145388,30.73684461,32.48337,28.10524115,33.93103593,0.704750196,0.943405718,1.155236398,1.005564605,0.859883929,,1.142556072,1.202648614,0.754889823,1.186724132,2.205596863,2.241200867,0.60738929,1.31795893,1.121614599,1.359910629,1.281829515,0.742007899,4.810877472,1.559125319,1.059001398
3/23/2018,-0.131948657,614.5621286,27.10510629,309893302,69034582055,0.448895746,69.03,36816500,22904.5,49.72660828,39.16255951,4.25,-0.016764459,-0.014154701,-0.005100524,-0.001388889,-0.01417051,,0.015430059,-0.008604817,-0.016548649,0.016653208,-0.003430532,-0.002442566,-0.003404472,-0.008029717,-0.018246504,-0.010379692,-0.015465489,-0.002762693,-0.016647552,0.005226481,-0.011716641,29.52477912,32.08410528,30.26040278,27.72156542,30.56355947,,28.40617514,33.24432193,30.00075574,28.35172006,27.5670317,33.2571497,28.32999907,31.67138935,30.63525419,33.422265,34.29242735,30.7322393,32.47101414,28.11045813,33.91551572,0.692491061,0.929597671,1.149181981,1.004328005,0.845033993,,1.167438269,1.192704298,0.745744006,1.221408418,2.190464123,2.219819469,0.606076974,1.319078384,1.113499973,1.347899126,1.256659315,0.739707502,4.765018161,1.56165627,1.037299291
3/26/2018,0.023643189,614.6247305,27.20619157,231015495,69034582055,0.334637349,68.81,37046500,22904.5,48.47629166,38.48522186,4,0.005410739,-0.001856034,0.009648959,0.013299462,-0.013610285,,-0.023161513,-0.012629234,-0.003710474,0.008345162,0.004317789,0.003474711,0.013481337,-0.007764396,-0.007662824,0.009993394,0.012936155,0.001248931,0.023005707,-0.012813198,0.0016888,29.53341143,32.06019075,30.28187524,27.72840024,30.56920107,,28.40350299,33.22678576,29.94885665,28.35013481,27.57197536,33.2702924,28.34045192,31.66887978,30.64028832,33.44956502,34.32188365,30.72760078,32.50125695,28.09770261,33.93247479,0.699017737,0.923273921,1.164280749,1.013852279,0.835698745,,1.134337667,1.178712834,0.742077492,1.22959074,2.209380048,2.220362785,0.61594124,1.312395244,1.087505681,1.364886128,1.281804741,0.742148568,4.887058635,1.516813208,1.047053132
3/27/2018,-0.00885858,614.4924633,27.28829751,257870838,69035878055,0.373531626,68.63,37101500,22898,48.34674835,38.37495041,4,-0.006817008,-0.000493622,0.011327796,-0.02295082,0.007341608,,-0.004969923,-0.00115591,-0.010896386,-0.00702242,-0.007705479,-0.002191841,-0.01261661,0.000436323,0.01240804,-0.000159085,-0.002589945,0.008681256,0.018572976,0.008532423,0.003410047,29.52455429,32.04894136,30.27981028,27.68239337,30.57592379,,28.40752101,33.20980694,29.90045036,28.32881197,27.5630591,33.2712681,28.32894609,31.65957774,30.63171573,33.4609572,34.31531881,30.73530009,32.52298617,28.10644791,33.93867305,0.691350813,0.921604356,1.186041197,0.981028534,0.843992108,,1.125621363,1.173106972,0.733924556,1.228093015,2.175331383,2.193189203,0.609237805,1.30858064,1.117662992,1.368392899,1.277457315,0.749070681,5.029125169,1.521031462,1.054455053
3/28/2018,0.0039392,614.4510885,27.26995085,228737294,69035878055,0.331331042,68.13,37101500,22903.5,47.2833519,37.63814926,4.380000114,0.006016252,-0.001144818,-0.000973666,-0.004046935,0.015428749,,-0.016641511,-0.006680943,-0.004729082,0.002556307,-0.003467544,-0.002471871,-0.00594334,0.000644188,-0.006395698,-0.00047887,0.003900403,-0.002373442,0.005143281,0.0253531,0.000244641,29.52970866,32.0593375,30.277287,27.68058799,30.5694999,,28.40167569,33.20953201,29.88964856,28.32007274,27.5588277,33.26186242,28.31657266,31.65157945,30.60934038,33.45959245,34.31232249,30.7367983,32.52929819,28.1325317,33.94501274,0.693911848,0.925211968,1.174902096,0.974700585,0.851780979,,1.10817074,1.16770145,0.731596303,1.237991416,2.156415458,2.193327739,0.603184148,1.300729167,1.114918154,1.365613627,1.280907387,0.747888117,5.054664887,1.530739951,1.05559483
3/29/2018,0.009768756,614.3887891,27.22320081,201411111,69035878055,0.29174846,69.02,36781500,22908.5,46.8536911,37.29021835,4.25,0.002046966,-0.001466329,-0.006602925,0.022912047,0.027689425,,-0.001709381,0.001560192,0.008735201,0.001795138,-0.005269324,0.000939359,0.005854632,-0.002112624,-0.027266796,0.000294654,-0.003141995,-0.009125541,-0.001954091,-0.003184713,-0.000225138,29.53044147,32.05208261,30.25867184,27.69203525,30.58274204,,28.40249349,33.20787407,29.88589897,28.30978649,27.55379088,33.26117099,28.32286797,31.64052286,30.60282871,33.44642501,34.31122588,30.73330596,32.52647706,28.12913274,33.93901485,0.698598672,0.922838225,1.168170227,0.993867878,0.873018242,,1.118008467,1.167875055,0.735158582,1.250856658,2.148849088,2.194971119,0.604064477,1.290652939,1.068210374,1.361640861,1.278535585,0.741148927,5.030608038,1.529052649,1.04707475
3/30/2018,0.084419467,614.5168985,27.32424323,221068777,69035878055,0.320223025,69.02,36734000,22906,48.38277054,38.27262115,4.25,0.015478035,0.004817963,-0.003407758,-0.014522822,0.030565044,,0.000365999,0.007852446,0.000929238,-0.007948784,-0.002664215,0.003155545,0.00136484,0.003318133,0.031726511,0.003581382,-0.003981089,0.012170567,0.008771006,-0.016678182,0.009525608,29.53821416,32.06842141,30.27606132,27.68429499,30.60579301,,28.40463761,33.23761866,29.889408,28.30433645,27.55199712,33.26763454,28.33054655,31.64563905,30.61313901,33.4491564,34.30555832,30.7408946,32.53768061,28.11296404,33.95290261,0.711127325,0.930390554,1.1655903,0.980883582,0.90205431,,1.112744175,1.178408262,0.734531759,1.241523625,2.156415458,2.207407166,0.602167927,1.295592586,1.110199629,1.360825719,1.276795267,0.751129529,5.055493671,1.493256058,1.057706322
4/2/2018,0.05846023,614.7271966,27.49194819,269658371,69041741525,0.390572956,69.02,36730000,22900.5,48.14649963,38.10203934,4.25,-0.008468711,-0.009901159,-0.00177816,0.006507592,0.002322542,,0.002053524,-0.00139531,-0.003799452,0.03480631,0.005294486,-0.004149162,0.014045817,0.008035458,-0.021254614,0.00261332,0.019059732,-0.00554682,0.008936096,0.001985112,0.00909363,29.52756692,32.0816249,30.29621056,27.68761959,30.61726935,,28.48457714,33.26462762,29.88734736,28.33093141,27.55752967,33.25933069,28.34218937,31.64996214,30.57481435,33.44345773,34.34343212,30.73009926,32.55318169,28.11620625,33.97921846,0.702305976,0.928001814,1.166823645,0.98644828,0.905276318,,1.118390364,1.179555524,0.734074685,1.300822863,2.171548198,2.185861346,0.609734182,1.304517678,1.086022054,1.353760474,1.310031669,0.745476855,5.148970398,1.479368356,1.07495751
4/3/2018,0.0105223,614.6821723,27.49229174,282027026,69041741525,0.408487706,69.02,36760000,22897.5,47.2834816,37.4897995,4.25,0.001030212,0.006092776,-0.000210654,0.000578574,-0.029188017,,0.002129824,-0.001259678,-0.008989884,0.005321216,0.033807829,-0.00522074,-0.013715589,-0.008460982,0.024591678,-0.00698183,0.010827716,0.009996714,0.00123705,-0.0109375,-0.000126416,29.5282962,32.06002948,30.30800996,27.6876581,30.60881538,,28.48546009,33.24430948,29.86867716,28.33628702,27.58590263,33.23595467,28.32403049,31.64949836,30.62459252,33.42265072,34.35135429,30.74092435,32.54161105,28.10620214,33.97190821,0.704674317,0.929082216,1.169455992,0.987461309,0.88375118,,1.126293557,1.174981185,0.728701914,1.326197469,2.171548198,2.166474342,0.594115817,1.301327904,1.103168004,1.329940085,1.327590324,0.754282883,5.19654404,1.452838908,1.063862096
4/4/2018,0.026149669,614.6239959,27.67771504,269594149,69041741525,0.390479937,66.04,36720000,22905,48.45840073,38.22449112,4.440000057,0.009832213,0.002399993,-0.005140968,0.009783368,0.007482326,,-0.014500942,0.007792889,-0.012206728,0.003492109,-0.028295587,0.00948895,0.00579061,0.006775867,-0.004592495,0.007731684,0.001460008,0.000482554,0.007535759,0.001688438,0.009149621,29.53356559,32.05453122,30.29750062,27.69280762,30.61660292,,28.47334682,33.22953707,29.84865151,28.33838049,27.56079702,33.23198739,28.32821152,31.65056632,30.61889806,33.4319295,34.34602262,30.73875875,32.53376232,28.10580522,33.99233332,0.710557151,0.932660975,1.166471729,0.996117506,0.889703358,,1.104687816,1.182496729,0.719001486,1.353558682,2.175331383,2.237610965,0.59970321,1.306036585,1.091290136,1.347142014,1.326804224,0.75213849,5.239079467,1.474306452,1.073016682
4/5/2018,0.086930602,614.6736583,27.62142671,269465762,69140331654,0.389737445,66.54,36730000,22910.5,49.54122162,38.78427887,4.400000095,0.00563733,0.012633732,-0.003852227,0.004280093,0.005472658,,-0.008318054,-0.000672735,0.017149066,0.010794518,0.0388611,0.007830249,-0.001927328,-0.001710464,0.018551481,0.002490837,0.006912766,-0.004665422,-0.016578527,-0.016708669,0.010750198,29.53875936,32.04268696,30.29845656,27.68158996,30.63364668,,28.47192948,33.22885433,29.87116259,28.34366588,27.59464487,33.23446973,28.33015816,31.65576319,30.62597066,33.42482329,34.34979695,30.73972856,32.51729397,28.08873904,34.00151807,0.71117536,0.940870605,1.158373672,0.995816,0.894212893,,1.079396633,1.182126151,0.72921495,1.390110796,2.194247308,2.242502616,0.600819609,1.303554276,1.11646175,1.340232798,1.338658316,0.748475133,5.128718903,1.452189904,1.074269034
4/6/2018,0.05507506,614.7038388,27.75727743,290305366,69140331654,0.419878469,66.51,36710000,22915.5,50.75963974,39.40816116,4.400000095,-0.004452586,0.009893218,-0.003962949,-0.022222222,-0.006710824,,0.007116462,0.01094222,0.009268076,0.039502754,-0.026250285,-0.001247512,0.009170507,1.43128E-05,-0.004883419,0.007540935,0.009781829,0.000178432,-0.001544157,0.012065748,0.010874521,29.53508196,32.06207587,30.28636588,27.66871561,30.63032197,,28.46918374,33.23174168,29.87212452,28.37329153,27.57269451,33.23436373,28.34019521,31.65173025,30.6220402,33.42045414,34.35360399,30.73958215,32.51927864,28.10056385,34.0204294,0.707180149,0.955185695,1.155194104,0.979240651,0.892520494,,1.096139195,1.197773036,0.7360812,1.461666483,2.220729603,2.207489992,0.604928424,1.304165168,1.113518009,1.343050817,1.346631379,0.747308447,5.125185865,1.4717755,1.091513215
4/9/2018,0.071936195,614.7783571,27.838236,298172021,69140331654,0.431256278,68.19,36720000,22914.5,51.50085831,39.66218948,4.349999905,0.007007512,0.000228849,-0.0041627,0.017349408,-0.009951005,,-0.01192041,-0.008948803,0.008022723,0.044585585,0.028550753,-0.003328911,-0.012427154,-0.005675019,0.003161008,-0.009226309,0.00663328,0.007177524,0.001727147,0.015955822,-0.002823104,29.53856207,32.06677463,30.2846133,27.68528424,30.63802237,,28.46736649,33.2296297,29.86767016,28.4079375,27.59464487,33.22712647,28.32738946,31.64216907,30.62287831,33.41874809,34.36699367,30.74031395,32.51493599,28.11641831,34.02087846,0.710767311,0.957341787,1.153548984,0.994561985,0.886811806,,1.081738533,1.1833241,0.739710064,1.540803345,2.194247308,2.22690488,0.59300709,1.291125372,1.113033384,1.331128493,1.355763972,0.752811692,5.155102753,1.494943359,1.081559778
4/10/2018,-0.130966045,614.6626118,27.80854183,323353560,69244331082,0.466974776,70.67,36760000,22913,49.5736084,38.46154022,4.349999905,-0.000969881,-0.015321346,-0.018154661,0,-0.021308883,,-0.017953871,-0.001986894,0.000263826,0.007100526,-0.025319708,-0.004135421,-0.00090446,-0.007435589,-0.007892462,-0.002488343,-0.002008561,-0.008274651,0.007415882,0.000512821,-0.012104371,29.53739114,32.06122519,30.25886066,27.68528424,30.64486289,,28.45387916,33.22694593,29.86425357,28.4052405,27.57415828,33.23702531,28.32924623,31.63904201,30.60438756,33.40893755,34.37479308,30.72557553,32.51833176,28.11591936,33.99725182,0.711681347,0.94563601,1.130960101,0.994561985,0.867065826,,1.064539678,1.180561148,0.735066227,1.579319068,2.232079158,2.204623108,0.585571153,1.277969539,1.104630356,1.327184711,1.357086338,0.746546932,5.194302112,1.508623402,1.060533631
4/11/2018,-0.234516745,614.3186392,27.44581485,325204623,69244331082,0.46964801,72.74,36760000,22915.5,46.97977829,37.70859146,4.800000191,-0.010325354,-0.034595955,-0.017491478,-0.019836566,-0.016772684,,0.00214845,-0.003323179,-0.021612271,0.038441823,-0.018359575,-0.008695958,-0.003100326,-0.006221067,-0.022940648,-0.013768918,-0.018112647,-0.008492113,-0.008965786,-0.025232544,-0.017259947,29.53342041,32.01245381,30.22058105,27.67392641,30.62196398,,28.45566187,33.20822886,29.87151622,28.41600301,27.55055585,33.2292732,28.32671612,31.63300731,30.56861689,33.38187714,34.34215994,30.71391862,32.50469494,28.09010681,33.96395675,0.707790615,0.909676794,1.109822083,0.975197327,0.847295374,,1.072771465,1.175151889,0.725138153,1.651552257,2.122366793,2.161069016,0.584403028,1.274974003,1.089679077,1.304730728,1.32551605,0.741609701,5.156846904,1.474501098,1.035722492
4/12/2018,0.009537628,614.3961357,27.42861292,205578655,69244331082,0.296888788,71.44,36980000,22915.5,49.58855057,39.62149048,4.28000021,-0.002114023,0.000760629,0.008421591,-0.012552301,0.00589295,,-0.000411888,0.00075272,0.003831277,-0.030218325,0.018758795,0.005565777,-0.002458075,0.001103242,-0.004111473,0.012741801,0.002598076,0.008358023,-0.00784479,-0.004485235,0.004948857,29.53302739,32.02470918,30.23273369,27.667174,30.62988939,,28.45652747,33.23338575,29.91887883,28.39483479,27.57221513,33.22952296,28.3194191,31.63358493,30.54962582,33.39664165,34.3403876,30.71651819,32.49446856,28.08489171,33.96769959,0.708888658,0.917609007,1.119130519,0.964067931,0.849692884,,1.076525665,1.179839148,0.728890039,1.579751647,2.213163233,2.09740197,0.586138691,1.274805068,1.092441283,1.323033107,1.326527853,0.74805944,5.128156764,1.479757648,1.034732363
4/13/2018,-0.046233819,614.2463548,27.30515053,225636643,69244331082,0.325855762,73.18,36840000,22923.5,48.23241043,39.05168915,4.28000021,-0.000392279,0.006068647,-0.005233439,0.007246377,-0.005303602,,-0.007101806,-0.003495075,-0.008054629,-0.020364152,0.029982363,-0.006672988,-0.00113066,-0.003454556,0.000464086,-0.000835794,-0.011814431,-0.008652202,0.002045957,-0.004981685,-0.004553951,29.53492571,31.98206586,30.23162336,27.67093097,30.60837846,,28.45158395,33.21687497,29.89980657,28.36807544,27.59727307,33.22203371,28.31859112,31.62972367,30.55640905,33.39650103,34.30456366,30.71272646,32.49351331,28.07902157,33.97173284,0.707707219,0.90989203,1.11549407,0.970250929,0.844359864,,1.06650224,1.173068243,0.725122355,1.515564706,2.213163233,2.082758865,0.58634017,1.26979146,1.087154069,1.317136058,1.303316054,0.741068972,5.146738598,1.490906738,1.038814659
4/16/2018,-0.039897233,614.1991919,27.21500001,223244929,69244331082,0.322401741,73.18,37040000,22921,48.90127182,38.93878174,4.400000095,0.008808478,-0.009829593,-0.004389509,-0.01369863,-0.001031657,,0.026027306,0.002655241,0.001456095,-0.024408596,0.002564103,0.000536447,-0.00438279,-0.000363737,0.007822851,0.001927869,5.44206E-05,3.70281E-05,-0.004933955,-0.029307419,0.000558815,29.54399107,31.98440454,30.22655207,27.66314338,30.60012603,,28.46188618,33.21285821,29.90603855,28.34851763,27.60015387,33.2205243,28.31708673,31.63117597,30.59266845,33.3872148,34.28738949,30.71125214,32.48785254,28.04823501,33.96812093,0.71339755,0.9073581,1.114379764,0.96030572,0.850671953,,1.100020025,1.175519916,0.738884594,1.450823275,2.224512788,2.044564197,0.587582096,1.2727161,1.088231606,1.308818115,1.297003105,0.740189447,5.124428141,1.484352179,1.031241334
4/17/2018,0.125503125,614.2689753,27.25517584,193986590,69244331082,0.280147973,71.71,36960000,22921,49.43869019,39.65306091,4,0.009608908,0.005867897,-0.00295548,0.045833333,0.011677341,,0.03556664,-0.004583511,0.006309844,-0.020464932,0.001516746,-0.00117705,0.000112419,0.002967537,-0.001058838,0.00580948,0.009450806,-0.006005129,0.006207289,0.015678385,0.005141441,29.55178191,31.95029775,30.22795724,27.71852781,30.61268167,,28.47843803,33.21576433,29.88239003,28.33979121,27.59974016,33.21954877,28.31865684,31.62986755,30.6087485,33.37213552,34.3111114,30.710241,32.48496595,28.06364324,33.97268634,0.71569815,0.901983033,1.112379768,1.006531493,0.856925089,,1.1396052,1.169903355,0.745768046,1.397139036,2.194247308,2.043613297,0.586195967,1.274014751,1.083357698,1.301600603,1.314887828,0.735804513,5.145964624,1.492996345,1.036559739
4/18/2018,-0.061726162,614.1283328,27.21798977,203026844,69244331082,0.29320356,73.73,36940000,22918,48.91122055,39.04082108,4,-0.005284683,-0.001944617,0.00460801,-0.021181717,-0.014545723,,-0.002514892,-0.002368174,-0.009085145,-0.016251825,0.021582764,-0.004263907,0.002835213,-0.003979443,-0.004843675,0.000679125,-0.012967658,0.005903118,-0.001938483,0.007518797,-0.003683247,29.54470862,31.92202298,30.22316916,27.70674715,30.60824573,,28.47548211,33.22157941,29.8664192,28.31983151,27.62004256,33.21166823,28.32181412,31.62139543,30.5878581,33.36670484,34.28264024,30.71295943,32.48501049,28.0711092,33.95892425,0.713346936,0.889599666,1.119758125,0.990784912,0.841881324,,1.139779008,1.17055732,0.743719439,1.37939156,2.220729603,2.093931898,0.586780029,1.268363869,1.079521033,1.299704303,1.293286713,0.738285653,5.111961243,1.51194595,1.024661189
4/19/2018,-0.203552196,613.7400855,26.86128703,231337982,69799331082,0.33143295,78.45,36940000,22923.5,45.99375916,36.95917892,4.400000095,-0.009520774,-0.010891818,0.002760447,0,-0.012383076,,0.0029842,-0.000175728,-0.008081728,-0.013991244,-0.023809524,-0.009268318,-0.000408437,-0.005016342,-0.008792383,-0.01474443,-0.032735575,-0.009345234,-0.02661012,-0.012681159,-0.010840954,29.52989878,31.85300673,30.21423386,27.70674715,30.58961299,,28.47286702,33.22133127,29.85780396,28.30852486,27.59846782,33.16173431,28.32163868,31.61468802,30.58408376,33.34074149,34.24487999,30.70006611,32.44856563,28.05840027,33.91279279,0.7085071,0.86717212,1.11877795,0.990784912,0.832681,,1.145125764,1.171409537,0.735721164,1.335192867,2.220729603,2.13104679,0.586889032,1.262280636,1.07180001,1.271948998,1.254973993,0.728521673,4.91806044,1.506040396,1.003623043
4/20/2018,0.094182713,614.0110981,26.92848866,229268029,70060333986,0.3272437,74.62,36920000,22926.5,46.74028015,37.27679062,4.400000095,0.0032973,0.005725452,-0.002871968,0,0.004511722,,-0.004719316,-0.000167161,-0.006160747,-0.001957126,0.024037479,0.009693355,-0.004084967,0.009423191,0.012166338,0.006876572,0.013936592,0.002213927,0.002917227,0.008175685,0.011169157,29.53522055,31.88929028,30.25370442,27.70674715,30.60178196,,28.46658564,33.24689064,29.86061916,28.30757832,27.61772858,33.19543465,28.31643499,31.61976535,30.59413386,33.3489622,34.2807211,30.705111,32.44778294,28.06642987,33.95017542,0.709346833,0.881269181,1.124460396,0.990784912,0.834658303,,1.133653941,1.173193957,0.744958406,1.30147641,2.194247308,2.147968699,0.582175779,1.274790846,1.079220547,1.280068803,1.278126285,0.732253461,4.935117891,1.511309959,1.019406742
4/23/2018,-0.273539437,613.4809745,26.49399178,253539310,70060333986,0.361887099,74.62,36810000,22931,43.57057953,36.12012863,4,-0.012961877,-0.021679846,-0.019601652,-0.015723606,-0.008182073,,0.023740349,-0.011341042,-0.029124163,-0.03532617,0,-0.016212165,0.023809524,-0.015133012,-0.009800646,-0.011806489,-0.048705005,-0.014525374,-0.017385027,-0.013595379,-0.019985783,29.51959324,31.82027436,30.24208208,27.66463595,30.55469276,,28.4751085,33.18700982,29.8380652,28.25984667,27.61772858,33.16598105,28.34160476,31.60067203,30.5588031,33.33149258,34.21379637,30.67894309,32.4254447,28.05279078,33.93240891,0.701961518,0.852692419,1.107659835,0.964925682,0.822590978,,1.139628366,1.150560984,0.716764981,1.26415812,2.194247308,2.062008784,0.601390997,1.256205693,1.078127828,1.254186761,1.210425967,0.720530456,4.905844506,1.495721943,0.994358658
4/24/2018,-0.059603473,613.4825246,26.28363714,212262729,70060333986,0.302971335,75.68,36230000,22939,41.67087173,35.06309128,3.779999971,0.004716467,-0.021706768,-0.005174712,0.023297491,-0.010662755,,0.009642956,0.002200368,0.000874842,-0.030733523,0.007758621,-0.005933728,-0.0109375,-0.008740236,0.007538346,-0.010776947,-0.007708378,-0.002037343,-0.012179461,0.014179104,-0.003220316,29.52730257,31.78018555,30.2458648,27.70817607,30.52988194,,28.47346082,33.21259249,29.8463867,28.23945356,27.62617247,33.15785712,28.32675783,31.59438059,30.57287626,33.32549545,34.21791305,30.67188854,32.40861538,28.06663632,33.95062705,0.704705918,0.832699455,1.110251566,0.995404874,0.812021849,,1.141714446,1.157047759,0.708626181,1.205977726,2.228295973,1.991358873,0.590393408,1.246861045,1.081133707,1.235975231,1.205689343,0.71558719,4.828454818,1.500576187,0.990861592
4/26/2018,-0.266983071,613.2767052,26.05339205,235990558,70100333986,0.336646838,73.79,36695000,22946.5,37.83304977,32.73469162,3,-0.011965761,-0.02295009,-0.001657822,0,-0.019065083,,-0.023807843,-0.001803435,-0.001762363,-0.005809173,0.022894844,-0.017377574,-0.004041968,-0.02028648,-0.008233259,-0.023743116,-0.043732137,-0.017187486,-0.02694606,-0.015784428,-0.023723837,29.52307982,31.71056223,30.42335609,27.70817607,30.50583509,,28.45764616,33.16176871,29.81924735,28.23890233,27.64471406,33.14654917,28.32200427,31.57127942,30.57887407,33.30276187,34.16654227,30.64436903,32.3708343,28.05072525,33.92947765,0.694254758,0.805213842,1.393243972,0.995404874,0.79532055,,1.121087103,1.152199179,0.71264882,1.178087995,2.186680938,1.911332861,0.586558175,1.215409615,1.063797886,1.207669205,1.148890207,0.701072297,4.73745697,1.479303289,0.967759514
4/27/2018,0.16006709,613.4183635,26.12909773,216632672,70100333986,0.309032297,73.79,36640000,22947.5,38.36521149,33.30612183,4.320000172,0.004251903,0.015794803,0.01324575,0,0.016454545,,0.001259585,0.003341588,0.002353858,-0.025165522,0.027791549,0.012812972,0.010750619,0.010129211,0.008382273,0.003031228,0.021595136,0.006410969,0.011147073,0.012255395,0.004224154,29.53760725,31.77467445,30.44319053,27.70817607,30.53755589,,28.45721561,33.099073,29.79950008,28.21678319,27.66968639,33.14248761,28.33473808,31.57647801,30.58002068,33.32549702,34.18657791,30.65850247,32.37676037,28.06289357,33.9309453,0.694126744,0.827472669,1.428907253,0.995404874,0.809288375,,1.120117584,1.144864106,0.715769358,1.126864153,2.156415458,1.956499575,0.599034371,1.22793024,1.082646403,1.224630329,1.170580441,0.704880648,4.674192195,1.491101384,0.978371568
5/2/2018,-0.19450892,613.1735351,25.8196856,199885857,70104821925,0.285124263,73.14,36620000,22952,37.90998077,32.70568848,3.75,0.008539266,-0.000145451,-0.002517986,0,-0.024852812,,-0.007597483,-0.001863325,-0.013942405,-0.040199837,0.009220219,-0.001166199,-0.007146166,-0.009680418,-0.024725534,-0.013163326,-0.01674723,-0.002069677,-0.016667423,-0.020189453,-0.009593679,29.54223966,31.8382244,30.44763771,27.70817607,30.53072535,,28.44880098,33.04059859,29.75218039,28.18566321,27.67885561,33.14092985,28.32437339,31.56636165,30.5320194,33.32844177,34.14370772,30.65626293,32.34878392,28.04255121,33.9170013,0.693942748,0.841402636,1.438661301,0.995404874,0.786996807,,1.112724053,1.135457436,0.712898009,1.074101177,2.175331383,1.901195123,0.592657557,1.220322439,1.071957461,1.212423513,1.141453504,0.705234689,4.593720908,1.447724951,0.966075032
5/3/2018,-0.171140457,612.9519838,25.58709632,229200140,70104821925,0.326939194,73.45,36620000,22957,38.44240189,33.58575821,4.199999809,-0.017465613,-0.005744388,-0.015387983,-0.004365079,-0.0105484,,-6.42409E-05,-0.00312915,-0.00588896,-0.010984361,-0.027545352,-0.005311472,-0.019677662,-0.000435641,0.001182425,-0.005560062,0.007707031,-0.00968168,-0.002211327,-0.029595016,-0.006433526,29.52513508,31.84062756,30.44360584,27.70588171,30.54021387,,28.44373643,32.98111256,29.70855107,28.18743148,27.6514348,33.14818623,28.30731523,31.55885382,30.53295351,33.32446868,34.16719811,30.64327505,32.32470885,28.01303606,33.90425791,0.683806884,0.839679166,1.402995836,0.992905468,0.775250492,,1.110329661,1.127434716,0.709613194,1.048768531,2.171548198,1.860407773,0.58062507,1.215358803,1.07317873,1.205871155,1.155965372,0.698774907,4.599823704,1.37571645,0.959042211
5/4/2018,0.177674951,613.1189292,25.79326731,210741162,70104821925,0.300608655,74.75,36660000,22954.5,41.01036835,34.96133041,4.199999809,0.003285363,0.005706458,0.014661689,0.013930979,0.000988676,,-0.005881792,0.001869601,-0.002346399,0.031686752,0.038166401,-0.001547057,-0.007668613,-0.004422969,0.022894966,-0.000271354,-0.004676853,-0.006519353,0.01755039,0.05534877,0.004919295,29.53081882,31.82948098,30.44150425,27.715289,30.5507612,,28.44005108,32.99341919,29.71112353,28.20888987,27.68751434,33.15451857,28.29188674,31.56397508,30.57223332,33.31925208,34.15371786,30.63225872,32.34128864,28.06671489,33.91423102,0.690379917,0.841505912,1.394891475,1.001511639,0.774963136,,1.106845117,1.132771135,0.714777537,1.090875655,2.186680938,1.870484362,0.568418605,1.216592781,1.082572625,1.200555086,1.146955958,0.693425264,4.655957269,1.455746138,0.967356762
5/7/2018,0.243417309,613.5469948,26.10782291,174918252,70104821925,0.249509587,74.75,36660000,22957.5,42.01813126,35.37030029,3.779999971,0.022071567,0.007393266,0.007733934,0.022695035,0.017906504,,0.012858669,0.000853554,0.016174124,0.037906341,0.01178341,0.00774666,0.005465625,0.001687082,0.001963348,0.008764251,0.026150281,0.002710851,0.01009857,0.010850694,0.010603542,29.55557119,31.84608108,30.45226453,27.72670271,30.56582359,,28.44982683,33.03665818,29.74256145,28.23564028,27.69899159,33.20274403,28.30552795,31.57100895,30.58475939,33.35529773,34.20529611,30.63435744,32.37380684,28.07628614,33.92778875,0.708384286,0.850092875,1.401373498,1.021297232,0.790129554,,1.115222813,1.134166164,0.718792241,1.135924415,2.179114568,1.940032938,0.57808734,1.2209215,1.074431911,1.227300838,1.18541482,0.693321815,4.652522788,1.498901899,0.982389416
5/8/2018,0.103842058,613.6035252,26.30299103,187841323,70104821925,0.267943514,74.16,36660000,22961.5,42.46725082,35.40903854,3.75,0.00602669,0.012966679,0.01566328,0.005312085,-0.010568709,,-0.005750004,-0.001457547,0.005778358,0.019940055,0.026736111,0.004169735,0.011338259,0.003761895,-0.012298286,0.004723059,0.001858022,0.004631095,0.018429781,-0.001766784,-0.005651717,29.56326599,31.87092245,30.4458818,27.72953589,30.5556883,,28.44422851,33.03506446,29.73855806,28.24779978,27.72536111,33.20621331,28.31412683,31.57626571,30.57069122,33.34104168,34.20246221,30.64639681,32.38825544,28.07448977,33.92727582,0.712358002,0.860872345,1.395430055,1.02624363,0.782076091,,1.108596964,1.130418387,0.717338611,1.176390679,2.186680938,1.99765433,0.585025916,1.22444675,1.064181045,1.223331808,1.189299,0.699284658,4.741798395,1.498058249,0.983505179
5/9/2018,0.026310433,613.610069,26.33923864,172540212,70104821925,0.246117467,77.6,36640000,22962.5,42.5318718,35.36931992,3.75,-0.001425609,0.020504451,-0.004718474,-0.014352225,-0.005619958,,-0.005831317,0.004021507,0.001336362,0.013096231,-0.007785467,0.001251963,0.017398697,-0.000729475,-0.004560592,-0.006660586,-0.002404879,0.005944945,0.012120557,0.003276809,0.001447491,29.55323237,31.86516768,30.44441784,27.7218369,30.54701285,,28.44054498,33.06995143,29.74414931,28.24643757,27.71771762,33.20081224,28.33614589,31.57836293,30.56660992,33.33395576,34.18510821,30.642315,32.41500552,28.07776499,33.92351994,0.709198652,0.872077611,1.391586476,1.015680121,0.778707741,,1.105112419,1.141027515,0.714962216,1.202496018,2.152632273,1.951803809,0.601830856,1.22333329,1.061209739,1.214867076,1.18031204,0.701411161,4.835124519,1.50269182,0.983173291
5/10/2018,-0.143419805,613.3607715,26.10422692,220969149,70117421925,0.315141577,77.59,36660000,22967.5,40.54795837,33.64448166,3.75,-0.008689255,-0.01161351,-0.000282037,-0.002380952,0.001134992,,-0.00171792,-0.006717669,-0.013991895,0.017365662,-0.00852747,-0.009414001,-0.006381734,1.90428E-05,-0.017693636,-0.014561396,-0.027161985,0.002930708,-0.025655141,-0.005300353,-0.004781255,29.53553097,31.81161214,30.44089735,27.72060742,30.54629256,,28.43876972,33.05152639,29.73809023,28.25652402,27.70910854,33.19219644,28.33188862,31.57646931,30.55823308,33.31358846,34.13653274,30.63177195,32.39197548,28.07237417,33.90678192,0.697616616,0.85465034,1.38598859,1.014022586,0.779976428,,1.102640067,1.134785719,0.708635604,1.241465225,2.137499533,1.919458728,0.59880154,1.223108082,1.062282191,1.189532456,1.145775524,0.702171956,4.732905852,1.500160868,0.972749014
5/11/2018,0.080073036,613.5407882,26.16025939,150134883,70354050954,0.213399059,77.37,36700000,22958.5,41.91242981,34.72277832,3.75,0.003327271,-0.006435303,-0.003321414,0.001199041,-0.002110907,,-0.022649708,0.00506455,0.005516349,0.025011472,0.025316456,0.004195227,0.009059771,-0.000723017,0.015742361,0.004184986,0.011810157,-0.002819205,0.00461022,0,0.003094728,29.54062893,31.81100559,30.44335576,27.72122235,30.56249488,,28.42654873,33.09728038,29.720454,28.28360549,27.7348086,33.20088642,28.34061411,31.57973535,30.57024637,33.30820397,34.16367997,30.63273684,32.39208268,28.07237417,33.93882356,0.700349134,0.85210205,1.374678879,1.014851353,0.780095455,,1.078892189,1.142852777,0.715242943,1.294436814,2.137499533,1.911683268,0.605960046,1.226216109,1.074639727,1.188178015,1.1596476,0.699798686,4.728038114,1.500160868,0.974935827
5/14/2018,0.056655287,613.7655282,26.36833917,159592765,70354015276,0.22684244,78.17,36740000,22953.5,44.50695038,36.78369904,3.75,-0.008410821,0.007875674,0.005752541,0.010752688,0.010030982,,-0.000604078,0.004460581,0.001643276,0.025134474,-0.025487792,0.00341264,0.006083916,0.00420664,0.01347424,-0.003633463,-0.001479369,-0.006990058,0.003421041,-0.002425573,0.009437746,29.54533375,31.84059703,30.44647446,27.72673975,30.59357254,,28.42612407,33.14433756,29.73365601,28.30644683,27.70664043,33.22872633,28.34783461,31.58522864,30.56409303,33.32215208,34.16659618,30.63223666,32.40095503,28.07003201,33.97775118,0.690933152,0.863434357,1.378824746,1.02231026,0.791645346,,1.088718154,1.152176631,0.71127342,1.348431604,2.175331383,1.945596394,0.612059428,1.234855358,1.092916087,1.189831164,1.158277133,0.690571118,4.745973755,1.486688485,0.988491195
5/15/2018,0.079414333,613.8947361,26.50947009,176227796,70359198830,0.250468736,78.94,36670000,22952,44.39123154,36.84743118,3.319999933,-0.001760929,0.013954273,-0.009726112,0,0.024379275,,0.020524389,0.008098094,0.005678594,0.020693085,-0.03840711,0.011297344,0.000830565,0.006834921,0.011612488,-0.010398128,0.00290991,0.007586926,0.002665447,-0.003282429,0.005923729,29.54033455,31.90517745,30.46741613,27.72673975,30.59283853,,28.43517367,33.14342511,29.74636491,28.32477743,27.66719277,33.24293231,28.34905463,31.59571624,30.564548,33.30901309,34.17808833,30.64440133,32.41620615,28.06693771,33.97839801,0.689322541,0.884617998,1.382576066,1.02231026,0.803491543,,1.118248992,1.163391848,0.71317567,1.402056967,2.160198643,1.953108914,0.612059428,1.238479415,1.108051634,1.177001945,1.168420874,0.697205511,4.749884856,1.471321142,0.994545843
5/16/2018,-0.079346765,613.7559807,26.4502002,169840521,70360698768,0.241385495,78.19,36520000,22962.5,46.93268967,37.65681839,3.319999933,-0.016749827,-0.018204894,-0.006070794,0.00462963,0.002830823,,-0.002991443,-0.006737576,0.006187614,0.01049673,-0.035646171,-0.001764012,0.00776152,-0.007739526,0.004597791,-0.010950037,-0.011641464,-0.000371599,-0.00447398,0.007042254,0.000448198,29.52575356,31.88241178,30.46436261,27.72918218,30.58118969,,28.4350707,33.1500447,29.77197253,28.32887735,27.63174055,33.24408013,28.34813637,31.58254426,30.564816,33.2741697,34.14970946,30.65307201,32.40446662,28.07415804,33.96022248,0.676548509,0.867948732,1.368682684,1.02562533,0.804409613,,1.122042982,1.156395567,0.712412497,1.443599778,2.156415458,1.95419734,0.61534195,1.229490325,1.116182073,1.149896552,1.14856824,0.695854221,4.740102277,1.474695744,0.991790325
5/17/2018,-0.0181742,613.9796189,26.47366857,149088968,73040923593,0.204117036,80.09,36560000,22971,46.96823883,37.82468033,3.319999933,0.004794978,-0.001392159,0.008998391,-0.020547945,0.007017222,,0.008107089,0.010434439,0.015313772,0.018211724,-0.029147982,-0.00564003,-0.009204861,-0.008563877,0.004669325,-0.005132386,-0.007688711,0.00808383,-0.012782254,0.003472222,-0.007176988,29.52967519,31.86924068,30.47787434,27.71814392,30.58240915,,28.44668962,33.13256597,29.80077764,28.34518765,27.60393341,33.21280384,28.34322369,31.57520911,30.56847121,33.23926975,34.13776868,30.65190261,32.37885299,28.07774874,34.28787072,0.6807935,0.866526349,1.384835575,1.010707516,0.806676621,,1.129781375,1.165815246,0.719294576,1.499813825,2.156415458,1.930523078,0.613943993,1.218817564,1.120382982,1.130719108,1.133736095,0.700390767,4.684868734,1.476383045,1.043243159
5/18/2018,0.021309218,614.1052736,26.56810129,440327566,73051809104,0.602760659,78.38,36550000,22974,51.00637054,38.95183945,3.650000095,0.00916983,-0.001179418,-0.005990115,-0.015815085,-0.005813037,,-0.006189614,0.000913562,-0.004461588,0.007585766,0.03015873,-0.002563049,-0.001501502,-0.001568957,0.001318712,0.009318352,-0.002292094,-0.009188133,-0.009653244,0.028275862,0.000784238,29.53658218,31.88294754,30.47266469,27.71009538,30.58441904,,28.45077918,33.12310789,29.79099444,28.35333455,27.63103712,33.24115583,28.34111956,31.570487,30.57344955,33.28002213,34.1404683,30.65191762,32.37652179,28.10441474,34.28975505,0.686321121,0.869645341,1.381705636,0.999933539,0.803792282,,1.118308418,1.167132912,0.716279875,1.527680352,2.156415458,1.95287771,0.612372908,1.214257845,1.118397772,1.154380671,1.136348984,0.692371603,4.66683308,1.549442856,1.043602921
5/21/2018,-0.092143821,613.7781735,26.3382388,140807807,73010623204,0.192859341,78.34,36620000,22974,47.82104874,37.21591187,3.650000095,-0.00879323,-0.00342579,0.007165524,-0.00974397,-0.003738176,,0.011931225,-0.002146339,-0.010176885,-0.020506624,-0.013835487,-0.003787385,0.002170638,0.004107849,-0.006933478,-0.004028924,-0.014298621,-0.002269014,0.001935857,-0.010159652,-0.005611339,29.53049336,31.84045996,30.4586385,27.67060512,30.58589397,,28.45192997,33.07870835,29.76766833,28.33213379,27.61826419,33.2380906,28.34467506,31.57226953,30.56988029,33.24671225,34.11990645,30.64188148,32.35356076,28.09429136,34.26211021,0.679086295,0.857852401,1.376852427,0.978054929,0.80020696,,1.131438995,1.158371255,0.714754423,1.464520991,2.167765013,1.895743862,0.615587939,1.221912484,1.109344238,1.137581775,1.11487701,0.692092037,4.663351883,1.522913409,1.035930475
5/22/2018,-0.376247179,613.2875354,25.7591266,213829355,73010623882,0.292874302,80.42,36620000,22976.5,45.3916893,36.32133102,3.650000095,-0.012363125,-0.033636893,-0.000191734,0.020791225,-0.023551466,,-0.020445185,-0.01182822,-0.021617106,-0.03023537,-0.036096748,-0.015060747,0.007266629,-0.013169891,-0.026963036,-0.019253384,-0.037956617,-0.015481773,-0.02996086,-0.036544919,-0.01994796,29.50714223,31.77956156,30.44161219,27.71265236,30.56417674,,28.42777011,33.05715505,29.72003756,28.31057667,27.58374522,33.21541378,28.35383544,31.55734142,30.53784375,33.21597519,34.06888361,30.61737406,32.30731874,28.05770936,34.25141043,0.670492068,0.827376532,1.370714992,1.006876586,0.781954435,,1.115428895,1.141884285,0.7043368,1.400521314,2.148849088,1.826267572,0.621670796,1.20181507,1.082477964,1.10884654,1.067718886,0.681374934,4.554615496,1.433006612,1.012897736
5/23/2018,0.031982452,613.4013189,25.75858331,203820950,73014932835,0.279149678,78.69,36580000,22971,46.40227127,36.78068161,4,0.003088189,-0.001997003,0.002954495,-0.023076923,-0.002173574,,0.005584491,0.000755336,-0.009569112,-0.003899756,0.035591025,0.002715957,-0.006079095,-0.001780509,0.004742123,-0.00463601,0.014860021,0.009535983,-0.000902481,0.003627035,0.002642258,29.50651996,31.79974623,30.44796873,27.69961973,30.57457827,,28.4301555,33.10921687,29.71613574,28.31007173,27.61520553,33.21039418,28.34680614,31.56189921,30.52887953,33.23317711,34.09043049,30.63154673,32.30873232,28.05966486,34.22056998,0.676966429,0.830726618,1.36947729,0.984617794,0.778236171,,1.119225769,1.148803374,0.696110548,1.364142911,2.152632273,1.805118713,0.615295908,1.203675748,1.097204862,1.118552595,1.084655317,0.68925468,4.545835988,1.467946539,1.010103786
5/24/2018,-0.017162713,613.3421746,25.70448586,138549686,73010622382,0.189766477,78.9,36600000,22973.5,45.6128006,35.95505905,3.099999905,-0.002044518,-0.008555705,-0.000498065,0.014104614,-0.005159807,,-0.008637236,0.000538343,2.79983E-05,0.015015209,0.031017838,0.00094367,-0.017616484,0.001837768,-0.003949684,-0.003335977,-0.007109399,-0.003181701,-0.01343029,-0.000494505,-0.006634782,29.50525545,31.7947611,30.45019638,27.72525883,30.5582978,,28.42650452,33.10789247,29.70690981,28.32030752,27.64362375,33.20980425,28.3277828,31.54979898,30.52584003,33.23195611,34.07087329,30.61928798,32.27909419,28.05902449,34.22970483,0.679215751,0.824773551,1.371534068,1.00342147,0.772718599,,1.115168119,1.150568799,0.699268344,1.399611422,2.156415458,1.784730818,0.599935538,1.207080741,1.095858535,1.114022611,1.074637352,0.684896863,4.493611644,1.47383908,1.0031771
5/25/2018,-0.219627738,612.8920543,25.35283206,162917322,73036622382,0.223062508,76.6,36675000,22973.5,41.71348953,33.68209076,3.900000095,0.003739663,-0.005496648,-0.01696536,-0.02311828,-0.018261933,,-0.012864327,-0.00713489,-0.018904736,-0.003790482,-0.001754386,-0.008732707,-0.006192485,-0.010018528,-0.013603067,-0.005875787,-0.023200701,-0.008132456,-0.024899302,-0.000764526,-0.013656803,29.50468762,31.74052,30.43481075,27.67797849,30.52665904,,28.42111847,33.0528356,29.66021109,28.31121051,27.64178586,33.1837844,28.3215686,31.53998952,30.50931378,33.21952668,34.02662116,30.60471457,32.22141057,28.05827135,34.23503626,0.689039603,0.810728865,1.35264526,0.969816207,0.751513447,,1.108065012,1.136589394,0.693962229,1.394924279,2.148849088,1.757022167,0.593942651,1.196540566,1.081393882,1.102366051,1.047286109,0.678150978,4.37718361,1.471944119,0.990868538
5/28/2018,-0.582607825,612.1067017,24.56889818,249347893,73036622382,0.341401183,76.6,36625000,22977,36.79230881,32.3446312,3.25999999,-0.033147116,-0.045894824,-0.027764776,0.003352565,-0.013122576,,-0.052689559,-0.015766358,-0.035373111,-0.021084517,-0.050830493,-0.024833847,0.000340739,-0.028218261,-0.023784574,-0.029872496,-0.05548865,-0.020075321,-0.057528075,-0.020282702,-0.030543873,29.46535585,31.68021915,30.3677435,27.67997998,30.46002104,,28.39500284,32.99534062,29.60666009,28.28584023,27.59052255,33.15947011,28.32365732,31.50227475,30.454887,33.19679819,33.96079154,30.56876875,32.14621426,28.03752348,34.22963047,0.66890471,0.775080806,1.313860015,0.974328566,0.728628697,,1.05988566,1.115117567,0.678208399,1.371158072,2.080751758,1.689504483,0.595002534,1.160162228,1.078555638,1.077688437,0.989683388,0.665101771,4.128888481,1.457822731,0.960564236
5/29/2018,0.332447935,612.449083,24.84393164,210696413,73036622382,0.288480499,74.51,36635000,22981.5,40.53824997,34.28973007,3.099999905,0.014825221,0.032488115,-0.011342158,0.011973959,0.028645084,,0.031862868,0.01433339,0.012739446,0.005158195,0.012225705,0.019717145,0.008315918,0.018722196,0.026754685,0.023878854,0.039540096,0.013553361,0.026562107,-0.013208955,0.015702701,29.48767201,31.74566043,30.34774241,27.67173375,30.50035505,,28.416665,32.98403943,29.63424715,28.2942244,27.60305644,33.16486741,28.33389547,31.52338989,30.47339795,33.21171015,34.01976998,30.58877016,32.18902031,28.02422707,34.23463856,0.673081425,0.805107309,1.285132697,0.975131811,0.753206364,,1.077420497,1.128812041,0.684284333,1.376097788,2.118583608,1.730440332,0.602656476,1.184379829,1.101545771,1.100706714,1.02983861,0.67198772,4.18202009,1.391512125,0.971986101
5/30/2018,-0.102610325,612.2394601,24.77038796,156782515,73093304824,0.21449641,75.89,36635000,22974,41.46960068,35.09230042,3.099999905,-0.006758747,-0.00659934,0.002413225,0.003609923,0.002447314,,-0.032312688,-0.004139496,0.000422467,0.004067758,-0.025909546,0.00090544,-0.014607363,-0.008151763,-0.003923996,-0.0026935,0.003151583,-0.011083488,-0.00183297,-0.001805054,0.000189917,29.47691802,31.72281065,30.36198509,27.67366955,30.46344996,,28.40260742,32.92947431,29.62975538,28.29990633,27.57933575,33.16584368,28.312578,31.52273235,30.45490557,33.20004634,34.0335028,30.58189656,32.16542996,28.02233461,34.24027778,0.667752353,0.800848177,1.287698788,0.977617943,0.747607047,,1.039204138,1.120507717,0.68149484,1.374648463,2.137499533,1.730267405,0.589229398,1.173425695,1.103797858,1.097785685,1.038440767,0.665692008,4.172933275,1.390668475,0.973268393
5/31/2018,0.144502339,612.6182183,24.90356255,198133624,73129771808,0.270934284,76.45,36665000,22976.5,42.83958054,36.53924179,3.099999905,0.013095228,0.016274748,0.003080213,0,0.004656243,,0.03677936,7.79521E-05,0.016324126,-0.001037344,-0.033669411,0.013499868,0.019850307,0.014270791,0.011082125,0.001513065,0.029941888,0.012548456,0.000896564,-0.03308309,0.01840125,29.49088742,31.77834032,30.51764982,27.67366955,30.47417273,,28.42194271,32.93932859,29.63173321,28.29915692,27.54703674,33.20283082,28.33256562,31.53882496,30.47181404,33.20153198,34.07413787,30.59437504,32.18081432,27.98991028,34.25749542,0.674654889,0.819637689,1.311509842,0.977617943,0.751367328,,1.07999239,1.119889223,0.688803482,1.371610595,2.103450868,1.789084688,0.60276145,1.19097226,1.109640792,1.098399621,1.06922956,0.673749407,4.157093977,1.320762593,0.993333956
6/1/2018,0.191333539,612.8898903,25.10524567,223718106,73127771808,0.305927694,74.54,36615000,22961.5,43.69158173,36.72032166,4.289999962,0.001992025,0.030951531,0.024970003,-0.007685353,-0.008778605,,0.022744505,0.012018876,0.008648346,-0.004845792,0.026274086,0.002838325,0.002290627,0.011422851,0.011402395,0.009382634,0.007252014,0.011171354,0.019066349,0.007997461,0.002219909,29.49590571,31.78755394,30.52905875,27.6695718,30.48253979,,28.43199104,32.9534261,29.62966452,28.30665796,27.57021785,33.2174104,28.33690902,31.54596341,30.49372032,33.22801328,34.10252334,30.60099734,32.23352535,27.99782588,34.27641444,0.675917702,0.833122934,1.341577522,0.973227903,0.748736768,,1.113454929,1.13348476,0.691322057,1.332240821,2.111017238,1.795603799,0.605263801,1.202057371,1.114945319,1.113190553,1.085366076,0.681433938,4.222328544,1.331924697,0.999028945
6/4/2018,0.301419061,613.278693,25.56692477,190844189,74293302528,0.256879399,73.41,36635000,22961.5,44.64635086,37.48490906,3.75,0.00304113,0.013951087,0.00708783,0.010251323,0.039793648,,0.021464598,0.006217163,0.008406633,0.016998963,0.036792115,0.00950938,0.001527759,0.008059746,0.013992937,0.020818929,0.02935172,0.008356491,0.040192103,-0.003798101,0.009403607,29.49656754,31.79310099,30.55399925,27.66677024,30.50237376,,28.44245542,32.95358115,29.64751631,28.32089138,27.60305644,33.22364241,28.33802021,31.56561495,30.53119561,33.25420748,34.19779561,30.61831767,32.28929232,27.99325194,34.28704232,0.672960587,0.841570211,1.34369087,0.976657146,0.774116137,,1.124426422,1.137853991,0.695243778,1.380055436,2.118583608,1.807252565,0.607659074,1.207687964,1.115502098,1.140633942,1.155934591,0.685873867,4.436267378,1.336129937,1.008825171
6/5/2018,0.166670594,613.6270394,25.74899856,231936931,74489442612,0.311368864,72.91,36615000,22964,46.41101837,38.77264023,3.75,4.80504E-05,0.01379478,-0.007099103,-0.005885642,-0.003639353,,0.004996451,0.000737823,0.001401385,0.015157309,0.031589341,0.006650423,-0.008391354,0.009569971,0.025000808,0.010854666,0.004387974,0.013652057,0.002384364,0.045275987,0.006184656,29.50222609,31.8353829,30.54988984,27.66372337,30.51128813,,28.44519039,33.00258401,29.69190845,28.33335742,27.63161668,33.24494406,28.331846,31.58738915,30.56226001,33.26933313,34.19461797,30.63892512,32.29950669,28.03617975,34.29487024,0.671365819,0.853752914,1.338055683,0.974507206,0.773269102,,1.12055366,1.142769738,0.697633566,1.396330724,2.107234053,1.813928923,0.600390402,1.224168974,1.142257338,1.157646387,1.155551643,0.697526357,4.448938572,1.416990263,1.016127235
6/6/2018,0.107832888,613.8571189,26.05361124,185769147,74489442612,0.249389901,72.23,36670000,22962,47.50952911,39.8910408,4,0.002851743,-0.003279301,-0.013819699,-0.02294197,0.003226373,,0.018969094,0.000962039,0.007420796,0.001811807,0.011669659,0.005033756,-0.001698585,0.003712939,-0.008760491,0.008571385,0.003504376,0.003473807,0.011033807,0.06862779,0.007463563,29.50052219,31.85789847,30.5557721,27.65013935,30.52709391,,28.4594239,33.03420946,29.72303519,28.33548043,27.64362375,33.25090334,28.32955792,31.57812734,30.55585909,33.26529194,34.20611799,30.66139363,32.30845846,28.1025449,34.31166552,0.674056906,0.859095608,1.328828472,0.95242061,0.781799102,,1.13261056,1.153366607,0.707548144,1.397739003,2.156415458,1.859659962,0.598398669,1.225505368,1.129364467,1.160949703,1.15942567,0.700063408,4.537555661,1.514502929,1.024304929
6/7/2018,0.054022823,613.949138,26.11833592,191868966,74569463723,0.257302328,75.23,36640000,22959.5,48.60411835,40.01601028,4,-0.008794229,0.00787416,0.02135814,-0.003205973,-0.004496514,,-0.001777149,-0.001956642,0.005269108,-0.013556538,-0.037184799,0.00168004,0.003418467,0.018401767,-0.001414072,0.010053796,-0.002173926,-0.006423443,0.027874272,0.034248028,0.00482833,29.49692677,31.85360582,30.55823175,27.62289746,30.63638008,,28.46280996,33.01148703,29.70586706,28.31519802,27.60710513,33.25384021,28.33264612,31.59995055,30.55721775,33.2800651,34.20262177,30.65348822,32.34974177,28.13682382,34.31223358,0.668337583,0.861310238,1.344291989,0.937396835,0.776700874,,1.133735307,1.149432432,0.705906524,1.341479685,2.137499533,1.860203762,0.600845847,1.240634274,1.125398821,1.174131571,1.159995932,0.694147378,4.632084555,1.549897215,1.024905567
6/8/2018,-0.028264643,613.9130021,26.04097985,165350476,74637582874,0.221537823,75.11,36660000,22957.5,49.31900024,40.4695015,4,0.004380874,0.009002841,-0.002966188,-0.002592593,0.010549435,,-0.008598762,0.002089465,-0.000665466,-0.003664327,-0.031981279,0.000613229,-0.002229099,-0.008367185,0.016008194,-0.002674188,0.003395551,-0.002350299,0.004912997,-0.011739549,-0.001388295,29.50289573,31.87202025,30.55279917,27.62119025,30.64048989,,28.45705346,32.99531759,29.70190563,28.31767994,27.57711023,33.2468204,28.33060578,31.59178042,30.56517129,33.27332741,34.21565623,30.65178099,32.35873963,28.12671011,34.31394773,0.676316147,0.873233036,1.33850258,0.936613147,0.783392263,,1.12851415,1.150949203,0.704496208,1.31005755,2.137499533,1.84276412,0.599841136,1.233750473,1.144006668,1.171002117,1.16891907,0.69585771,4.619412075,1.500005263,1.025847404
6/11/2018,0.016145223,613.8597061,26.07279579,195627229,74637606374,0.262102764,74.58,36790000,22962,52.48978043,41.7967186,3.950000048,0.018780324,-0.000294146,0.003951397,0.038944951,0.027014626,,-0.007659121,-0.006354955,0.003857892,-0.024550046,-0.022396755,0.001664513,-0.002117536,-0.002493498,0.004001079,0.007612608,-0.006266932,-0.006577585,0.001917176,-0.011175617,-0.001713152,29.5200509,31.84544478,30.54896489,27.66712378,30.63374304,,28.45380914,32.99220018,29.6866321,28.30760339,27.5573413,33.24377052,28.32735639,31.59257356,30.55776749,33.28024635,34.20857502,30.6400688,32.36663425,28.11317679,34.31662339,0.694139603,0.866889921,1.339769084,0.973206838,0.795648336,,1.123665294,1.139775151,0.711785326,1.264830687,2.145065903,1.803623814,0.595055022,1.227213926,1.151941461,1.18472985,1.164985542,0.692594157,4.659924295,1.508831061,1.029120518
6/12/2018,-0.184678249,613.5798844,25.85258759,233830177,74689850019,0.313068211,74.86,36890000,22966,50.46385956,40.11605072,3.5,-0.00238188,-0.025914815,-0.009028301,-0.007326007,-0.022360324,,-0.013140372,-0.00570424,-0.007459206,-0.017983019,-0.01489852,-0.006456074,0.014523534,-0.015669706,-0.000457975,-0.008837618,-0.017302091,-0.005248931,-0.009948477,-0.001515152,-0.007569078,29.52001641,31.8225492,30.52869201,27.66316113,30.60759428,,28.44406954,32.95107558,29.66476195,28.29388054,27.54388714,33.22858674,28.34796663,31.57469103,30.54643975,33.27175127,34.18488769,30.62504959,32.34236324,28.11174942,34.30671125,0.709157568,0.847663825,1.322284212,0.96671078,0.775621974,,1.114235173,1.13123767,0.709430802,1.224143441,2.137499533,1.800863543,0.6021249,1.210742328,1.155095326,1.177889944,1.141926246,0.688073932,4.615010221,1.50504114,1.017835031
6/13/2018,0.117314288,613.7914132,25.96935586,127134808,74696353022,0.170202162,75.07,36950000,22967.5,51.4197998,41.31219864,3.5,-0.001741163,0.028453779,0.004154734,0.041402792,0.031149414,,-0.018889207,-0.004255923,0.019250122,0.020906378,0.009050105,0.005117323,0.003121928,0.00346173,-0.00759694,0.006860589,0.004258201,0.000485923,0.002486668,-0.03123448,0.000872315,29.53031867,31.85519796,30.54792091,27.70869969,30.62235621,,28.43964589,32.97688412,29.70220392,28.3099766,27.55055585,33.22336333,28.35306099,31.58091775,30.54920654,33.27136456,34.19429071,30.6336688,32.34722507,28.0791154,34.3154402,0.709165796,0.874800658,1.33619167,1.010294091,0.798436436,,1.083605744,1.128792317,0.724177373,1.265121606,2.122366793,1.792812182,0.603768847,1.214033392,1.135316129,1.225803215,1.146520112,0.687016198,4.622459591,1.472385465,1.01628825
6/14/2018,0.034691244,613.7279761,25.96586151,181355959,74696353022,0.242790915,74.77,36900000,22970,52.56935883,42.19501877,3.069999933,0.006140155,0.01105585,-0.012687014,-0.023109244,0.012925681,,0.012762783,0.002572073,-0.014784025,0.012523289,0.03955812,0.002525195,0.001579771,-0.002673835,0.011491508,0.003102044,-0.015129492,0.003620676,-0.007091906,-0.006682581,-0.003007804,29.53025992,31.85128586,30.53421054,27.69610125,30.61984401,,28.4450081,32.96392435,29.68174674,28.3174838,27.58571953,33.21753893,28.35449559,31.57789127,30.57848175,33.27671232,34.16223215,30.63389457,32.32314521,28.07224703,34.30575315,0.714839279,0.887270685,1.315356259,0.988857101,0.805790121,,1.098802118,1.130994976,0.721186183,1.302862452,2.145065903,1.798927275,0.606127553,1.212407962,1.150092963,1.189266067,1.121129555,0.68849332,4.609210585,1.466064592,1.013116558
6/15/2018,-0.041134027,613.6910263,25.89776471,185525566,74701829391,0.248354783,72.02,36870000,22976.5,59.02233887,44.18138123,3.529999971,0.003295075,0.003401173,-0.0044553,-0.019226279,-0.009799426,,0.004973057,0.000498929,0.004951034,0.010702555,-0.011615885,-0.003511582,-0.021675768,-0.007021994,0.000464754,0.002159473,0.000347858,0.009976322,0.001335779,-0.007212789,0.001278989,29.53474454,31.85994318,30.53385022,27.65287194,30.61542308,,28.44488339,32.98029969,29.68277265,28.32429041,27.57487975,33.2208897,28.3337192,31.57383201,30.58045552,33.27858536,34.17047259,30.6434418,32.32296025,28.06574448,34.29696654,0.715733965,0.892668657,1.310179593,0.96084442,0.79713945,,1.100043144,1.13275841,0.721287908,1.339446683,2.137499533,1.793590819,0.591195063,1.208072551,1.147781436,1.192555924,1.121538334,0.695842311,4.594121796,1.438276175,1.007188543
6/18/2018,-0.223034799,613.3315722,25.59594287,190756736,74740397414,0.255225745,74.87,36785000,22980,53.23804855,41.0112381,3.529999971,-0.005311017,-0.026505234,-0.015957983,0,-0.037384315,,-0.019240266,-0.00591871,-0.015983577,-0.014986205,-0.011820163,-0.009933601,0.020205675,-0.011285688,0.004400052,-0.011617341,-0.022487205,-0.016638602,-0.013618981,0.001099811,-0.010051449,29.52652757,31.81855332,30.51396019,27.65287194,30.58972981,,28.43138622,32.93109702,29.64272255,28.30411651,27.56392118,33.20335893,28.35569638,31.56759975,30.59324251,33.24998923,34.13145821,30.61831001,32.28793615,28.06596752,34.28312721,0.71194164,0.862731423,1.300423828,0.96084442,0.769228048,,1.084917198,1.122179285,0.707383699,1.294339629,2.129933163,1.776170086,0.609955195,1.188703252,1.147326753,1.166638318,1.091951497,0.681855808,4.54349512,1.453851178,0.992073329
6/19/2018,-0.393033406,612.8849369,24.97552898,289765544,74740397414,0.387696017,74.92,36890000,22980,49.19664001,39.62680817,3.900000095,-0.009799828,-0.025399011,-0.0313143,0.00339355,-0.036167958,,-0.017789001,-0.016718263,-0.016764432,-0.027768533,0.03165733,-0.024327602,-0.015956772,-0.022506638,-0.022468944,-0.016395316,-0.031772593,-0.022555558,-0.021029219,-0.048317684,-0.021032633,29.50993699,31.78690423,30.45745256,27.67815333,30.56883132,,28.4241272,32.90181604,29.61555704,28.28021157,27.5916192,33.16746073,28.33778012,31.54056669,30.57283833,33.21176593,34.11267747,30.58600422,32.25952485,28.01740355,34.26430559,0.707741396,0.84183957,1.239639708,0.970986764,0.745100504,,1.075710124,1.106610262,0.698042955,1.238708845,2.133716348,1.712152927,0.594852281,1.166271922,1.124440936,1.133914059,1.059303185,0.668452806,4.425949996,1.363723708,0.96837068
6/20/2018,0.315494818,613.2921537,25.41969773,173983933,74909239357,0.232259644,74.25,36810000,22988,48.91714859,39.62680817,3.900000095,-0.002566062,0.012119792,0.009769237,-0.007751938,0.026591009,,0.025761999,0.012631277,0.005825046,0.024435418,0.030270326,0.014303159,0.020161881,0.014635448,0.015349351,0.002080759,0.020743163,0.01661042,0.022305334,0.043487395,0.008731803,29.51275499,31.80847217,30.47527296,27.67423422,30.58864339,,28.43793964,32.94583852,29.63939602,28.30455759,27.61813864,33.18525341,28.36642941,31.55666259,30.57614632,33.22463192,34.14296814,30.59875572,32.30419836,28.05857526,34.27328445,0.706759371,0.853198577,1.261458108,0.964490707,0.762520379,,1.100470931,1.12318014,0.705544734,1.284601866,2.118583608,1.743215643,0.602149502,1.179839223,1.147705403,1.140531948,1.08160203,0.67800512,4.547662941,1.442689074,0.975488426
6/21/2018,-0.016157481,613.245107,25.36490861,130756220,74909239357,0.17455286,72.87,36810000,22990.5,46.61557007,37.76082993,3.200000048,-0.012444506,-0.0136422,0.006457125,0.012302285,-0.021360984,,-0.003042596,-0.003010228,0.003751928,-0.003897667,0.039155085,-0.004872784,0.009588824,-0.006108182,0.001205059,-0.013327437,-0.010408134,-0.001000724,-0.001017664,0.010252366,-0.004737044,29.50506279,31.78850073,30.50518685,27.69769062,30.56626688,,28.43673356,32.91952466,29.61669503,28.29657842,27.65495098,33.17629303,28.3727914,31.55177947,30.5772387,33.22716267,34.12191918,30.59303095,32.3084234,28.06831921,34.26095847,0.695219423,0.842177088,1.259402949,0.980902579,0.745573809,,1.099118381,1.114498139,0.70498596,1.280090196,2.137499533,1.725235536,0.600476467,1.166943571,1.150816941,1.131255932,1.067833936,0.676620778,4.554969282,1.467323561,0.963964554
6/22/2018,0.075565899,613.3621237,25.43878987,145984910,74909239357,0.194882382,73.67,36785000,22998.5,45.32667923,36.8147316,3.910000086,0.00398705,0.012708517,0.009005497,-0.037598699,0.015947881,,0.00305836,0.003750263,-0.005295068,-0.013863001,0.033145275,0.010645793,-0.016278087,0.004060479,0.006101523,0.005319106,0.016791411,0.002111244,-0.003813343,0.017039375,0.008742324,29.50783122,31.80128207,30.49528723,27.64216242,30.58139393,,28.43824211,32.93493931,29.63263486,28.29359714,27.68673185,33.18370548,28.35555343,31.56338257,30.57933121,33.25533538,34.1493855,30.59683152,32.32015138,28.08511052,34.25923454,0.700921161,0.851593626,1.26181424,0.93878106,0.759149031,,1.106530933,1.120684961,0.701252311,1.241480976,2.137499533,1.737803462,0.59668006,1.17559021,1.160128416,1.147467739,1.091513381,0.677009584,4.568954736,1.495332651,0.968601802
6/25/2018,0.012659466,613.4243427,25.53327877,151823300,74909239357,0.202676334,72.82,36875000,22986.5,45.12108994,36.8780098,3.809999943,0.004635819,0.007534173,-0.006075125,0,-0.012707522,,-0.002719804,0.012313137,0.005257564,-0.013625079,-0.03042328,-7.93979E-05,0.004106879,0.004028446,0.004691815,0.01020248,0.010046814,-0.001130675,0.018964418,-0.007915361,0.005554165,29.50881861,31.82069309,30.4856357,27.64216242,30.58013087,,28.434203,32.93916969,29.66136526,28.28718937,27.6556378,33.17977661,28.35999136,31.56884577,30.60661311,33.26730194,34.16117366,30.5973599,32.31913588,28.07763854,34.27150013,0.699857682,0.858294109,1.258609228,0.93878106,0.748863768,,1.090803097,1.133997444,0.705140373,1.206286542,2.137499533,1.775936754,0.603154213,1.175219651,1.159321826,1.159722844,1.102188475,0.677308116,4.654614349,1.468595544,0.979084162
6/26/2018,0.069872465,614.9755348,26.75286061,172345480,75622006166,0.227903872,73.58,36825000,22992,43.49319077,35.59389877,4,0.002153417,0.006405097,-0.003609482,0.036735263,0.009319445,,0.015,0.003930022,0.00329997,-0.01760101,0.030967219,-0.002361343,-0.007886435,-0.002428137,0.016449316,0.000679929,-0.009282194,-0.000602185,-0.002882807,-0.010273973,0.001860353,29.51611257,31.80555742,30.46981128,27.66190576,30.57135543,,29.97672534,32.93063518,29.65011077,28.28481215,27.68520992,33.23252417,28.34985144,31.56278882,30.63207652,33.25499019,34.15041767,30.58943441,32.31555189,28.0668263,34.26883757,0.702728409,0.860383279,1.252808286,0.966220545,0.755572778,,2.322999295,1.136022313,0.709428205,1.169806151,2.122366793,1.784274081,0.594210857,1.169799374,1.181459016,1.15613596,1.098048794,0.676573527,4.654620551,1.46353364,0.975868751
6/27/2018,-0.039622001,614.9787918,26.7331418,196739443,75626260235,0.260146994,76.09,36765000,22999.5,42.29280853,34.81644058,3.819999933,0.001684825,-0.001070531,0.006480413,-0.024544167,-0.00352516,,0.021403141,-0.004464904,0.000884807,0.010240497,-0.001550027,-0.003787372,-0.007404905,-0.000475672,-0.008123812,0.001467147,-0.011116613,0.001754373,-0.013598837,-0.002127717,-0.001747485,29.53316613,31.79301774,30.50269231,27.6402868,30.56753078,,30.03044773,32.93147039,29.65477421,28.29696413,27.68366145,33.21934718,28.34096328,31.56143254,30.63704245,33.24675709,34.12559576,30.59222839,32.30334478,28.06490123,34.25316742,0.703454499,0.855516133,1.266028657,0.945097839,0.753678232,,2.44030484,1.131238585,0.708769939,1.173319161,2.118583608,1.766768245,0.584444433,1.171404812,1.16798713,1.155588361,1.080814541,0.677680256,4.610378134,1.454902488,0.967181903
6/28/2018,-0.044023757,614.8954997,26.79149297,186231053,75635360141,0.246222207,76.26,36755000,23007.5,41.02415085,34.23368835,3.799999952,0.002449898,-0.008879193,-0.019673862,0.006393298,-0.022301509,,-0.028606127,0.00288936,-0.004246216,0.030875887,0.03298153,-0.001925767,0.005459666,-0.008869348,0.005275723,-0.008205547,-0.017136828,-0.00400021,-0.001937404,0.008710801,-0.01327791,29.52847831,31.77949781,30.44935083,27.66022088,30.52863052,,30.08216865,32.92400535,29.63989954,28.3180502,27.71649659,33.20396751,28.35015372,31.55120486,30.63202392,33.22135027,34.10625721,30.58349162,32.28793893,28.07393682,34.2583762,0.703135881,0.845045276,1.245098052,0.955531348,0.734698308,,2.53445421,1.134493422,0.702910299,1.221893637,2.118583608,1.759507278,0.584554821,1.161604935,1.180160442,1.136798915,1.060099365,0.675184413,4.624163199,1.459120741,0.954454815
6/29/2018,-0.010831115,614.8159837,26.69696072,154974858,75651551701,0.204853509,77.44,36695000,23005,42.24700928,34.43735123,3.339999914,-0.007013764,-0.00057662,-0.010909629,-0.007467532,0.000142296,,-0.010952876,0.003896652,-2.18132E-06,0.007091374,-0.003571429,0.005902674,-0.005805792,0.002803671,0.007135983,0.000785992,-0.003048166,0.003227074,0.00590736,0,0.001623797,29.53237291,31.77045514,30.43305986,27.64788745,30.50862274,,30.02469223,32.93363543,29.6468129,28.29465842,27.71307645,33.21218139,28.34234402,31.55252128,30.65649545,33.22063281,34.10572448,30.57963215,32.3003929,28.07393682,34.26684881,0.696456652,0.841481131,1.237812671,0.946416959,0.732775059,,2.425880098,1.137540624,0.701124747,1.244696057,2.103450868,1.770559893,0.579616415,1.164561184,1.185371587,1.143490045,1.050107095,0.67706256,4.642319985,1.459120741,0.957116354
7/2/2018,-0.306966757,614.5108763,26.17720152,326575676,75736483429,0.431199946,76.71,36760000,22997,41.53752899,34.25370026,4.050000191,-0.010016242,-0.011197264,-0.006079315,-0.016666667,-0.016424595,,-0.020408716,-0.011746771,-0.01765491,-0.025100988,-0.009892086,-0.013361936,-0.023980233,-0.008466555,-0.023785462,-0.011455274,-0.027104972,-0.007327466,-0.021682807,-0.009342894,-0.015271603,29.52411684,31.76965854,30.42196758,27.6385831,30.47916552,,29.96577707,32.92308981,29.6192601,28.28634992,27.70361032,33.21941281,28.31966796,31.53827219,30.65454387,33.20924656,34.07755013,30.57175143,32.27022418,28.0641525,34.2544759,0.689910288,0.832065078,1.226812439,0.934814214,0.719282766,,2.306953791,1.127886951,0.68816174,1.196842454,2.061835833,1.742979627,0.56935019,1.152602933,1.155666342,1.135564507,1.020482098,0.672659329,4.549979015,1.453007527,0.940344394
7/3/2018,-0.284823498,614.0390898,25.75117008,219641765,75737849582,0.290002642,76.99,36755000,22997,37.70687103,32.0528183,3.900000095,-0.017415574,-0.023307165,0.011777832,0.008325609,-0.036624997,,-0.029660293,-0.000672564,-0.03149177,0.031565039,0,-0.021517142,0.001226711,-0.01153173,-0.026211889,-0.019124433,-0.040488471,-0.019397714,-0.01442556,-0.024433866,-0.021415521,29.51201733,31.71175688,30.42669359,27.64301794,30.4469576,,29.90283287,32.88285318,29.60694818,28.30165193,27.70361032,33.1997874,28.31915691,31.52285919,30.62216784,33.19547561,34.02480844,30.54733256,32.23048505,28.04033314,34.19834385,0.687401503,0.806461006,1.236355756,0.941198151,0.692382466,,2.187008699,1.123665787,0.675389347,1.22088689,2.061835833,1.714527592,0.571543929,1.141408921,1.131383866,1.11156814,0.976442534,0.661103399,4.500624109,1.397210021,0.912772137
7/4/2018,0.077973895,614.0720135,25.73501073,151862634,75737849582,0.200510887,76.99,36805000,22875,38.86872864,32.92098999,3.890000105,-0.000196272,-0.006547113,0.005692056,0.019636737,-0.010978089,,-0.01152243,-0.001810063,0.005419336,0.020680194,0,0.00354996,0.004986615,0.00229413,0.002867152,-0.002032724,0.013063819,0.002714443,-0.002614356,0.03387596,-0.00110546,29.51622187,31.72002441,30.4182061,27.65351586,30.4650389,,29.84726629,32.85024175,29.59788478,28.32355602,27.70361032,33.19672116,28.3220341,31.52590426,30.63190093,33.18572404,34.02415695,30.55351498,32.22375411,28.07371556,34.2390211,0.687211487,0.805110135,1.241599099,0.955511439,0.685339302,,2.08994875,1.114649379,0.680289512,1.244931439,2.061835833,1.714374902,0.574027026,1.14630526,1.129025019,1.106643807,0.983327165,0.661448083,4.491499978,1.443545738,0.918387372
7/5/2018,-0.236561031,613.7510782,25.3026851,156618007,76663499439,0.204292797,77.09,36765000,22875,36.70878983,31.67267036,4.039999962,-0.014921141,-0.016417079,-0.025480101,0.000168946,0.00220563,,-0.017581762,-0.00283666,-0.026359272,0.026134731,-0.009174312,-0.019877967,-0.000796178,-0.010045206,-0.01931185,-0.011551034,-0.025630324,-0.008182909,-0.010154984,-0.035633848,-0.01111571,29.49016804,31.67072203,30.3520128,27.68445022,30.45425478,,29.79860303,32.80100505,29.58367185,28.34079832,27.69492628,33.1693337,28.32154978,31.53319773,30.62923,33.17646595,34.01763686,30.54041733,32.20698722,28.0382417,34.2474055,0.676493795,0.784422216,1.203118993,0.965071335,0.684942848,,2.009922721,1.110479874,0.658483886,1.273282761,2.024003982,1.655066086,0.573314347,1.140265632,1.093914591,1.091734152,0.957966054,0.654793666,4.453819689,1.380791367,0.910797109
7/6/2018,0.206481941,613.9719764,25.36989338,180912044,76686829298,0.235910189,74.98,36795000,22875,40.64403152,34.23783112,4.039999962,0.00138175,0.004815218,0.001838256,-0.002605825,0.01167775,,0.019564081,0.008860118,0.017164865,0.013320018,-0.001869159,0.006484101,0.009330948,0.005801074,0.023234761,0.01647017,0.037977963,0.009539466,0.00666173,0.004166667,0.012667988,29.49249385,31.70259443,30.34679351,27.64905606,30.48427873,,29.74570624,32.84854081,29.6078804,28.35758459,27.69318039,33.17659938,28.3341048,31.53112433,30.67179736,33.18236248,34.07530797,30.55517135,32.22957366,28.04207768,34.24574839,0.672587447,0.789949038,1.197578905,0.947297316,0.695774332,,1.925541467,1.125202133,0.682984084,1.26325414,2.016437612,1.67531897,0.580721955,1.141640711,1.10991115,1.102117559,0.998065977,0.66148958,4.474207964,1.39026617,0.919546866
7/9/2018,0.006928911,614.0920614,25.38571378,137999917,76850920583,0.179568333,77.08,36890000,22875,43.85200119,36.01440811,3.859999895,-0.001762959,0.00694668,-0.01317304,0,0.002526086,,0.013893691,-0.004819953,-0.002528168,0.004267095,0.000938086,-0.003190342,-0.000798722,-0.002789627,0.007532379,0.003892736,-0.004516331,-0.006879308,-0.001754048,0.0102262,-0.001081544,29.49127682,31.71290831,30.28975659,27.64905606,30.47096998,,29.79588278,32.84963417,29.60441093,28.37252265,27.69405372,33.17489878,28.3336263,31.53526416,30.67545756,33.18823014,34.07047002,30.55988491,32.32905057,28.05251479,34.24219217,0.670186764,0.797217133,1.174290248,0.947297316,0.695842237,,2.000547687,1.120067895,0.678456964,1.25789316,2.020220797,1.640502261,0.580009275,1.129404563,1.1299961,1.109277627,0.992854345,0.658431235,4.462733098,1.401220614,0.919264463
7/10/2018,0.002518819,614.1559111,25.46362817,115550061,76850920583,0.150356118,77.8,36930000,22875,40.7718811,34.18510818,4,0.002240155,0.000964208,0.009429115,0,0.005977771,,-0.010889786,0.007769421,-0.009859511,-0.047733071,-0.007490637,-0.004043793,0.031393945,-0.000323394,0.001953559,-0.008893064,0.001055663,0.001812708,0.007413751,0.023873972,-0.002132196,29.49248698,31.71311925,30.28732173,27.64905606,30.477536,,29.84345645,32.85666606,29.59230486,28.33804804,27.68704565,33.17686585,28.36351577,31.54321229,30.67171153,33.18744117,34.06826102,30.55839411,32.34610833,28.07456772,34.22879223,0.669394495,0.79842911,1.193530326,0.947297316,0.700476317,,2.078275003,1.126080088,0.671325108,1.192595438,1.989955317,1.623343666,0.603023935,1.128786052,1.132870518,1.102067671,0.990485745,0.658355307,4.489942282,1.4532282,0.914166273
7/11/2018,-0.26826661,613.9286936,25.10539073,188295895,77404834357,0.243261156,75.35,36880000,22875,39.2598381,33.23944092,3.829999924,-0.013285074,-0.014034856,-0.014602707,0,-0.017901561,,-6.18128E-05,-0.013056998,-0.014004732,-0.036826252,0.001901141,-0.016848933,-0.003169725,-0.01939149,-0.012654732,-0.006561674,-0.034968898,-0.005085725,-0.006046631,-0.024499422,-0.017166526,29.47485253,31.69523728,30.29563501,27.64905606,30.44959798,,29.82434265,32.82861604,29.57200968,28.3023848,27.68880227,33.16455208,28.36054696,31.52362557,30.66467388,33.18503752,34.02021687,30.5582524,32.32920008,28.05099809,34.29105587,0.660475132,0.784652405,1.185527123,0.947297316,0.687480795,,2.049719995,1.112615787,0.661864089,1.136009091,1.997521687,1.603065912,0.599129373,1.104172127,1.125299456,1.098231508,0.954111373,0.655728595,4.445555594,1.397430693,0.899502678
7/12/2018,0.056993449,614.0023031,25.13273881,121025648,77407834350,0.156348061,72.11,36880000,22875,38.12776184,33.39437866,3.829999924,0.004376826,-0.000108415,-0.009888339,0,0.004536747,,-0.001612547,-0.001003115,-0.005298049,0.031933183,-0.001893939,0.005724061,-0.007820191,-0.004248859,0.000417186,-0.005231046,0.011562816,0.000843933,-0.003428404,0.03230232,0.005829279,29.48655809,31.68675953,30.30619565,27.64905606,30.44114446,,29.80542324,32.83962661,29.55529743,28.32759083,27.68704565,33.1585868,28.3664746,31.52774467,30.67615443,33.18930831,34.04345608,30.55868931,32.32536942,28.08110697,34.29071498,0.666146295,0.78394346,1.169271333,0.947297316,0.6886749,,2.01731542,1.109166987,0.657204851,1.183942569,1.989955317,1.600879936,0.598397575,1.100994905,1.122512643,1.096260403,0.967408747,0.656011153,4.408184647,1.462495344,0.906675008
7/13/2018,0.15770099,614.3085853,25.29664527,157215600,79753571909,0.19712672,74.11,36890000,22875,39.37311935,34.29383087,4.389999866,0.006440756,0.015564062,0.01506526,-0.015843998,0.00720337,,0.00206775,0.009100753,0.004948771,0.005066099,0.002851711,0.00845339,0.008430576,0.002587495,0.021829834,0.005885094,0.02025768,0.005571752,0.008758846,0.010409628,0.013052161,29.4953636,31.69650705,30.35628989,27.61845892,30.48073793,,29.81010926,32.87087968,29.55466362,28.32692292,27.68967943,33.16815182,28.37335103,31.53276033,30.69330704,33.18642537,34.16766783,30.56630386,32.33507132,28.0912553,34.29467913,0.667447812,0.791889554,1.190334145,0.926977855,0.696847802,,2.025470657,1.122913563,0.657805966,1.197126256,2.001304872,1.597321973,0.605873765,1.102831504,1.141764701,1.098937596,0.989409839,0.658969473,4.422682736,1.48123729,0.919497909
7/16/2018,0.129784729,614.4484937,25.41563651,140927323,79753571909,0.176703462,71.03,36920000,22875,40.29420853,35.51079178,5.400000095,0.003368987,0.005343686,0.009521421,0.02303263,1.47046E-05,,-0.01603754,0.008055437,0.006738082,0.039497757,0.037849295,-0.000383729,-0.004751227,0.002442483,0.013561301,-0.002836482,0.008783775,0.004376658,-0.009268641,-0.004622496,0.005098629,29.49683335,31.70308973,30.34466874,27.66057932,30.48730855,,29.79915051,32.86637483,29.55883457,28.35305343,27.72867677,33.16788524,28.37104659,31.53472639,30.72402048,33.18981648,34.17585635,30.57347812,32.33740864,28.08687183,34.28881374,0.669892831,0.795259363,1.195214407,0.955112494,0.698037221,,2.013470777,1.128230876,0.662230298,1.253280696,2.024003982,1.606044004,0.603408897,1.108487633,1.149350019,1.101717041,0.996670979,0.660910594,4.400969284,1.469867526,0.923477589
7/17/2018,0.059430906,614.5445649,25.42550597,179651291,79768370903,0.225216197,70.87,36850000,22875,41.44044113,36.50120926,3.75,0.00176326,-0.005695179,0.004399018,0.000369509,0.012660485,,0.0206952,-0.005922699,-0.003064393,-0.031746874,-0.000934579,0.007210548,0.00483574,0.001214606,0.027366847,0.003096994,0.009776664,-0.004570029,0.000760683,0.00986358,0.007351524,29.4984418,31.69598911,30.3338894,27.69059788,30.51122286,,29.78569024,32.84130674,29.55731438,28.33466084,27.72783318,33.17322582,28.37347255,31.53780824,30.77321233,33.19165595,34.20075587,30.58021793,32.33895139,28.09572789,34.30259045,0.671295554,0.791190327,1.188637318,0.968234819,0.710144575,,1.986668623,1.119490146,0.664464182,1.201195146,2.020220797,1.622958016,0.605050697,1.110719993,1.172899535,1.101982938,1.007014098,0.659665139,4.390719464,1.500394555,0.932560051
7/18/2018,0.200853827,614.8673544,25.63034011,225892925,79768370903,0.283186083,70.52,36770000,22875,45.55905151,39.08507156,3.99000001,0.020122681,0.010916573,0.013577442,-0.027558457,0.01662621,,0.015393519,0.010322706,0.025610068,0.003475708,0.001872659,0.010862436,-0.005697725,0.006732239,0.028427711,0.021147636,0.024978559,0.00572994,0.012976888,-0.010954136,0.016291171,29.51723181,31.7473238,30.35689528,27.6424106,30.53565921,,29.8080858,32.88085929,29.60435876,28.33108275,27.72951966,33.18313119,28.36166294,31.54406947,30.8211365,33.20343828,34.23156278,30.60001812,32.36306577,28.08489171,34.32095068,0.682092595,0.805267709,1.206482802,0.935829928,0.725842291,,2.025893162,1.124668652,0.675993526,1.214132164,2.027787168,1.650994077,0.601170029,1.116274326,1.192068495,1.116533594,1.032113439,0.662443144,4.408399066,1.479757648,0.946596299
7/19/2018,0.008369407,614.8581746,25.69325574,225211674,79768620903,0.282331162,70.52,36690000,22875,45.7894783,39.28570938,3.700000048,-0.002255644,0.019846035,-0.015862094,0.015501166,0.002205538,,-0.022326962,0.012195838,0.018672573,-0.025345574,-0.033018049,0.008782384,0.001740934,0.006170057,-9.11462E-05,-0.001227872,0.005563973,0.000646992,0.017945597,0.000811094,-0.001585431,29.51315005,31.75792863,30.32246976,27.65029829,30.52735436,,29.80730286,32.89623885,29.59148425,28.31484727,27.69225828,33.18252197,28.36142257,31.54744993,30.84958396,33.21962818,34.22287286,30.59817921,32.3954888,28.08645105,34.32124342,0.683180365,0.819253299,1.171207631,0.944251684,0.725043929,,2.023300775,1.136655759,0.68288638,1.167853662,2.035353538,1.683984251,0.598514847,1.125287375,1.185882467,1.12174354,1.034537268,0.66479135,4.476547387,1.465026295,0.947953936
7/20/2018,0.033031697,614.7027091,25.53110199,232663428,80165915119,0.290227371,71.45,36650000,22875,48.77516174,40.69020844,3.700000048,0.011278662,-0.001323797,0.017597965,0.023255814,-0.02023374,,0.000818225,0.006746229,-0.006857646,0.0240029,-0.033141264,-0.005532601,-0.002607326,0.004792159,0.010064776,0.011220758,-0.00158588,0.007426474,-0.01842616,0.005016722,0.000519427,29.53543336,31.7336992,30.34707318,27.66229184,30.50576465,,29.75475947,32.88814528,29.5876927,28.33287387,27.65630283,33.1403045,28.36122581,31.54457214,30.85762577,33.21622198,34.22742723,30.59389896,32.35327231,28.09176671,34.31235732,0.690039022,0.806213579,1.193858501,0.963739856,0.709916329,,1.940175289,1.142519302,0.678055164,1.203653417,2.042919908,1.627823318,0.595353868,1.121983255,1.198677517,1.125337926,1.029198636,0.666970435,4.382740212,1.467557247,0.944369213
7/23/2018,0.066074265,614.8462445,25.93138001,239807717,80154949584,0.299180173,73.45,36850000,22986.5,53.02906036,42.43460846,4.949999809,-0.000458543,0.007973974,-0.003714232,0.0432176,0.003723396,,0.013013017,-0.005245901,0.003538034,-0.005951659,-0.028300478,-0.000725254,0.009064525,0.007433172,0.016390419,0.001570159,-0.014215411,0.009831831,0.014514202,-0.006156871,0.000572286,29.55923436,31.75218823,30.35713182,27.70454737,30.5137883,,29.73106588,32.90303425,29.58734958,28.32609755,27.62678418,33.16636287,28.3682308,31.55315207,30.90021225,33.21941006,34.20710656,30.59678083,32.36905957,28.08623254,34.3184754,0.686902642,0.815619739,1.192332148,1.003910154,0.711883931,,1.906025955,1.138857906,0.678661463,1.203315902,2.061835833,1.632951359,0.594889752,1.130434925,1.212363429,1.12024692,1.014653939,0.674955732,4.755767737,1.449451292,0.946319252
7/24/2018,-0.002929635,614.9757596,25.90160844,199061919,80304949584,0.247882503,73.53,36770000,22992,51.57115936,41.24747849,4.949999809,-0.008239436,-0.008458324,-0.004269817,-0.012655906,-0.007150055,,0.013253363,0.002132963,0.001648806,-0.013924861,0.027786945,-0.004663988,0.019092555,-0.012195286,0.012244668,0.004363124,-0.005172679,-0.005271356,-0.004355871,0.001650165,0.001255354,29.54996195,31.74856145,30.35608852,27.70955262,30.51672767,,29.77599637,32.90478508,29.60127658,28.3257986,27.65355458,33.15706622,28.39760748,31.54363521,30.94792126,33.22713771,34.20245028,30.59373022,32.35599229,28.08800795,34.31990752,0.677927022,0.813460267,1.187229397,0.996144748,0.707838342,,1.972147923,1.141928959,0.678462591,1.174007836,2.042919908,1.621502187,0.596956536,1.118948674,1.216831909,1.126469288,1.008784669,0.670290235,4.74871835,1.450294943,0.950744661
7/25/2018,-0.07102161,614.9264305,25.89094486,254673429,80303181224,0.3171399,73.67,36850000,22992,54.39422989,42.43696976,4.949999809,-0.014649014,0.007856718,0.001137654,-0.014005602,-0.007666405,,-0.025313199,-0.003201682,0.00371268,-0.021947724,-0.02027027,-0.004145827,0.003275943,0.00049854,0.020125456,-0.002398847,-0.003519002,0.005494272,0.000936658,-0.002610693,0.005668735,29.53935118,31.74774515,30.33641329,27.6818999,30.51986689,,29.82474338,32.89607628,29.62402196,28.30968562,27.63269834,33.14773008,28.41078518,31.54385569,30.95298498,33.22994904,34.18297486,30.59123673,32.35141812,28.08456342,34.31843045,0.660348726,0.811600511,1.18360033,0.976606804,0.704130492,,2.048745221,1.132499199,0.673868359,1.1433936,2.042919908,1.608131016,0.58448624,1.114365577,1.246776446,1.122898295,1.000457764,0.676021481,4.750365349,1.456395143,0.953334401
7/26/2018,-0.016050319,614.6982019,24.50144198,219171169,80365431224,0.272718214,74.51,36870000,22989,51.82300949,40.8763504,4.949999809,-9.45711E-05,0.011317989,0.011591234,0,0.00151056,,-0.020022533,0.001683168,0.000812242,0.037120869,-0.00462963,-0.001645041,-0.03028693,0.008321893,-0.021291419,-0.007111711,0.004989984,-0.000356018,0.000267898,-0.005787402,-0.0024409,29.53503546,31.73321303,30.33993173,27.6818999,30.52293384,,29.76674263,32.8914914,29.60226117,28.33746025,27.62804662,33.15159816,28.36463786,31.54620817,30.89965313,33.23334997,34.18892243,30.59192279,32.28055897,28.07847113,34.32386325,0.663776792,0.81798722,1.19268753,0.976606804,0.704997715,,1.954442154,1.135272467,0.677195088,1.194330482,2.024003982,1.593272819,0.571537933,1.124276389,1.23160722,1.12082863,1.004586354,0.675751095,3.434268921,1.451969231,0.952043152
7/27/2018,0.12579784,614.8403086,24.56995612,196564309,80365431224,0.244588134,74.84,36770000,22989,53.5069313,41.95677948,5.099999905,0.014799045,-0.005589704,-0.002249485,0.022641421,0.014904413,,-0.030699368,0.0059607,-0.005250207,0.036585426,-0.003521127,0.007416032,-0.014316852,0.009699778,0.026014856,-0.004555233,0.008066003,0.003020283,0.028133883,0.008629938,0.00610804,29.55005409,31.74454466,30.34246387,27.6974087,30.53955078,,29.70865631,32.90815025,29.60161641,28.37058397,27.62451146,33.15887483,28.33620648,31.56064858,30.95347035,33.22612936,34.19650411,30.60272882,32.30345573,28.08800795,34.32674187,0.673117144,0.817028085,1.192236682,0.997695424,0.71485087,,1.86391048,1.141673301,0.679269971,1.227976009,2.024003982,1.570803933,0.573016319,1.134664486,1.253957171,1.111457971,1.013519291,0.678297289,3.49270819,1.450294943,0.959474579
7/30/2018,0.008770854,614.9547127,24.70161127,215743408,80365431224,0.268452996,74.99,36820000,22994.5,54.91901016,42.93695068,5.099999905,0.006603277,-0.025205129,-0.002560173,-0.015873016,-0.012060114,,-0.021929676,-0.000917448,0.003012038,-0.02138762,-0.013766819,0.004474829,-0.012603966,-0.000395626,0.02467304,0.008726024,0.020503423,0.02047759,0.038485806,0,0.008514416,29.55300997,31.76420427,30.34744277,27.68855588,30.53748516,,29.64407319,32.92596557,29.61178035,28.35314602,27.61067995,33.16280721,28.31318011,31.56543424,31.00406189,33.22688377,34.21829374,30.6407272,32.35700276,28.08800795,34.3419707,0.677871938,0.804395236,1.195916904,0.98609268,0.706921539,,1.767861429,1.144403435,0.684317587,1.206421206,2.042919908,1.612927696,0.576087814,1.140822834,1.276457852,1.118569563,1.033715088,0.691543216,3.616908542,1.450294943,0.967161857
7/31/2018,0.068151938,615.0477333,24.78031076,253574441,80366871082,0.315521107,74.16,36780000,22999.5,58.58523178,45.05802155,5.099999905,-0.002379673,-0.005702717,0.011028881,0.013841507,0.007590159,,0.014044267,0.002809647,-0.004467728,0.019684621,0.001472754,-0.002533794,-0.00375881,0.011650799,0.013827289,0.002379252,0.003845,-0.003477889,-0.005930755,-0.007487469,0.001716594,29.55315047,31.80369537,30.34260965,27.69584298,30.5307489,,29.65218251,32.92724612,29.6157012,28.37785473,27.61211521,33.15599638,28.30986107,31.57493186,31.00986176,33.23621121,34.23325396,30.63973286,32.35227431,28.07952306,34.34493968,0.674846801,0.812785935,1.198792033,0.994335275,0.713317856,,1.782282268,1.150348109,0.681259794,1.243062432,2.042919908,1.574473561,0.58007887,1.155953451,1.297835135,1.120640924,1.045454934,0.689325062,3.603090436,1.450917921,0.968590057
8/1/2018,-0.024128457,615.0565699,24.51924777,214689848,80395216653,0.267043062,72.28,36750000,22999.5,57.82685089,44.15402985,5.099999905,0.005861366,0.001323702,0.00190391,0.013043478,-0.015769089,,-0.007208305,-0.002127741,0.019334151,-0.026980306,0.01851444,-0.00443596,0.0017149,-0.004067992,-0.012095468,0.002168399,-0.00986349,-0.002151739,-0.00434316,-0.002369668,0.003420116,29.55452076,31.8163901,30.33549039,27.7027363,30.51155952,,29.65062633,32.93611708,29.659843,28.36115243,27.62990991,33.15374811,28.31003089,31.56537358,30.98593361,33.23257093,34.22774515,30.63114746,32.3741179,28.07730785,34.34024864,0.679202101,0.816535165,1.192336914,1.006028178,0.70040648,,1.780580561,1.146540688,0.694414297,1.20006586,2.031570353,1.539119386,0.580423928,1.142006968,1.283808512,1.116288268,1.035573439,0.686141516,3.475277806,1.445233039,0.967694316
8/2/2018,0.013260124,615.0724411,24.51459552,238552592,80395216653,0.296724857,72.95,36700000,22998,55.51887894,42.02148819,4.5,0.000373026,-0.001661306,-0.00967892,-0.005578801,0.002661152,,0.019557218,0.003510323,-0.000803944,0.010203273,0.00983555,-0.002301954,-0.013401174,-0.002584721,0.004529389,-0.009713309,-0.006747757,-0.002207402,0.021410008,-0.000884202,-0.003256326,29.55350797,31.82225698,30.33001722,27.69967846,30.52589717,,29.61957096,32.95922481,29.66609615,28.36848421,27.63969886,33.15343257,28.29244162,31.56585742,30.97813124,33.22575675,34.22951166,30.62802147,32.39881486,28.07625359,34.33978711,0.680673254,0.816801589,1.183494786,1.000831333,0.703378299,,1.738505824,1.153073217,0.695427157,1.211826954,2.042919908,1.508167035,0.566542166,1.142856069,1.293461895,1.103917036,1.031645173,0.685176693,3.545104804,1.446284349,0.964507974
8/3/2018,0.058126943,615.2933333,25.71295166,194375672,80388026653,0.241796795,72.48,36620000,23003,54.97325134,41.88220978,4.5,0.007764616,0.001369293,-0.009793448,0.003367003,0.010921166,,-0.00599485,0.00362877,0.007475435,0.003966162,0.007407407,-0.001758506,0.000520487,0.00038033,0.010907149,0.007062302,0.001671677,1.81018E-05,-0.001156683,0.007030154,0.003340376,29.5674612,31.8358307,30.32968123,27.70156107,30.52558091,,29.65388065,32.98240763,29.70419216,28.3706694,27.64704548,33.14208984,28.293268,31.5648171,30.98513784,33.21863018,34.23057984,30.63171566,32.465015,28.08434449,34.35942493,0.692535971,0.825487401,1.174004532,1.003317635,0.710001471,,1.786424132,1.156805715,0.696205857,1.214883304,2.073185388,1.524160593,0.566523937,1.139834434,1.31194608,1.10318008,1.034422526,0.685870443,4.603154228,1.44082014,0.970187793
8/6/2018,-0.016836682,615.2901029,25.67727833,196924581,80401199778,0.244927416,72.51,36780000,23003,53.95756912,40.36407089,5.199999809,0.002233478,-0.001224451,0.001743341,0.012173913,0.001310771,,0.012211149,-0.006344553,-0.005860798,-0.018974303,-0.020493715,-0.000824882,-0.000202424,0.003138456,-0.004189707,0.005121934,-0.003101576,0.001315265,-0.00320463,0.012,-0.003663949,29.57121169,31.85487432,30.33227045,27.72439232,30.51825109,,29.62410244,33.00020629,29.69466757,28.35639202,27.62635569,33.13432584,28.29231088,31.57747559,30.99230317,33.22249914,34.22803228,30.62919025,32.4573286,28.09529486,34.35861841,0.697961426,0.830756963,1.174423274,1.019729507,0.709023787,,1.752493794,1.151583803,0.694315408,1.186830109,2.042919908,1.517611221,0.566815969,1.147183842,1.308359823,1.103728465,1.028510377,0.688188559,4.621844281,1.469244549,0.965753265
8/7/2018,-0.080273345,615.1629008,25.59054768,224628416,80652457279,0.278514039,72.31,36740000,23003,51.01409912,38.16101074,5.199999809,-0.005483631,-0.013775467,0.000606735,-0.007092199,-0.003399939,,5.32046E-05,0.010283544,0.002120716,0.014526257,-0.034236805,-0.00303645,-0.002763091,0.000673214,-0.021801368,-0.007243632,0.002366806,0.007251116,-0.01555526,-0.00078125,-0.002985848,29.55507021,31.83504317,30.3341513,27.72065064,30.51211223,,29.63519047,32.98672695,29.68902106,28.36242178,27.59183158,33.13438408,28.29015123,31.57744728,30.96486015,33.20828106,34.24633413,30.63031314,32.44431655,28.09456855,34.35002528,0.689721629,0.814547425,1.190662613,1.01323345,0.70702217,,1.761259433,1.165953004,0.696441157,1.210632903,2.042919908,1.498452339,0.565116807,1.145604247,1.29218323,1.091350549,1.020968411,0.693201722,4.561188976,1.467349588,0.96273812
8/8/2018,0.108432236,615.1975803,25.54844018,185507985,80620558772,0.230100098,70.71,36760000,23000.5,50.89348984,38.53591156,5.159999847,-0.002578701,0.005653255,0.010872727,0,-0.000233199,,0.001710381,0.002727876,0.016688742,-6.20088E-05,0.034456355,-0.005180781,0.001396332,0.001918855,0.013008566,0.004582187,0.017293315,-0.00148962,0.005565089,-0.005397517,0.007500385,29.40732254,31.84253482,30.3364979,27.72065064,30.52289708,,29.64711306,33.01937108,29.73568031,28.36213527,27.62423251,33.14026446,28.29213905,31.57487624,30.95983492,33.21579553,34.26667378,30.63291442,32.45789904,28.08978023,34.34896742,0.612699376,0.822588956,1.197378412,1.01323345,0.707700586,,1.777868579,1.171990921,0.70669527,1.210256189,2.042919908,1.456175615,0.565921645,1.144909108,1.304199907,1.098021623,1.038640802,0.6924314,4.563442691,1.451138594,0.970227149
8/9/2018,-0.001907173,615.1928746,25.5388525,189905947,80620558772,0.235555235,70.55,36705000,22998,50.50703812,38.508461,4.659999847,0.012767161,-0.014110502,0.008689318,-0.020032098,0.015247685,,-0.005693718,-0.000363266,-0.002780203,-0.009518517,-0.002777778,0.002076574,0.000840687,0.003328127,0.004868594,-0.00247605,0.006052078,-0.000164636,0.002723419,5.20427E-05,-0.00063609,29.41838347,31.84095857,30.33269756,27.67697454,30.53205535,,29.64656725,33.02016777,29.73146173,28.3725601,27.62142033,33.15853821,28.29431776,31.56954531,30.96115784,33.2196708,34.26373743,30.64198719,32.46733047,28.09009077,34.33325216,0.622804374,0.812316732,1.204374364,0.983789646,0.719204659,,1.775471774,1.165963478,0.704533122,1.189465816,2.031570353,1.475444393,0.567367908,1.148688124,1.306115049,1.101676064,1.043075007,0.692749548,4.576054209,1.448192323,0.969995557
8/10/2018,0.001665852,615.2514093,25.55537314,197366762,80626190106,0.24479237,71,36705000,23003,50.55496979,38.56748962,4.659999847,-0.008349596,-0.007521578,-0.018469874,0.001307342,0.009216816,,0.003501856,0.003227885,0.00757031,0.015034146,-0.003724395,-0.004236495,-0.005071011,0.006703193,0.006075829,0.006285672,0.000162036,-0.00645989,0.005664871,-0.009637401,0.000386135,29.40950943,31.85537889,30.32780547,27.67368336,30.53991649,,29.6410375,33.02495592,29.76954886,28.388503,27.61765842,33.16236269,28.28619522,31.57594876,30.95741976,33.21805444,34.28135576,30.63789402,32.47430446,28.08066756,34.32920928,0.615387159,0.813003917,1.18387018,0.983779691,0.726669538,,1.7687138,1.174174773,0.713268689,1.213035723,2.016437612,1.443213059,0.562629375,1.157285849,1.321897889,1.109212629,1.051323389,0.686370477,4.61382909,1.431345337,0.969924961
8/13/2018,0.090136218,615.4430171,25.66975449,231080128,80656190106,0.286500178,70.62,36710000,23008.5,52.25719833,39.64973831,4.949999809,0.011386038,-0.006786782,-0.002797138,-0.003030303,0.007527415,,-0.00065478,0.002481411,0.007810788,-0.004151064,0.034605708,0.005251266,-0.005482602,-0.00508151,0.005374266,0.001858426,0.021229024,0.002443495,-0.001746977,0.019609508,0.000290031,29.41579684,31.89319471,30.32523754,27.66801332,30.54934783,,29.64758474,33.05700192,29.77333003,28.38787015,27.65153844,33.17160389,28.28430851,31.58479894,30.97135809,33.22162776,34.29763772,30.63585561,32.47865276,28.10065567,34.32760269,0.622596672,0.816214224,1.175317288,0.979872103,0.73484774,,1.776809065,1.184231296,0.713014969,1.207920125,2.020220797,1.472019573,0.560678975,1.156045438,1.336515845,1.112784692,1.067982357,0.6879467,4.619112499,1.453254227,0.97236991
8/14/2018,0.025151012,615.4762797,25.74659934,219455488,80656858537,0.27208534,70.77,36640000,23008.5,52.9754982,39.91712952,4.949999809,0.001046521,-0.002372279,-0.005977132,0.007092199,0.012925743,,-0.000397241,-0.002724187,-0.004139721,0.002514737,0.009363296,0.005265805,0.003092174,0.002630326,-0.003148261,0.000443842,-0.004171634,0.000336213,0.009786978,-0.010370733,0.003954368,29.41784066,31.8802851,30.35112066,27.67195684,30.56718846,,29.64417211,33.0459813,29.76447482,28.38072881,27.6606058,33.17636324,28.28282479,31.58579991,30.95790762,33.23930465,34.28639889,30.63895859,32.49959206,28.09060277,34.33417267,0.624852819,0.811002715,1.18048322,0.98636816,0.743762807,,1.771049323,1.176266279,0.712302439,1.209367364,2.058052648,1.50848295,0.559337104,1.155399418,1.334268921,1.124752701,1.062877503,0.687830025,4.6259484,1.434512281,0.979682262
8/15/2018,-0.135362831,615.1488851,25.55954277,218635771,80656858537,0.271069039,68.38,36620000,23007.5,51.53427887,39.36463928,4.949999809,-0.003660857,-0.014171761,0.015601377,-0.010002548,-0.013587382,,-0.011724799,-0.009610512,-0.008545584,0.004023379,-0.008272059,-0.004091906,-0.012600445,0.00014157,-0.019227477,0.002130697,-0.014946605,-0.002823383,-0.011621611,-0.008085361,-0.004287564,29.41115294,31.83866079,30.34793527,27.66231096,30.55544961,,29.64575384,32.99303089,29.71915455,28.37479198,27.65244888,33.17093098,28.26699014,31.57842334,30.93067755,33.23332698,34.26176981,30.62830403,32.46888777,28.08421887,34.32466591,0.621285361,0.796365458,1.198339428,0.975964514,0.733813413,,1.765182272,1.157605223,0.71313161,1.213918199,2.024003982,1.535706052,0.547924545,1.156797812,1.309017473,1.130801264,1.043329945,0.686325926,4.570278271,1.406723864,0.973028154
8/16/2018,0.008218206,615.1830287,25.63977834,198658776,80656858537,0.246301157,69.21,36610000,23011,50.17470932,38.25265884,5.28000021,-0.000175238,0.009738128,-0.001252792,-1.73821E-07,-0.006767043,,0.001560029,-0.005617473,-0.01276793,-0.000479221,0.004672897,0.002798399,-0.007937036,0.000510702,-0.009661936,0.001392529,0.003300189,0.002497659,0.005465659,0.017937469,0.003003388,29.41333654,31.86563413,30.34477527,27.66231086,30.55848956,,29.64221292,32.98705953,29.70329394,28.38185823,27.65698872,33.17346601,28.2625429,31.57811243,30.9147371,33.22933277,34.27023202,30.63650048,32.47458437,28.10177626,34.32578472,0.621777433,0.806468296,1.198529207,0.975964384,0.729975146,,1.761012734,1.151798323,0.710905302,1.21340647,2.042919908,1.557809299,0.543578872,1.160182517,1.302321512,1.136602508,1.04848275,0.688765563,4.582102642,1.433681644,0.973493831
8/17/2018,-0.000929576,615.2990383,25.71647339,167822644,80707481649,0.207939389,70.14,36630000,23010,49.12763977,37.50492096,5.28000021,0.005430504,-0.013649328,-0.019328578,0.011574074,0.007448345,,0.015066562,0.004619228,-0.003795752,0.013643277,-0.042306736,-0.001508499,0.0056898,-0.00286532,-0.006083281,0.023098134,0.00321368,-0.003240927,0.002070815,0.000107378,-0.000112953,29.57366257,31.85942447,30.33046017,27.66907999,30.56924619,,29.64040445,33.00095574,29.66880681,28.40714986,27.61314021,33.17834187,28.26714717,31.56898412,30.89836905,33.2299502,34.2798041,30.63165308,32.4825525,28.1011623,34.32874348,0.703244292,0.79584907,1.185670654,0.984597374,0.735389254,,1.777933608,1.158717793,0.711168227,1.221959132,2.012654427,1.528127151,0.54794711,1.154514572,1.293810643,1.153495087,1.054723146,0.685558256,4.596108715,1.439574184,0.975430699
8/20/2018,-0.069274211,615.3443872,25.65110766,186198981,80722481649,0.230665581,71.11,36700000,23007.5,48.65496063,37.19007874,5.28000021,-0.004072222,-0.014652834,-0.009693563,0.00617284,0.003435471,,0.001817006,0.005696127,-0.005363719,-0.025007719,-0.035571884,-0.001405963,0.001424902,0.000577225,0.012755357,0.001001894,-0.007219859,-0.002942152,0.002007262,-0.003164557,0.004932177,29.57034465,31.87786282,30.32272821,27.6803761,30.57366099,,29.64963543,33.01618292,29.66708914,28.39806754,27.57716799,33.17744282,28.27184291,31.55915053,30.943719,33.23774225,34.27161757,30.63153342,32.49042632,28.09765483,34.33014181,0.700327162,0.793663566,1.176736214,0.992412551,0.73815915,,1.791258985,1.169252776,0.701566863,1.188247007,2.008871242,1.494073466,0.548499049,1.147304674,1.293000726,1.162293186,1.046504331,0.685290724,4.595445902,1.437886883,0.980313204
8/21/2018,0.033974046,615.4600554,25.74783895,207059912,80735481587,0.256467055,71.65,36700000,23004.5,49.7798996,37.95132828,5.449999809,-0.001710366,-0.00644437,0.006539696,-0.019341062,0.004104531,,-0.004684491,-0.006237355,0.006772813,-0.003375449,0.008474576,0.009145248,0.009232757,-0.00159627,0.011992801,0.002021562,0.010494376,0.002655792,-0.000886352,0.000668841,0.006146768,29.56935357,31.88258974,30.34077241,27.67262139,30.57541018,,29.65010938,33.00565892,29.69109892,28.39428926,27.58595988,33.18277562,28.28486546,31.55477496,30.96441525,33.24964347,34.29224142,30.63442973,32.49226526,28.10022477,34.3365558,0.698951901,0.796108107,1.190414789,0.979054161,0.742893391,,1.792405556,1.158888792,0.705687735,1.182981704,2.042919908,1.527186704,0.551260283,1.139288706,1.313718203,1.171221443,1.059172172,0.688240356,4.597715462,1.422104221,0.987625353
8/22/2018,0.007318041,615.5082565,25.78814525,217446693,80757900538,0.269257486,72.96,36670000,23002,50.98212814,38.66928101,5.449999809,-0.004920768,0.006065759,0.002818627,-0.019184652,-0.002920322,,-0.019658728,0.004656919,0.009206683,0.019048888,-0.035960379,0.005331445,0.012068243,0.005822673,0.006327438,-0.005508946,0.00570796,0.0095124,-0.004580854,0.0125,0.000985657,29.56441451,31.87990048,30.35255476,27.66180724,30.5845307,,29.64060662,33.02848667,29.68434834,28.40394356,27.55102205,33.18577064,28.29927279,31.56086496,30.96663575,33.25489098,34.29025133,30.65641715,32.48732015,28.11414585,34.34107193,0.693690494,0.797904115,1.195985663,0.965241377,0.747413462,,1.779659773,1.162016396,0.706987097,1.212497006,2.035353538,1.530924725,0.561300509,1.137514397,1.32625076,1.170471735,1.065093313,0.695094418,4.586413308,1.428853426,0.989479734
8/23/2018,0.05901366,615.6239849,25.82019992,184580938,80761810538,0.228549777,73.73,36660000,23002,51.30701828,38.79513168,5.449999809,-0.00365089,-0.006155389,-0.005514945,0.006148133,0.019179123,,0.017733121,0.001699829,0.012790609,-0.003242683,-0.025940347,0.007338937,-0.00079891,-0.004636314,0.002727943,0.002796261,0.004965826,0.00265695,-0.001901578,0.030287227,0.002530758,29.56183827,31.88414963,30.35674691,27.66999855,30.59547398,,29.68507189,33.03312909,29.70678413,28.41421081,27.52808165,33.18589017,28.29549487,31.55480523,30.96956133,33.25245337,34.29887728,30.65654413,32.48074991,28.14321839,34.35090526,0.690271624,0.793667319,1.187012714,0.971657081,0.763164083,,1.70974902,1.166374625,0.715437041,1.202470494,2.061835833,1.538201268,0.559486625,1.136302186,1.332202562,1.172330177,1.073122751,0.696923896,4.579571944,1.477291763,0.993126914
8/24/2018,0.101319248,615.7918233,25.94046648,184666664,80762810538,0.228653093,74.41,36650000,23004,52.51234818,39.70645905,5.099999905,0.013837448,0.004825862,0.011146052,0.027035056,0.000487697,,-0.013341281,0.002685356,0.014135149,0.018366691,0.031027784,0.005502912,-0.002029221,0.000977345,0.004093888,3.97642E-06,0.001381388,0.00385763,0.001497008,-0.029365079,0.005193585,29.56951096,31.91435253,30.34979123,27.71371873,30.59652804,,29.73595643,33.04243846,29.7410061,28.42198755,27.55403902,33.18923004,28.29096873,31.55340183,30.96614599,33.24661769,34.29332364,30.66390826,32.48537546,28.11414585,34.34937673,0.702669049,0.803641918,1.180933963,1.004026434,0.763889815,,1.77618007,1.172287454,0.722570542,1.230460119,2.046703093,1.543896232,0.563601963,1.135996597,1.347666191,1.171678683,1.068488943,0.69898041,4.582467235,1.428853426,0.995474345
8/27/2018,0.165381208,615.8801004,26.00658482,218458196,80879140820,0.270104496,74.41,36710000,23006.5,53.67177963,40.39139175,5.099999905,-0.000285652,0.014439864,0.012638138,0.002580689,0.00635014,,0.023369281,-0.005951763,0.003201836,0.02009645,0.035865978,0.005838647,-0.00049494,-0.006217426,-0.011020745,0.004915864,0.006874801,-0.002711712,0.001109067,0.0542362,0.000546491,29.56731018,31.92571842,30.3687682,27.70447398,30.59658407,,29.682193,33.04669382,29.73900868,28.44157239,27.58643271,33.21092773,28.28931355,31.54639681,30.96152929,33.24196984,34.30883888,30.65801845,32.48826828,28.16549697,34.35058509,0.699651049,0.815085991,1.192112639,1.000600387,0.767531914,,1.708937708,1.159415298,0.723217455,1.256646851,2.050486278,1.565727936,0.56253989,1.127234422,1.32884718,1.169953516,1.079510226,0.692667468,4.594623077,1.516462957,0.995332575
8/28/2018,0.031114591,615.981613,26.05418946,196626357,80879140820,0.243111333,75.91,36710000,23004,53.41057968,39.723629,5,-0.000803578,0.01236741,0.004403569,0.005159831,0.006418487,,0.011834375,0.00246011,-0.008631651,-0.019017345,0.043294807,0.000908912,-0.00446702,-0.002104639,-0.006615692,-7.91552E-06,0.0068854,0.00510046,0.001961508,-0.029158545,0.001126108,29.56881484,31.92859702,30.37380417,27.71123204,30.59360445,,29.73261258,33.06140282,29.7500136,28.42871465,27.62743937,33.22276902,28.28361876,31.54218133,30.95675551,33.23873373,34.31239854,30.66337414,32.49699992,28.13885003,34.34969649,0.697885056,0.824408849,1.195537614,1.007617294,0.771161665,,1.768345177,1.167496438,0.717981872,1.228130209,2.084534943,1.601354678,0.557601484,1.11959156,1.309737295,1.169398981,1.087239901,0.696761407,4.602357505,1.450346997,0.996700537
8/29/2018,-0.03426268,615.9250619,26.10976924,184002516,80879140820,0.227503055,75.91,36655000,23001.5,53.20973969,39.50954056,5.440000057,-0.004165825,-0.000209486,0.003969471,-0.003676471,-0.005634159,,0.004468112,-0.000241255,-0.001923668,-0.00911306,-0.036698603,-0.001813729,-0.001807737,0.00991821,-0.004236331,-0.001386413,-0.00237331,0.005345873,0.002523094,0.015290285,-0.002497679,29.56651023,31.9048193,30.39373594,27.70928981,30.5922362,,29.75052478,33.0527308,29.7391071,28.40771674,27.5910198,33.23111001,28.28247782,31.54112402,30.97943524,33.23211883,34.30688541,30.66061336,32.4970922,28.15011524,34.33639905,0.689323682,0.815318439,1.203734595,1.005027397,0.766309073,,1.793744014,1.163175944,0.717436909,1.217671384,2.076968573,1.636221709,0.557548458,1.12882845,1.294963318,1.166143799,1.085252597,0.699350598,4.604609948,1.496241369,0.991898978
8/30/2018,0.130323295,616.1323879,26.22547025,197492416,80887726320,0.244156221,77.37,36645000,23006.5,54.22006989,40.23482895,5.539999962,0.01097441,0.002850653,0.015515047,-0.019348659,0.009240636,,-0.004330588,0.003647294,0.009599715,0.022070663,0.030732013,0.003363559,-0.008866485,0.003994385,-9.6225E-05,0.007132232,0.010281817,0.007139635,0.006569841,0.017113095,0.002740257,29.56992601,31.92580911,30.40051305,27.70268417,30.5910934,,29.74733545,33.07991935,29.76131554,28.43069231,27.61898038,33.23337641,28.2720552,31.54584152,30.99138681,33.25162612,34.32145206,30.67614428,32.50970377,28.16541091,34.33712206,0.700181541,0.818773664,1.213137786,0.988214058,0.768831194,,1.78844037,1.189428421,0.72194105,1.2470782,2.061835833,1.627959481,0.549538558,1.134406962,1.288523455,1.171889826,1.096600641,0.704455103,4.625064788,1.534984231,0.994185094
8/31/2018,0.079262653,616.1417301,26.25713039,212339683,80887726320,0.262511623,77.86,36645000,23004,53.32268143,39.25651932,5.539999962,-0.004564927,-0.004156472,-0.005440573,0.010499655,-0.013980082,,0.01798262,3.75845E-05,-0.005528969,0.028843402,0.03564703,-0.000146391,-0.002314815,0.002242781,0.003913755,0.002315976,-0.002696674,0.006510942,-0.0034875,0.015151515,-0.001566205,29.56512268,31.91188528,30.39567164,27.70870976,30.59042412,,29.74392164,33.06832237,29.74719674,28.44818863,27.65325865,33.23221877,28.27069656,31.55082766,31.01210572,33.24461807,34.31222505,30.67589494,32.50635527,28.17885767,34.32522887,0.697834146,0.811606928,1.209488245,0.999864049,0.760598089,,1.784025673,1.169209627,0.716039766,1.286076795,2.073185388,1.634326444,0.547821167,1.13517387,1.293301056,1.174746317,1.093231284,0.707049691,4.602746189,1.572883442,0.987922221
9/4/2018,-0.023377926,616.0580441,26.15431699,216532324,80887726320,0.267694907,77.51,36675000,23009.5,51.62625122,38.55585861,5.539999962,-0.005334403,-0.000833143,-0.010968802,0,0.006305909,,0.020811762,0.007186344,0.014109896,0.008433018,0.033607682,-0.003614475,0.001401901,-0.00695276,-0.009647129,-0.006565398,-0.013634817,-0.00985638,-0.020689177,-0.022058824,-0.005079129,29.55915072,31.90657135,30.38342141,27.70870976,30.58722791,,29.79470571,33.06806056,29.74277492,28.45546638,27.6864249,33.21901291,28.27087211,31.54768251,31.00429289,33.24006984,34.28606717,30.66708828,32.45502525,28.15861912,34.3168004,0.693508575,0.807754721,1.191425803,0.999864049,0.760444519,,1.854224214,1.178968696,0.72981859,1.3051191,2.073185388,1.658252422,0.54871549,1.129363914,1.27985965,1.169284257,1.075480768,0.699561265,4.504552044,1.516034625,0.978898902
9/5/2018,-0.05911628,616.036407,26.20626542,194542218,80939406936,0.240355379,78.04,36675000,23009.5,51.93027115,38.43907928,5.340000153,-0.002942489,-0.013521943,0.001989248,-0.012331519,-0.020278196,,0.007910234,-0.005569491,-0.001697055,-0.032122307,0.032133676,0.001859342,-0.002200412,-0.003298618,-0.018285325,-0.003529238,-0.008741009,0.0033453,0.003542059,0.022307692,-0.007686231,29.55334922,31.90044089,30.38558986,27.70275959,30.57003379,,29.84472509,33.04590851,29.71857497,28.42589127,27.7191709,33.2138065,28.26964773,31.53992378,30.99548661,33.22283344,34.28112333,30.67579569,32.47838453,28.17818961,34.31477165,0.691567332,0.799184308,1.194494822,0.993410622,0.747602312,,1.925547475,1.171608647,0.733683631,1.249467355,2.073185388,1.698220812,0.545625766,1.126506557,1.251762742,1.157823999,1.066295917,0.70075121,4.538949636,1.570988481,0.969588407
9/6/2018,-0.088707584,615.9345872,26.14682187,177564131,80939445610,0.219378981,77.23,36685000,23009.5,50.73888016,38.1733017,5.340000153,-7.27597E-05,-0.00305437,1.19183E-05,0.004098361,0.003880807,,-0.00440333,-0.010433594,-0.005882274,0.013803548,-0.033816425,0.002594912,-0.007219979,-0.00421512,-0.012357709,0.016502661,-0.005184764,0.003166883,-0.019198418,-0.022145938,-0.004781992,29.557407,31.90137747,30.39679352,27.70471453,30.55117446,,29.88254941,33.03786608,29.7180072,28.43859813,27.68242234,33.21300449,28.26270593,31.53826536,30.9772112,33.21822819,34.26654804,30.67816264,32.45486205,28.15648572,34.29820343,0.692680143,0.79746064,1.195102928,0.996000519,0.746704361,,1.986025084,1.160250193,0.727922729,1.269376948,2.073185388,1.741202529,0.54085511,1.120492704,1.23572154,1.164218866,1.056180516,0.701308824,4.452745621,1.528871017,0.960516211
9/7/2018,0.059958851,615.9196294,26.15742562,182795699,80939445610,0.225842539,76.63,36685000,23008.5,51.75952148,38.97515869,5.25,0.004715853,0.011574311,0.008866982,0.016194332,0.005146729,,0.002919429,0.002288471,0.026147402,-0.007178317,-0.033149276,0.005432359,0.001898734,0.000555948,0.001933385,-0.002074632,0.012566349,-0.000211596,0.001708844,-0.006104082,0.006727627,29.56179387,31.91181163,30.39791812,27.7124963,30.56540943,,29.82719391,33.0464375,29.72805479,28.42932259,27.6474903,33.22168995,28.26373405,31.54206744,30.93712798,33.2400525,34.29020403,30.68444953,32.46232599,28.1518832,34.29816629,0.700842367,0.807303624,1.204886649,1.006360107,0.752632744,,1.912078879,1.165798468,0.733450861,1.255197641,2.080751758,1.773843017,0.541731204,1.120039969,1.243520895,1.174808426,1.074222876,0.701021994,4.439863133,1.504872521,0.964198484
9/10/2018,0.042840747,615.930856,26.18956137,180382025,80939445610,0.222860465,77.27,36655000,23012.5,51.73628998,39.03339005,5.349999905,0.004288112,0.009408129,0.004563634,0.001287001,-0.003831779,,-0.003251047,0.002890383,0.010956079,0.045204592,-0.032091669,0.001031743,0.008197214,0.000764805,-0.015740575,-0.004289081,-0.002293165,0.001232858,-0.006592502,0.026067338,-0.004961323,29.56319584,31.93588878,30.38076242,27.71314206,30.55607929,,29.82052105,33.05199434,29.73280821,28.45634695,27.61510553,33.22051129,28.27541252,31.53991532,30.92812682,33.22812293,34.29005016,30.68111984,32.46021885,28.17636774,34.30516609,0.706800553,0.818018122,1.203017136,1.007223406,0.74933478,,1.895935224,1.16520572,0.729363748,1.315023689,2.092101313,1.763649186,0.548518291,1.118287348,1.218343361,1.164982108,1.072140418,0.701774503,4.404992917,1.554569827,0.960279717
9/11/2018,0.112891443,616.1201794,26.31807786,214724290,80939445610,0.265290043,77.6,36605000,23017,52.55302811,39.66524124,5.349999905,0.007888878,0.008795213,0.005416934,0,0.004143999,,0.005846631,0.009337275,0.013990754,0.021033757,-0.028102024,0.009870028,0.016269631,0.004984974,0.003297407,0.005548297,0.012770302,0.006411552,0.004801807,-0.008221226,0.008807254,29.56909342,31.94294441,30.38424556,27.71314206,30.56919457,,29.81915692,33.07480208,29.75518636,28.46866832,27.58847781,33.22570816,28.29574492,31.54184483,30.96099891,33.24988273,34.31040487,30.68705613,32.48004201,28.16897596,34.31460932,0.712684879,0.823547853,1.210760266,1.007223406,0.754436496,,1.89488111,1.178829716,0.737123646,1.351497997,2.118583608,1.727247758,0.563223121,1.123754841,1.207998253,1.180506014,1.090094152,0.705963229,4.426973846,1.533725261,0.96902241
9/12/2018,-0.01473033,616.143553,26.30538598,217113553,80939445604,0.268241957,79.4,36635000,23014.5,52.93917084,39.66524124,5.320000172,-0.001528357,0.005088131,-0.004755276,0.005128205,-0.007444085,,-0.002044537,0.00016071,0.012730123,-0.006261188,-0.034565916,0.005002503,0.005922687,0.003017209,0.007897753,0.005731298,0.002136374,0.007324969,-0.007436782,-0.013677812,0.00284366,29.56531711,31.95644632,30.37817884,27.71572092,30.56553094,,29.82750976,33.11507252,29.78424992,28.46794045,27.55639498,33.22444245,28.30049552,31.54741808,30.9500452,33.25288232,34.30144758,30.68798357,32.47337146,28.15676121,34.31634387,0.711929582,0.826696886,1.203738818,1.010676602,0.748262763,,1.9044411,1.18601621,0.741254797,1.344631664,2.118583608,1.723547417,0.566639673,1.129465431,1.226244133,1.185248519,1.088641779,0.711555331,4.408267786,1.499615971,0.96992791
9/13/2018,0.088235872,616.1858554,26.36386051,176513946,80954612201,0.218040629,79.5,36645000,23013,53.35334015,40.01557159,5.25,0.007540035,0.003206618,0.005260314,-0.016664081,0.008613412,,0.009801173,0.004799422,-0.001968294,0.003104569,0.035435171,0.004095582,0.0019401,0.001818855,0.006204137,0.014222522,0.008163329,0.001442017,-0.008211728,-0.0015625,0.000995217,29.56971114,31.94026897,30.38930487,27.71045958,30.57355243,,29.82989336,33.11241027,29.79495337,28.47029957,27.58724439,33.22784898,28.29686617,31.5515297,30.95057498,33.25176798,34.30957259,30.68641326,32.46214693,28.15539476,34.31564214,0.716101536,0.821384194,1.21053042,1.000906353,0.754469373,,1.920107321,1.188136963,0.743259092,1.348227419,2.122366793,1.766774745,0.564400805,1.133428357,1.230237582,1.193500662,1.099051439,0.711777783,4.37200013,1.49582605,0.971373496
9/14/2018,0.068438054,616.2864694,26.41061054,183125913,80954612201,0.226208128,78.51,36620000,23010.5,53.16312027,40.05450058,5.300000191,0.003306234,-0.001413386,-0.008557625,0.009370817,0.001074833,,0.014226301,0.008589429,0.004492762,-0.021805105,0.038298503,0.004690877,-0.010463161,0.006118235,0.008390021,0.010538854,0.003222885,-0.003585661,-0.001103062,0.001470588,0.001575715,29.57875549,31.95113415,30.39034448,27.71498031,30.59769334,,29.8371651,33.11243602,29.80110845,28.46193992,27.62212685,33.23118268,28.2857533,31.55138141,30.95311534,33.25342312,34.31426821,30.68700841,32.46691715,28.15705163,34.31868407,0.716830094,0.825373525,1.198765721,1.006949446,0.761300117,,1.92983066,1.195203747,0.744166514,1.308462465,2.137499533,1.813488007,0.55703399,1.137026144,1.248543768,1.200137404,1.100537951,0.709589591,4.351990503,1.496669701,0.971211656
9/17/2018,0.04790453,616.4611711,26.50009801,184410937,81244786565,0.226981871,78.18,36600000,23010.5,52.39593887,39.2954483,5.300000191,-0.012024958,-0.001169256,-0.004143005,0.003954802,0.014322564,,0.010633928,-0.005108388,0.000244886,0.012424085,0.000106943,0.003991165,-0.003206956,0.007634966,0.003545547,0.011461487,-5.87131E-05,-0.006286704,0.001149661,0.013196481,-0.002764008,29.56662645,31.95886938,30.37930996,27.72267515,30.59331498,,29.88019498,33.11872265,29.83095244,28.47396507,27.62169636,33.22975868,28.281246,31.56209753,30.94788809,33.36745206,34.30370836,30.68709264,32.45546831,28.17184125,34.30829079,0.706358411,0.827633101,1.196387161,1.012513109,0.773964402,,1.997086748,1.189604851,0.741983931,1.326612628,2.118583608,1.805949886,0.553613102,1.15506413,1.261424123,1.215132837,1.094808076,0.70629503,4.346690565,1.504262557,0.966129756
9/18/2018,0.080213104,616.5834532,26.61507306,210890784,81256286565,0.259537807,77.75,36620000,23015.5,53.54257965,39.84859848,4.550000191,0.006054074,0.003872775,-0.001059531,0.012837626,0.008281089,,-0.008397432,0.006240745,-0.003311159,-0.000479104,0,0.009560673,0.034880535,-0.000257721,0.000843027,0.003912802,0.008210976,0.009021122,-0.001621624,-0.013779669,0.0054039,29.56987371,31.96176714,30.38687739,27.7362742,30.60728161,,29.88339351,33.1244607,29.84286803,28.4675454,27.62169636,33.23375928,28.31382852,31.56555662,30.94763874,33.37125708,34.31591837,30.69920462,32.46695316,28.15665937,34.31063937,0.709422462,0.830857978,1.201119745,1.024846184,0.780245072,,2.00124695,1.199188058,0.740456111,1.325221162,2.118583608,1.862272138,0.578252994,1.161630392,1.262142469,1.22003131,1.107040253,0.714900536,4.314306475,1.49182847,0.971480691
9/19/2018,0.110950371,616.6733546,26.65859199,269847115,81258151565,0.332086209,78.95,36605000,23020.5,54.94853973,40.87733078,4.800000191,0.00404718,0.003244228,0.002475,-0.013994911,0.009459804,,-0.010230182,0.002518057,0.014063057,-0.009442473,0.033078486,0.00842129,0.045091554,0.001791299,0.005076173,0.001279596,0.00751204,0.001143812,0.002739684,-0.00449878,0.007175456,29.5722665,31.95258296,30.39189517,27.72931137,30.61899939,,29.86138163,33.14174322,29.84440811,28.47676167,27.6526915,33.22999042,28.35338099,31.56949547,30.94866386,33.37524959,34.32142587,30.70589406,32.46799293,28.15197044,34.30724943,0.710294692,0.832141202,1.205019074,1.015349895,0.783318276,,1.961455604,1.203060517,0.745207602,1.303177211,2.122366793,1.897490523,0.614061091,1.16109047,1.268706166,1.223411194,1.11367813,0.713464986,4.322821321,1.486351247,0.976126001
9/20/2018,0.146868109,616.8785267,26.80943761,233500542,81258871353,0.287353907,79.79,36615000,23018,55.51818848,41.09083939,5.400000095,0.011094957,0.013716455,0.005122632,0.006640106,-0.002503474,,0.00319292,0.003110821,0.022618285,-0.000386905,0.001079296,0.004394207,0.030270318,0.006514758,-0.015418882,0.007199872,0.009419039,0.005461327,0.00973867,0.021814887,0.003788819,29.58194423,31.9612655,30.40143572,27.73248231,30.62643985,,29.86147941,33.16969112,29.87306729,28.47713967,27.65382188,33.23565296,28.38867694,31.57890309,30.94501688,33.37265543,34.34042794,30.71970403,32.47512759,28.17452779,34.30906702,0.718909479,0.843086702,1.212249651,1.01966639,0.781589977,,1.962315483,1.206515808,0.755760509,1.303716616,2.129933163,1.92077818,0.637502395,1.168331386,1.241129518,1.223260877,1.126822869,0.718624399,4.349405885,1.511842399,0.977995923
9/21/2018,-0.046669054,616.825979,26.79993405,340262196,81258871353,0.418738521,78.7,36625000,23021.5,55.56943893,41.16847992,5,0.004839666,-0.000626532,-0.011367517,-0.00330033,0.004055393,,-0.012537215,-0.00847254,-0.00560502,0.016378091,-0.03805944,-0.00503912,-0.012002571,-0.002967934,-0.003483995,0.00032101,0.012761533,-0.007302684,0.008067667,0.016622163,0.001050321,29.59347843,31.95439831,30.3970134,27.7259549,30.62608732,,29.86435479,33.16327159,29.85701128,28.48297454,27.61576842,33.23485071,28.37983338,31.57611093,30.94599432,33.37451937,34.34741851,30.71662548,32.47956168,28.19264314,34.29810851,0.722642008,0.843468711,1.201245662,1.014897536,0.782285833,,1.963075672,1.19898915,0.755135329,1.332907784,2.114800423,1.886532666,0.631567948,1.16479652,1.228798563,1.226378113,1.135692985,0.712306017,4.382851018,1.525963787,0.975598329
9/24/2018,0.003765101,616.8877632,26.80744863,213135461,81303295938,0.262148611,79.85,36590000,23020,57.52322006,42.02024078,4.800000191,0.012552493,0.006497688,-0.000631722,0.005208333,-0.001602533,,0.005882602,0.008149864,0.011345392,-0.022239978,-0.033006855,-0.002777184,-0.007373763,0.005753807,0.001726419,0.012986419,0.006007985,-0.00097517,0.016091787,-0.020768734,0.000938251,29.60615674,31.98336236,30.39282272,27.72850097,30.62998245,,29.83653399,33.18049489,29.90344165,28.47486983,27.58429935,33.23574573,28.37114571,31.58272066,30.94098327,33.38412062,34.34758512,30.71171642,32.50514018,28.174413,34.31372752,0.728642955,0.852266347,1.199697858,1.018350732,0.782306727,,1.931832026,1.208405838,0.759709263,1.295779124,2.122366793,1.895701563,0.624089084,1.173845455,1.235382761,1.23778223,1.138426646,0.710187104,4.434468204,1.477746122,0.980461796
9/25/2018,0.069620988,616.9076964,26.8550032,234087507,81303295938,0.287918841,81.47,36535000,23023,59.84790039,43.16854858,4.630000114,-0.010830192,0.014284467,0.007951779,0,0.00062255,,0.029204545,0.004663635,0.014436985,-0.002176565,0.003408547,0.009401296,-0.000614745,0.008919413,-0.002315575,0.002991101,-0.000177996,0.008823422,-0.002376153,-0.020891365,0.004295838,29.59354721,31.98497226,30.40590278,27.72850097,30.62715181,,29.83549394,33.18258705,29.94094008,28.47426505,27.58771661,33.23943768,28.3764363,31.59479779,30.92326844,33.38390787,34.34197858,30.71803875,32.50431528,28.14970513,34.31473277,0.716109408,0.857823205,1.21300482,1.018350732,0.783920224,,1.938379687,1.211718767,0.767824673,1.288434843,2.129933163,1.911962121,0.627643936,1.186137828,1.232630049,1.244639934,1.135286739,0.715120598,4.427420992,1.465091363,0.983570117
9/26/2018,0.185397061,617.0138319,27.1713766,276035624,81303295938,0.339513449,82,36485000,23024.5,61.68685913,44.4336319,5.199999809,-0.000754584,-0.009308203,-0.000293343,-0.005555556,0.028536024,,0.006086908,0.007799769,0.020299746,0.024891754,0.022202487,-0.001036924,0.02347639,0.01177183,0.030034669,0.007511383,0.005237498,0.007999369,-0.00385123,0.006451613,0.003897462,29.59680172,31.97032345,30.411587,27.71755444,30.63286828,,29.84891742,33.17797043,29.93790564,28.48894275,27.61169893,33.24141469,28.40265225,31.6149243,30.94048656,33.37905928,34.34129696,30.72940387,32.50167254,28.1551908,34.31316062,0.714418531,0.847361162,1.204468522,1.010402642,0.800270683,,1.961052867,1.215082759,0.784199202,1.32992849,2.224512788,1.966846696,0.651632845,1.197891296,1.271321411,1.247306653,1.137562609,0.719493309,4.420035876,1.480251047,0.987337206
9/27/2018,0.138496775,617.1811842,27.35421407,251012228,81326360655,0.308648052,82.37,36475000,23023,62.07397842,44.18061829,4.739999771,0.004806856,-0.000524389,0.013736338,0.005649718,0.018168115,,0.016118698,0.006053922,0.019491553,0.001458339,-0.002761883,0.008389765,0.011603513,0.003175261,0.007020992,0.011726151,0.005739824,0.005679207,-0.001370673,-0.002388535,0.006724004,29.60445826,31.97209342,30.41305544,27.72850097,30.63753799,,29.84625614,33.18015356,29.98425219,28.52512646,27.61159483,33.24888146,28.42013727,31.62146432,30.95187112,33.38624444,34.34462929,30.72832238,32.5024323,28.1531372,34.32103518,0.715763743,0.847803668,1.215438302,1.018350732,0.811888896,,1.96546077,1.220733651,0.793400378,1.33133677,2.269911008,2.00813907,0.66617426,1.206097675,1.27166584,1.258998166,1.144871068,0.721750643,4.41644776,1.474566165,0.995415502
9/28/2018,-0.030449858,617.0537034,27.26973023,275121385,81326360655,0.338293,81.85,36395000,23023,62.97677994,44.66719055,5.360000134,0.012329829,0.008248643,-0.003894314,-0.030470085,0.000857028,,-0.005571381,0.000702632,0.007860617,-0.02522366,-0.003333333,0.006975907,-0.006668599,0.004662188,-0.0030349,0.018447518,0.012582428,0.001111937,0.010092833,-0.037576744,0.001451599,29.61505742,31.95743688,30.41117257,27.67883764,30.63988048,,29.84415043,33.17053324,29.97790114,28.50494164,27.6077957,33.25780543,28.4114061,31.6176625,30.96375047,33.38237992,34.34853849,30.7247517,32.50252605,28.11089694,34.32627866,0.728001302,0.849745413,1.218218415,0.980583769,0.813572888,,1.957484332,1.218539632,0.797895389,1.288532011,2.254778268,2.014383789,0.650995755,1.211061005,1.267137486,1.265388,1.154633465,0.72034031,4.437934343,1.442741128,0.997763528
10/1/2018,-0.012965442,617.0988567,27.18918985,276092403,81348824825,0.339393229,83.01,36425000,23022,60.31053162,43.3047905,5.360000134,0.002866368,0.004737082,0.00084835,0.015381798,-0.010607014,,0.006685131,-0.001541968,-0.001165863,0.004558516,-0.030858804,-0.004763528,0.008039252,0.00435742,-0.006838365,0.010177005,0.000113165,-0.013148076,-0.003315876,0.00675893,-0.005248964,29.61188504,31.96563888,30.40038967,27.71864671,30.63270632,,29.85533072,33.19547862,30.00852453,28.50883996,27.57816786,33.2568663,28.4185024,31.62123105,30.96251249,33.38020306,34.34001914,30.720924,32.48837401,28.11972387,34.31489205,0.727590018,0.853431074,1.226614636,1.006401526,0.805504479,,1.97569862,1.212148642,0.79639002,1.294653407,2.213163233,1.963995709,0.648099908,1.213587172,1.26127457,1.271484521,1.152577929,0.71231029,4.42728006,1.436225609,0.990758429
10/2/2018,0.048818504,617.1088864,27.19074252,380639840,81348147319,0.467914578,85.13,36425000,23023.5,59.52256012,42.64305115,5.300000191,-0.000480932,0.004165917,0.001718931,0.010752688,-0.013966557,,0.000313144,0.001966417,-0.011432344,0.010045828,0.040765515,-0.003051655,-0.011509557,-0.001391502,-0.002628583,0.00688162,-0.000267118,-0.003621795,-0.011638672,0.032758022,-0.000560863,29.60761137,31.95773896,30.39488733,27.7237696,30.61670758,,29.85553482,33.20702924,29.98608087,28.51698498,27.61405285,33.26131096,28.40624564,31.61617625,30.95214628,33.38460633,34.34756636,30.71235193,32.46505458,28.1555686,34.32746192,0.729896158,0.856305667,1.223100661,1.013307918,0.792552471,,1.974334533,1.219729007,0.793140512,1.310596908,2.239645528,1.955830813,0.641082486,1.212210511,1.25880682,1.279496764,1.154414056,0.708870825,4.378136462,1.458783503,0.990500919
10/3/2018,-0.050176735,617.0962157,27.18187197,198199517,81458047251,0.24331484,85.91,36455000,23025,58.90420151,42.23432922,4.800000191,-0.003050805,0.004659649,0.002467475,-0.018028846,-0.005873291,,-0.002249024,0.003371737,0.005050524,-0.020064484,-0.031675731,0.004221352,-0.002983897,0.007600219,0.00375845,-0.005385519,0.000388391,0.009960004,-0.006001968,0.004071661,-0.000412634,29.60479862,31.95403911,30.39466039,27.69566497,30.6194041,,29.86733164,33.21535472,29.99042679,28.50785711,27.5859789,33.26696079,28.40349369,31.61852427,30.94474405,33.41232426,34.35262936,30.71779255,32.46010082,28.15898064,34.32514896,0.724643228,0.858656485,1.223990784,0.991574115,0.78883673,,1.989870126,1.221439334,0.794962284,1.276420525,2.243428713,1.983117898,0.645144797,1.219039703,1.258841971,1.275184751,1.156119435,0.715300788,4.357742223,1.468258306,0.989299768
10/4/2018,0.103442547,617.2207934,27.18294484,212393995,81458047251,0.260740347,85.89,36440000,23026,58.87282944,42.40950012,4.800000191,-0.004735296,0.000694533,0.008881069,0.002898551,0.001538462,,0.003739191,-0.004975983,0.019560632,-0.001755149,0.036468949,-0.000704792,0.002642449,0.006728909,-0.001292132,0.011844931,0.009996863,-0.001281645,0.002299773,0.008010616,0.002882617,29.60014433,31.9647195,30.40732305,27.70127433,30.62611886,,29.86348398,33.22086117,30.02181349,28.50728439,27.61688579,33.26816363,28.40627695,31.61428359,30.94356378,33.41483643,34.36000669,30.73159797,32.45885299,28.16970626,34.32359617,0.718511272,0.860982763,1.229087004,0.99554816,0.790647737,,1.984081587,1.217468195,0.804321656,1.271414905,2.250995083,1.964319084,0.646551928,1.220391134,1.250660751,1.283610021,1.165574896,0.71443627,4.358066564,1.464481398,0.991794436
10/5/2018,0.006441406,617.0944834,27.11425123,303607107,81680408186,0.371701261,84.96,36450000,23026,57.76456833,42.0007782,4.960000038,-0.001285143,-0.012234913,0.00037878,-0.00862069,0.002618562,,0.018462226,-0.001935767,-0.000583971,0.025244782,0.004201681,-0.00489647,-0.002977129,-0.014176363,-0.019092961,-0.003328859,-0.012782,0.01396965,-0.005949348,0.03217202,-0.002742682,29.59630564,31.93028489,30.39157216,27.68435096,30.62150086,,29.87793922,33.19331071,29.97044052,28.52082814,27.62158959,33.25942637,28.40597029,31.63522636,30.92473564,33.39645768,34.34965573,30.74644782,32.45217251,28.20485799,34.31141029,0.719357641,0.84508885,1.22555552,0.983626025,0.791089352,,2.004719499,1.217615643,0.797621548,1.313031989,2.269911008,1.924517432,0.644763281,1.20460166,1.223777796,1.266694504,1.151388908,0.724028656,4.328365939,1.493775484,0.9847205
10/8/2018,-0.109156738,616.904547,26.9580426,218344258,81680408186,0.267315337,83.4,36450000,23026.5,55.48440933,40.8610611,4.699999809,-0.007241386,-0.013414948,-0.00938306,0.006489676,-0.008578474,,0.001103578,0.004839536,5.23992E-05,-0.019338678,-0.028455285,-0.001877304,-0.002066116,-0.011248562,-0.000179825,-0.007238844,-0.006426496,0.001583935,-0.009730358,0.005517153,-0.00356368,29.58540784,31.89854426,30.39004255,27.69678936,30.60785402,,29.90613162,33.17048997,29.93621693,28.50468971,27.59641285,33.25877536,28.40286289,31.62382102,30.90730798,33.38263711,34.34233756,30.75367774,32.4319758,28.21234711,34.29622533,0.715242048,0.826249725,1.213109552,0.992368924,0.781710216,,2.046558998,1.218820343,0.796714356,1.279339925,2.269911008,1.87030853,0.642294079,1.185873152,1.226338306,1.255211704,1.140901269,0.727042727,4.296612734,1.493152506,0.980282501
10/9/2018,0.02057524,616.9884063,26.93188535,216413141,81680408186,0.264951101,84.17,36450000,23026.5,53.63013077,39.9217186,4.800000191,0.007287125,-0.005866786,0.001326283,-0.001653439,-0.013957629,,-0.003431172,-0.002600284,0.005377052,0.015227035,0.031954023,0.000697642,0.009069452,-0.001791523,-0.006553721,-0.00026156,-0.00465143,-0.008948975,0.00721551,-0.005672609,-0.002189755,29.59477903,31.90258935,30.3872815,27.69931265,30.59909306,,29.92197598,33.18848499,29.96414389,28.51930503,27.62255345,33.2578092,28.40955971,31.6183957,30.89984783,33.36728576,34.34128938,30.74470307,32.44498069,28.20781596,34.29720006,0.722259543,0.823998928,1.216613826,0.992958263,0.769536539,,2.072223142,1.215675702,0.796944105,1.302327346,2.262344638,1.821305371,0.649511374,1.182595031,1.220880612,1.24196293,1.136812259,0.720214686,4.323551266,1.479887782,0.980282011
10/10/2018,-0.068193583,616.8945602,26.82781687,204948400,81717335643,0.250801618,84.17,36460000,23026.5,51.14373016,38.35615921,4.829999924,-0.000962281,0.00062606,-0.006130121,-0.018776254,0.004850337,,-0.003127796,-0.001686026,-0.007368414,-0.000511049,-0.006688963,-0.006110535,0.011803343,-0.005234858,-0.001160155,-0.008762077,-0.004520117,-0.006854015,-0.008763514,0.001976605,-0.000793753,29.59047424,31.90171022,30.38721226,27.65997084,30.61058246,,29.90760174,33.19883691,29.93768098,28.50962946,27.61502399,33.26052109,28.42634937,31.61472188,30.89103638,33.35008268,34.33484377,30.73858383,32.45174476,28.20883698,34.29911641,0.723308066,0.827048183,1.213681432,0.966003247,0.773660308,,2.052920518,1.211622754,0.796939082,1.304208748,2.232079158,1.833423671,0.663393135,1.178098517,1.221559661,1.226802168,1.132158797,0.71302284,4.290667426,1.486623974,0.980595184
10/11/2018,-0.58595994,616.0667257,26.04751519,399973081,81717335604,0.489459278,81.75,36440000,23025.5,43.61595154,36.41878891,4.71999979,-0.025975261,-0.05132208,-0.02547216,0.006116208,-0.052783202,,0.001471319,-0.020541724,-0.036524859,-0.00302094,-0.038162975,-0.035369591,-0.036706903,-0.028395889,-0.042442928,-0.039355252,-0.053085101,-0.021698942,-0.035811386,-0.012059772,-0.034818502,29.55172154,31.83923661,30.3309016,27.67156246,30.55103261,,29.86850949,33.13566838,29.87485088,28.51447353,27.57965052,33.22749681,28.38898154,31.58115921,30.82608187,33.30817519,34.26885901,30.68965356,32.4046548,28.19757683,34.25647921,0.704657868,0.782044904,1.181832288,0.973951337,0.73074643,,1.98873149,1.186291923,0.769510785,1.295649,2.213163233,1.751976499,0.629703835,1.148702988,1.177350436,1.178474513,1.069873935,0.694044801,4.160818131,1.465143417,0.944847376
10/12/2018,0.265183795,616.4369682,26.42408786,242556994,81724135604,0.296799706,80.76,36530000,23026.5,46.242939,38.4931488,4.760000229,0.016982878,0.02142119,0.025789026,0.012348348,0.016382988,,0.0114237,0.014581829,0.002239562,0.013665061,0,0.019083515,0.007760604,0.015297775,0.00783719,0.025343021,0.019270366,0.011093392,0.012374654,-0.002631579,0.014920276,29.56491282,31.85934917,30.34984744,27.6986579,30.57541215,,29.90117345,33.18827172,29.88153626,28.52305168,27.57965052,33.24148768,28.40181859,31.60305198,30.84692801,33.32870923,34.30088776,30.70301889,32.41666359,28.19439225,34.27814706,0.714478734,0.798697356,1.208760947,0.992094964,0.744484099,,2.038617463,1.208580548,0.772700755,1.315063178,2.213163233,1.815729512,0.639399003,1.167617349,1.184946646,1.205743345,1.093917188,0.703309634,4.18345709,1.463456115,0.959870702
10/15/2018,-0.043341351,616.2660053,26.4289401,150847061,81738387441,0.184548614,81.59,36570000,23026.5,44.54090881,37.42700958,4.929999828,-0.004038513,-0.00122366,-0.005358468,-0.022849462,-0.013136029,,-0.002559727,-0.001455816,-0.000438978,0.018402763,0.038080848,-0.006884487,0.002466278,0.003150081,-0.016956919,-0.012257163,-0.013111903,0.002191377,-0.010591285,0.00761239,-0.004382679,29.558669,31.83646299,30.33144174,27.68746103,30.55836579,,29.94198262,33.15453746,29.86140953,28.52731353,27.61264636,33.23620863,28.40655185,31.60267218,30.81288774,33.30381934,34.28084898,30.68996643,32.40125031,28.20150183,34.26000801,0.709037875,0.793964988,1.199424177,0.977418882,0.734290852,,2.099940786,1.20548986,0.769265887,1.346844305,2.228295973,1.85367796,0.643350927,1.170115162,1.165696104,1.186991428,1.077992534,0.701857398,4.135267983,1.47651318,0.953503843
10/16/2018,0.095983504,616.3999536,26.55000215,158924465,81736387576,0.194435391,81.27,36580000,23025.5,44.72817993,37.75233078,4.929999828,-0.001893419,0.008646129,0.018217211,0.020125139,-0.005923163,,0.000350546,2.62897E-05,0.0173523,0.019922898,0.007640068,0.004796333,-0.011032222,0.005585042,-0.003674868,0.000941228,0.015188588,-0.004711312,-0.001407731,-0.004918033,0.01075248,29.55693268,31.8475758,30.34784494,27.69680272,30.56261927,,29.93971404,33.16048273,29.89175724,28.54313439,27.6211331,33.24086222,28.38657729,31.60884668,30.82720349,33.30664601,34.29311171,30.69420727,32.39458052,28.19757683,34.2823447,0.704447405,0.804359625,1.223020874,0.98994098,0.731478501,,2.074528686,1.201910305,0.779738586,1.383261038,2.262344638,1.910137432,0.625019342,1.173143449,1.156143101,1.188533243,1.089943215,0.698777183,4.123510902,1.465143417,0.964620232
10/17/2018,0.086391317,616.549121,26.73253741,163076655,81736387576,0.199515369,81.55,36550000,23023,44.95299911,38.15330887,4.849999905,0.0112646,0.007946563,0.015130232,-0.009534962,0.013329047,,0.026822093,0.007779808,0.020546871,-0.018389141,0,0.008184355,0.014004243,0.001816752,-0.011644758,0.001449359,0.012372537,-0.002947026,3.91285E-05,-0.017784942,0.006006559,29.56714337,31.84800173,30.35554619,27.69163788,30.57109372,,29.99497577,33.16356407,29.92510998,28.53591409,27.6211331,33.24853346,28.39994673,31.61007054,30.82260043,33.32045855,34.30162318,30.69861933,32.40430329,28.17726278,34.29158281,0.717480165,0.808687158,1.233696754,0.981718324,0.740105846,,2.185549708,1.2111872,0.786460352,1.347117607,2.262344638,1.976687262,0.637467074,1.177419766,1.140910054,1.196809886,1.101862687,0.69583233,4.112265768,1.448283417,0.970651414
10/18/2018,-0.101951121,616.523707,26.61882363,151574750,82425852382,0.183892245,80.1,36570000,23024.5,42.88043976,36.99533844,4.849999905,-0.005957803,0.003715561,0.011689146,-0.005509642,-0.012889248,,-0.01848576,0.000871306,-0.008720641,-0.017404126,0.001672241,-0.003435663,-0.00735534,-0.004104432,-0.009407268,-0.004702278,-0.012435997,-0.003815611,-0.009580438,0.008892275,-0.004987403,29.55980218,31.84236056,30.35003383,27.68899607,30.56912078,,30.02637684,33.14586641,29.91098953,28.52730403,27.6230093,33.24153258,28.39456058,31.60594158,30.81292886,33.31174989,34.29287279,30.69908167,32.38794516,28.18490592,34.3483285,0.715375945,0.809148722,1.234154454,0.978265129,0.731422132,,2.232834108,1.206494729,0.783628282,1.31558322,2.269911008,1.939591926,0.63425639,1.172570791,1.135016905,1.186028596,1.092335177,0.693613496,4.065088338,1.466266444,0.95723784
10/19/2018,-0.025492706,616.4381628,26.63133256,163147886,82506257383,0.197740015,79.61,36590000,23025.5,42.87511063,36.4885788,5.099999905,-0.004558594,-0.00515189,0.00483527,0.012488329,-0.001189606,,0.005900957,-0.006840114,0.005517396,-0.01374971,-0.034846029,-0.003639777,-0.000743595,-0.000777989,0.013375306,0.009905958,-0.002754738,-7.43243E-05,-0.00347716,-0.000597627,0.000885233,29.55734967,31.82731343,30.34969202,27.69604833,30.55811889,,30.02385301,33.12784402,29.90098303,28.52323754,27.59203247,33.23818398,28.39890005,31.59965032,30.84363827,33.31946668,34.29045121,30.69639746,32.36706308,28.18545723,34.34248208,0.708581154,0.804311851,1.238201227,0.990393944,0.731128634,,2.229574658,1.196967468,0.783281881,1.291916305,2.269911008,1.968390045,0.637792,1.168523973,1.155152017,1.201722837,1.089507257,0.692527137,4.055504797,1.460335819,0.957608546
10/22/2018,-0.047002094,616.3767813,26.51648496,154903944,82506257383,0.187748116,80.02,36570000,23024.5,41.9596405,36.33372116,4.96999979,-0.00277492,-0.028509356,0.009308665,0,0.006534183,,0.004288885,-0.001830795,0.000210485,-0.005162574,0.030525552,-0.005308608,0.001361723,-0.011425897,-0.013358953,0.004877141,-0.008868865,-0.00050415,-0.009938436,-0.011583253,-0.004842919,29.55769325,31.80201364,30.34987617,27.69604833,30.56248695,,30.03242106,33.12612104,29.88938486,28.5238864,27.61708915,33.23883518,28.4151595,31.5930258,30.83795656,33.30862823,34.28281591,30.68407649,32.34542482,28.17182484,34.34201306,0.705482518,0.784531781,1.255642448,0.990393944,0.736364112,,2.245814247,1.195952024,0.780948628,1.283581693,2.266127823,1.922313205,0.648192963,1.154864919,1.138351994,1.203990157,1.079969713,0.692348309,4.02457437,1.451682133,0.955357976
10/23/2018,-0.182318368,616.1017696,26.33527812,215402801,82506247383,0.261074534,78.89,36530000,23025.5,39.84460068,35.01742172,5.400000095,-0.005641418,-0.024497929,0.015434307,-0.001908046,-0.022085146,,-0.009155567,-0.011530877,-0.025980238,0.016259546,0.006557377,-0.010559498,-0.001632794,-0.010747987,-0.013047337,-0.000451534,-0.015657277,-0.014764678,-0.01407224,-0.028885009,-0.009952023,29.54952366,31.76242142,30.33345688,27.69415353,30.54111021,,30.04221558,33.10427747,29.85108006,28.52582091,27.6227814,33.23221802,28.41433635,31.58466941,30.82459552,33.29110828,34.26420272,30.66177782,32.33017058,28.13853513,34.33331468,0.703917661,0.765539714,1.263377971,0.988299924,0.721108911,,2.260946558,1.183530934,0.763853006,1.308039881,2.266127823,1.879295774,0.649804301,1.146500739,1.136064602,1.191705666,1.063662269,0.683570091,3.987138944,1.426974015,0.945819333
10/24/2018,-0.075095792,615.8335785,26.21334071,159598260,82510117383,0.193428715,76.87,36550000,23026.5,38.11877823,33.6846199,5.099999905,-0.002551575,0.003151757,0.016264308,-0.022757697,-0.036071622,,-0.01923001,-0.002326661,0.002596935,-0.006054383,0.033980583,-0.011740092,0.003470044,-0.000699843,0.004087682,-0.003981488,-0.014012561,-0.002762764,0.00501322,-0.01090604,-0.010565583,29.55021366,31.72604951,30.33094257,27.68097934,30.52694389,,30.02336365,33.05261302,29.80103072,28.52260928,27.65214543,33.22371433,28.41942799,31.57636735,30.80278657,33.27661423,34.24187242,30.65032257,32.3233834,28.12940908,34.32278952,0.704265583,0.760353024,1.280525763,0.966213329,0.696512973,,2.221502999,1.1799212,0.762119627,1.300764189,2.266127823,1.878711965,0.656826058,1.144066446,1.133888742,1.183037897,1.049038704,0.681623877,4.011984451,1.402215757,0.933640305
10/25/2018,-0.202382718,615.6585799,26.00443833,194332151,82611669559,0.235235714,75.65,36590000,23026.5,37.26657867,33.06734085,5.449999809,-0.007230481,-0.023089385,-0.006072933,0,-0.007550601,,-0.002859564,-0.009019737,-0.00940487,-0.003892989,-0.036517934,-0.00854541,-0.010400717,-0.01170709,-0.001105138,-0.010909421,-0.012177678,-0.014890788,-0.010636102,-0.006861063,-0.009510816,29.53795034,31.75000997,30.32017301,27.68097934,30.51174218,,30.01421546,33.05654788,29.78981519,28.52258368,27.61805735,33.21619855,28.40701227,31.56226075,30.79897119,33.27304711,34.22570414,30.64032463,32.31298507,28.12375137,34.29625042,0.698857053,0.753197989,1.272406078,0.966213329,0.692780025,,2.20452628,1.175292353,0.753963607,1.282808199,2.258561453,1.867667751,0.64697015,1.130397036,1.134432205,1.168595095,1.035939202,0.671840701,3.982385237,1.386979906,0.92062468
10/26/2018,-0.065749673,615.5730358,25.87949849,166411687,82609161547,0.20144459,76.66,36520000,23027.5,37.31612015,33.15216827,5.340000153,0.000298606,-0.009827927,0.000971029,-0.016522989,0.008460484,,-0.008368486,0.001553419,-0.01794586,-0.004865525,0.023685201,-0.006555125,-0.008057733,0.005628312,-0.017997802,-2.33428E-05,-0.009813073,0.004318518,-0.001220651,-0.00693139,-0.002535338,29.54007074,31.75656216,30.30528973,27.67196795,30.50795111,,30.01879967,33.05717745,29.74076074,28.52429914,27.63919264,33.212654,28.39793083,31.56559423,30.79129413,33.27455224,34.21055657,30.66346206,32.30511136,28.11486105,34.27494803,0.697151013,0.751804003,1.272833331,0.951272397,0.697567834,,2.207735986,1.174692624,0.74339671,1.280186675,2.269911008,1.806416369,0.636564976,1.134610393,1.115814503,1.168583716,1.026298216,0.673835788,3.972911403,1.385726965,0.912184582
10/29/2018,-0.088570282,615.4066165,25.77220225,148215957,82615079669,0.179405452,77.78,36550000,23027,37.16492844,32.72515869,5,-0.004075329,-0.001718431,-0.002436578,0,-0.004921195,,-0.006044551,-0.006057075,-0.008742947,-0.015545527,5.20833E-05,-0.005763568,0.004827046,-0.002849951,0.006759742,0.006075619,-0.007967867,-0.008655036,-0.001501074,-0.025604037,-0.004401606,29.53658536,31.74507536,30.29536209,27.67196795,30.51589432,,30.01802362,33.0214531,29.74177863,28.49850078,27.63941683,33.20919335,28.39452346,31.56160471,30.78934359,33.26769816,34.19502387,30.65856789,32.30345994,28.08402277,34.25912068,0.696389955,0.747669808,1.253972975,0.951272397,0.694749495,,2.208332916,1.163661777,0.735080842,1.254135296,2.273694193,1.748548417,0.636721382,1.132028792,1.131338998,1.171667727,1.01794928,0.667772932,4.011695688,1.372445735,0.903073641
10/30/2018,0.059512528,615.4675458,25.76058143,146585966,82615079669,0.177432457,77.09,36490000,23028,37.83036041,33.40449905,5.349999905,0.006321625,0.004736323,-0.00272933,0,-0.00457779,,-0.023626224,0.000483337,0.004570573,0.025648283,0.033596848,-0.000654929,-0.017510583,-6.33153E-05,0.003032631,-0.005238717,-0.00228864,0.002969315,0.005031361,0.031055901,-0.001244141,29.54280136,31.74813529,30.28867987,27.67196795,30.51573202,,30.01569831,33.03700786,29.75883581,28.5097789,27.6687634,33.21092768,28.36966853,31.56258466,30.75845994,33.25968299,34.19780005,30.6640212,32.31191506,28.11902162,34.2560633,0.697630633,0.752737447,1.244134484,0.951272397,0.692785829,,2.197283098,1.167991767,0.740295757,1.297149381,2.269911008,1.708121442,0.616459287,1.131592221,1.132543962,1.158857241,1.017773338,0.670363154,4.021452411,1.389318748,0.902907822
10/31/2018,0.235772423,615.9325068,25.92885644,207093323,82637268550,0.250605237,76.47,36440000,23029,47.12002182,37.2670784,4.980000019,0.016296669,0.008163802,0.001662792,0,-0.011000134,,0.010775572,0.012636898,0.017896645,0.013249083,0.033674963,0.010819291,0.001192346,0.010329535,0.008172158,0.021101405,0.028286585,0.015394282,0.02173388,0.002094336,0.013292314,29.55995293,31.78565271,30.31612675,27.67196795,30.53443376,,30.01762699,33.07797918,29.80613519,28.5399973,27.69945815,33.219698,28.37306167,31.57742214,30.78184543,33.27692409,34.23432649,30.68265485,32.35952126,28.12996342,34.28775854,0.707286936,0.764034396,1.261071572,0.951272397,0.69012788,,2.203223805,1.184926655,0.749906526,1.314727512,2.269911008,1.674464499,0.619020648,1.141707285,1.128665627,1.177775665,1.047504636,0.679668661,4.092709765,1.351178981,0.919671988
11/1/2018,-0.104567393,615.7564767,25.82748601,185850212,82647243845,0.224871639,74.84,36410000,23029.5,41.99377823,34.42623138,5,-0.001393202,-0.005198393,-0.006061142,0.000755858,0.025519596,,0.005388565,-0.008104189,-0.018114424,-0.003119762,-0.034979424,-0.0050352,-0.001670812,-0.002544959,-0.00919008,-0.002699297,-0.011945907,-0.005977751,-0.004669763,-0.006666667,-0.008860439,29.55087314,31.76295985,30.30694332,27.67236144,30.53518767,,30.01982836,33.05695673,29.77548614,28.53653163,27.66536953,33.21796616,28.37430526,31.57289526,30.78015967,33.26289446,34.22333101,30.68575576,32.35053418,28.11722418,34.28891294,0.705795376,0.755581302,1.257476657,0.951922002,0.700758614,,2.201731486,1.170648713,0.740812574,1.312176196,2.269911008,1.631342356,0.6194622,1.138880109,1.112727578,1.169311819,1.037697291,0.677464399,4.098868524,1.362004468,0.912913338
11/2/2018,0.114511763,615.9807241,26.10192282,231207449,82647243845,0.279752159,72.56,36535000,23028.5,45.08472824,36.10353851,5.28000021,0.005072182,0.005171969,0.002111387,0,0.014648128,,0.000461676,0.010768539,0.014838779,-0.009399215,-0.033923304,0.005591049,0.02141672,-0.000984571,0.030065613,0.008220429,0.01718027,0.00889704,0.01373378,-0.004763661,0.005404953,29.55967933,31.79544694,30.31090032,27.67236144,30.55604634,,30.03759928,33.06892923,29.79258752,28.53159767,27.63359331,33.22112088,28.39379199,31.57545992,30.81634564,33.29385284,34.24520682,30.69593573,32.36554934,28.10648761,34.30823199,0.713051853,0.760817261,1.24916472,0.951922002,0.709481334,,2.235071233,1.185749566,0.751502172,1.29490074,2.269911008,1.67336711,0.634940634,1.138661351,1.144299264,1.18510563,1.050813256,0.682837547,4.170331837,1.3785434,0.921450904
11/5/2018,-0.006730672,616.0221676,26.10829738,142657596,82647152214,0.172610419,72.58,36535000,23027.5,43.57590866,34.75799942,5.690000057,0.004164765,0.0038269,0.008956223,0,0.001472838,,-0.001974771,-0.00626015,0.00772931,0.011363636,-0.032352321,-0.004282951,-0.001057391,0.006582497,-0.008616562,0.003449628,0.002169197,-0.003645223,-0.006520418,0.005952381,0.002311739,29.5603179,31.80962942,30.33279319,27.67236144,30.54891872,,30.02589717,33.06290202,29.82203902,28.54256926,27.60485825,33.22092789,28.40034774,31.57823008,30.82227934,33.28945934,34.24733734,30.69343118,32.3646808,28.11342892,34.3097586,0.715579264,0.766316303,1.265782938,0.951922002,0.709020996,,2.213571303,1.17744194,0.756622964,1.312622857,2.277477378,1.678343699,0.631219817,1.144898945,1.132886515,1.187253517,1.051825367,0.679654163,4.151545954,1.381918002,0.922393453
11/6/2018,0.025721783,615.9830058,26.09646688,146224740,82647152159,0.176926532,73.09,36475000,23028.5,42.67890167,33.51499176,5,-0.00688311,0.001227565,0.006567477,0.004219409,-0.006750846,,0.000405607,0.000134783,0.000851881,0.004754329,-0.033125293,0.001348975,0.02317715,0.00488913,-0.002000613,0.009848202,-0.000607936,0.000965586,-0.004758632,0.014769821,0.006688297,29.55349262,31.79868592,30.3260325,27.67437666,30.53900163,,30.02850547,33.05561475,29.81532422,28.53506151,27.57652128,33.21956907,28.42039522,31.58664272,30.8391331,33.29115918,34.23764293,30.69058941,32.35456737,28.13215083,34.30853942,0.711988332,0.764758747,1.269658177,0.954511899,0.702691622,,2.215531626,1.177857424,0.768322382,1.319742386,2.281260563,1.653913562,0.648140178,1.154559803,1.123902536,1.193945209,1.048940291,0.679633479,4.118200955,1.383363054,0.925544656
11/7/2018,-0.029515218,615.9479161,26.04497297,150096918,82649719958,0.181606082,72.11,36440000,23029.5,43.1191597,34.05543137,5,-0.00336357,-0.011190026,-0.012110816,-0.000515334,-0.017612649,,0.00472542,0.001201841,-0.00402156,-0.003691679,0.036266754,-0.001708564,-0.00660793,-0.00843455,0.010966227,0.01312036,0.003292123,-0.005256009,-0.009257048,-0.014703544,-0.000614663,29.54868467,31.7858072,30.32528431,27.67421239,30.53111435,,30.0364999,33.04531064,29.81047719,28.53054422,27.60627573,33.22062307,28.41687469,31.57944306,30.84124452,33.30338955,34.23944361,30.68565871,32.34191241,28.11402108,34.31109482,0.713233366,0.755911507,1.25997096,0.954734119,0.692719332,,2.229066306,1.177373741,0.762624891,1.314036255,2.288826933,1.64911203,0.644635802,1.145242074,1.137690832,1.211040432,1.052201129,0.676221042,4.079351879,1.375987378,0.924992964
11/8/2018,0.179827681,616.0813683,26.23136009,156022532,82649719958,0.188775633,72.07,36470000,23028.5,44.57881927,35.89138031,5.420000076,0.001529826,0.015395548,0.012309574,0,0.006617691,,0.004718384,0.0090881,0.008598337,0.037127705,0.035749785,0.00138659,0.001973517,0.001452024,0.000270599,0.018880761,0.005904024,0.004248232,0.013185525,-0.00204832,0.003439779,29.54921999,31.78488196,30.32890229,27.67421239,30.53837692,,30.04259996,33.05390457,29.80584294,28.55840036,27.63634611,33.22414331,28.4192969,31.58011453,30.85588178,33.30699355,34.24086932,30.69375274,32.3554499,28.11127688,34.32090185,0.715218043,0.766220462,1.273021805,0.954734119,0.697537469,,2.242336997,1.185703794,0.76544654,1.371426769,2.292610118,1.655832157,0.64505645,1.142287237,1.132540122,1.231169668,1.0569064,0.678072957,4.119823066,1.376204558,0.929211359
11/9/2018,-0.054391561,615.8867188,26.10830881,158020602,82649719958,0.191193149,70.78,36440000,23027.5,44.72171021,35.28376007,5.730000019,-0.008386051,-0.002279329,-0.012116229,0.00615617,-0.00497932,,0.007416778,-0.003809118,-0.006247053,-0.03778525,0.03673982,-0.003667445,-0.008107774,-0.00590597,-0.003051021,0.010068125,-0.012477583,0.001197361,-0.001181831,0.000874126,-0.006849967,29.54005242,31.74608935,30.31877873,27.67705732,30.51765885,,30.05005615,33.01357388,29.77388996,28.53052706,27.66890733,33.21528598,28.40237257,31.57427958,30.87777548,33.29260188,34.22178878,30.68283876,32.3481974,28.11199474,34.32299257,0.710060106,0.759667255,1.25542068,0.957965095,0.689843857,,2.254475265,1.177745803,0.764632646,1.310847661,2.307742859,1.652361483,0.636126988,1.140266795,1.129754465,1.231877549,1.044907329,0.677975696,4.105967431,1.378109039,0.92256081
11/12/2018,0.002393005,616.0103555,26.10212857,127044356,82722219913,0.153579481,71.14,36440000,23028.5,46.47008896,36.20352173,5.519999981,-0.001224225,-0.003613494,0.002151735,-0.013661202,0.005131575,,-0.00552608,-0.005192197,-0.004396565,0.014594315,0.026351847,-0.001023366,-0.006529146,-0.009762296,0.001674931,0.013910741,0.003502244,-0.007371909,-0.013075192,0.009146905,-0.002695617,29.53674228,31.75891075,30.32122547,27.67034215,30.53408785,,30.07857224,33.01767806,29.79721092,28.54518453,27.69151718,33.23194702,28.39334568,31.56806084,30.87865169,33.29105354,34.22614294,30.68753194,32.33341313,28.12362839,34.32510891,0.706081627,0.76296717,1.251464628,0.949332106,0.696163989,,2.308687894,1.176735868,0.76343867,1.331475513,2.281260563,1.646949097,0.630475903,1.130309039,1.131759572,1.247189478,1.050748646,0.673712949,4.064752089,1.3791448,0.919478967
11/13/2018,-0.034990397,615.8959276,25.93292601,179054794,83149959590,0.215339604,69.45,36390000,23029.5,46.70864105,36.06462097,5.559999943,0.002722774,-0.018437864,-0.00940654,0,-0.0002765,,0.005975895,-0.006972037,-0.013220583,-0.011737809,0.02454418,-0.001810623,0.025081578,-0.002317141,-0.016484762,0.008988278,-0.013360681,0.006021806,-0.008113574,0,-0.006186795,29.53668716,31.73656149,30.30100922,27.67034215,30.52698588,,30.05606205,32.99648955,29.78142165,28.54380982,27.71443581,33.23945575,28.41339515,31.56360468,30.87135648,33.26824268,34.2078406,30.69774014,32.3192569,28.12362839,34.32760207,0.708169287,0.750212808,1.23432601,0.949332106,0.693987509,,2.267381267,1.158853776,0.760572157,1.310514707,2.281260563,1.649273921,0.648472231,1.124564687,1.105723647,1.245365877,1.037757077,0.679353446,4.03540395,1.3791448,0.913256189
11/14/2018,0.044304691,615.8847414,25.97101946,150584049,83149920718,0.18109945,69.45,36410000,23028.5,48.79579926,37.17002869,5.800000191,-0.002100582,-0.004018459,0.008013661,0.008547009,-0.007244001,,0.00115516,0.00071381,0.002682126,0.014902213,0.03342246,0.002465474,0.015522722,0.000872024,0.008949416,-0.003399011,-0.006396739,-0.008038118,-0.009395214,-0.015245009,0.002895749,29.53399968,31.71105942,30.29446933,27.67437666,30.53834942,,30.08075809,32.97063398,29.75803728,28.54682021,27.74629154,33.24617149,28.42014178,31.56601518,30.87219931,33.27460998,34.19150793,30.71328559,32.30865794,28.10564057,34.33171598,0.70523228,0.74407035,1.233501635,0.954511899,0.691233955,,2.312497207,1.154949169,0.763489698,1.337194519,2.281260563,1.647763625,0.654816995,1.128719393,1.120470415,1.2402506,1.029089796,0.674819027,4.013290096,1.368803813,0.915054422
11/15/2018,-0.01510717,615.8772368,25.99232566,175586509,83149920718,0.211168583,66.08,36460000,23027.5,49.20965958,37.21292114,5.690000057,-0.008721363,0.000811701,0.006630094,-0.009722222,-0.002421622,,-0.007284878,0.001033234,0.002037292,-0.000248016,0.022905523,-0.004037356,-0.012026199,0.003968386,0.013664027,-0.006978493,-0.000420928,-0.003554183,0.000675348,-0.007630432,-0.003787083,29.52386164,31.71092855,30.29446082,27.66966815,30.53681535,,30.08296698,32.97590987,29.7724391,28.54268818,27.76894236,33.24556681,28.41792773,31.56821235,30.88694812,33.27118784,34.18996289,30.68935558,32.30966529,28.09881926,34.32090991,0.696311042,0.745771534,1.240720719,0.948468807,0.689530428,,2.310410427,1.154446062,0.765201138,1.335199089,2.322875599,1.63560506,0.652003506,1.130409265,1.14415026,1.22519781,1.02547306,0.668855498,4.035916598,1.354628793,0.91115097
11/16/2018,0.075535647,615.9516424,25.9296328,169225917,83153220500,0.20351096,66.08,36530000,23026.5,51.08900833,38.45854187,5.800000191,0.003260156,0.004047183,0.008946671,0.015005276,0.01400839,,0.00993481,-0.001607727,0.003287304,0.001234561,-0.017289664,0.002225536,0.021211578,0.004664423,-0.006135562,-0.001767037,0.010856354,-0.001505935,0.004830256,-0.003260399,0.003589473,29.52847794,31.73445827,30.30913193,27.67741289,30.54999739,,30.03743244,33.0101335,29.7948704,28.56536351,27.751496,33.24813194,28.43282153,31.57346644,30.86710781,33.26362929,34.20939283,30.69073803,32.31429746,28.09723769,34.29604512,0.694808588,0.755391554,1.251285393,0.961025009,0.699320264,,2.229179789,1.148424142,0.768706873,1.33449541,2.285043748,1.641275887,0.668114694,1.135866883,1.127506336,1.223638192,1.037617469,0.666631798,4.047539954,1.342984724,0.910776097
11/19/2018,0.10697312,616.1705633,26.10918616,153036938,83153220500,0.184042106,67.61,36600000,23026.5,53.01688004,39.35382843,5.78000021,0.006507892,0.001327511,0.008154396,0.000575705,0.00534869,,0.013636364,0.009122054,0.015623013,0.006124235,-0.034782609,0.002746702,0.002587468,-0.003033047,0.002667228,0.006483452,0.009990498,0.009091606,0.001006012,0.032767281,0.011028671,29.53778718,31.77750966,30.31316852,27.67855798,30.55851448,,30.0529411,33.02346509,29.80946751,28.57675567,27.71593738,33.25155551,28.43540936,31.57224415,30.886313,33.27469027,34.22903762,30.69394661,32.32488897,28.12887291,34.3295003,0.699376726,0.769124731,1.255779547,0.961819818,0.703048841,,2.273968794,1.15937541,0.773242708,1.342656732,2.285043748,1.628031772,0.670894158,1.129890449,1.125793775,1.234641538,1.049118747,0.671510369,4.063761273,1.389510858,0.922596171
11/20/2018,-0.059042327,616.1339857,26.03508286,160884850,83157220500,0.193470692,66.86,36570000,23029,49.5893898,37.55382156,5.710000038,0.013028609,0.009571727,-0.003430314,0,-0.004091234,,-0.010490823,-0.008021845,0.003959078,0.001912387,-0.033217579,-0.003958366,-0.003487506,0.000342056,0.003251839,0.000239374,0.005428935,-0.005887277,-0.01047854,-0.012893983,-0.000818864,29.54508737,31.77046539,30.30346834,27.67855798,30.56304094,,30.05123435,33.02089854,29.81013069,28.57866341,27.68329813,33.24986735,28.43482198,31.58320604,30.88335237,33.27937545,34.22517137,30.69766894,32.32040765,28.11342892,34.34184047,0.709475853,0.772310306,1.25107979,0.961819818,0.701551905,,2.268025999,1.147846131,0.772499806,1.344345916,2.288826933,1.595373926,0.669362745,1.132883529,1.134901202,1.23958797,1.051436947,0.667907728,4.021271512,1.381918002,0.922656836
11/21/2018,-0.032399864,616.1103219,26.02231815,154397507,83157220500,0.185669394,63.24,36510000,23031.5,51.57083893,38.40748978,5.699999809,0.007744721,-0.00113918,-0.009540499,0,-0.010131537,,-0.004106358,0.001923445,0.010399628,0.004623889,-0.033667622,0.00983702,-0.013765737,0.002481201,-0.003455471,-0.006527635,0.001401984,0.008061239,0.005673414,-0.002685422,0.000473057,29.55234982,31.76163734,30.30542795,27.67855798,30.5631709,,30.04751981,33.00444305,29.8012158,28.58379924,27.65140619,33.24882223,28.42590669,31.58551765,30.88078441,33.28950773,34.23526594,30.70338103,32.32748567,28.11638619,34.34773627,0.716653086,0.766821746,1.240708472,0.961819818,0.698238939,,2.259299571,1.147592998,0.775731022,1.351469839,2.288826933,1.61557341,0.661547493,1.135541295,1.130634762,1.241672893,1.055086317,0.67505399,4.023741399,1.352264881,0.924039287
11/22/2018,0.004437424,616.0728977,26.09485959,163861185,83173564249,0.197011137,63.29,36510000,23032.5,49.69570923,37.35363007,5.960000038,-0.006562735,-0.001828278,-0.001653634,0.012318841,0.004289194,,-0.000781655,0.002993612,0.004029666,-0.008172487,-0.033084511,-0.000505515,0.010192706,0.004206255,0.001958834,-0.000156104,0.005643713,-0.007916374,0.002219284,0.014259974,0.00298664,29.54500187,31.7616866,30.3085027,27.68518274,30.56303482,,30.04862516,32.99886396,29.78099614,28.5762242,27.62108154,33.24591035,28.43186094,31.58827016,30.87835506,33.29787982,34.2363829,30.69823827,32.3256756,28.1264616,34.35466326,0.712266953,0.765069124,1.241370792,0.972863115,0.699836176,,2.264175045,1.151278958,0.780513637,1.341711463,2.285043748,1.612990263,0.666710238,1.141384251,1.134310161,1.245558548,1.061664277,0.670490525,4.032450943,1.386762726,0.928408643
11/23/2018,-0.030907482,615.9630915,26.03694556,150991640,83201124604,0.181477884,62.78,36490000,23037.5,49.01549911,37.24489975,5.769999981,-0.009929551,0.006986789,-0.001115535,-0.000574713,0.003133234,,-0.00648873,-0.000923164,0.000747589,0.017795567,0.014066051,-0.003554776,-0.016457488,0.002932685,-0.003318262,-0.00422979,-0.00470653,-0.000220293,-0.001170574,-0.018462894,-0.005417096,29.53495279,31.76516598,30.32717613,27.68404521,30.55598166,,30.02200308,32.99187016,29.77152563,28.58409572,27.6366942,33.24139716,28.41696922,31.58842089,30.87028756,33.28665221,34.22556146,30.68470075,32.31595172,28.10695884,34.35268115,0.704262603,0.770257322,1.23478613,0.972068306,0.699238866,,2.213383897,1.151842141,0.777244483,1.355417304,2.345574709,1.607819539,0.651470809,1.143677244,1.132238166,1.241692852,1.057164418,0.668780368,4.021626846,1.36477767,0.923621889
11/26/2018,0.000128118,615.9784191,26.05767466,128596758,83420147350,0.154155515,60.21,36460000,23037.5,48.66653824,36.90151978,6.070000172,0.000679521,-0.005049264,-0.000756727,0.024619685,-0.01482248,,0.011660565,-0.00305409,-0.00381685,-0.005074465,0,0.00092204,0.012377564,-0.001624471,-0.012247288,-0.008060991,-0.00724088,0.000222617,0.005537672,0.005882353,-2.63934E-05,29.5361085,31.76435279,30.32748776,27.69689341,30.54255019,,30.0248644,32.97800628,29.76167698,28.57807584,27.6366942,33.23986508,28.4235572,31.58625132,30.86586987,33.31034337,34.22528784,30.68172617,32.32322696,28.1138969,34.36168401,0.705350514,0.771800828,1.238235719,0.992189032,0.690186005,,2.241627377,1.143273842,0.775318417,1.345294986,2.345574709,1.595967173,0.659414678,1.142096944,1.118808892,1.239701865,1.050671627,0.669982073,4.038221221,1.368152272,0.925806488
11/27/2018,-0.06662242,615.9340948,25.83548112,165630292,83420147350,0.198549508,60.31,36430000,23039.5,48.79552078,37.07667923,5.570000172,-0.010322033,-0.009618744,-0.004211651,-0.008333333,-0.003810629,,0.019005381,0.007500319,0.001320473,-0.021768192,0.033606557,-0.005021657,-0.018849111,0.007832391,-0.0068543,-0.006587614,-0.004149778,0.006165919,-0.013684099,-0.027015367,-0.001826953,29.52864042,31.76368131,30.31827534,27.69294891,30.54962023,,29.99770732,32.98090039,29.76531827,28.56172418,27.66497838,33.24757784,28.40735426,31.59236333,30.86768008,33.32472867,34.21741245,30.67820566,32.31699061,28.08949781,34.3684893,0.695792344,0.766703993,1.235741308,0.987009238,0.690878579,,2.207057121,1.154181538,0.775067195,1.314745521,2.345574709,1.563490857,0.643007124,1.147134976,1.113229448,1.241455151,1.045899857,0.67310281,3.991812205,1.319070117,0.924527027
11/28/2018,0.058329751,616.1075675,26.03366457,146432676,83575372496,0.175210318,60.72,36380000,23039.5,47.92839813,36.12189102,5.670000076,0.001454246,0.011020099,0.01288998,0,0.01044901,,-0.009287819,-0.003036474,-0.002901599,-0.002234308,0.035407066,-0.002340481,-0.017442435,0.000349689,-0.020135015,-0.002030556,0.005329348,-0.001378031,0.009653164,0.029520295,0.003043571,29.5318629,31.76714659,30.32992733,27.69294891,30.5509032,,30.03849782,32.9868223,29.7779318,28.54751501,27.69621142,33.26887272,28.3951397,31.59277065,30.86809377,33.32918268,34.22938173,30.67576551,32.33295816,28.11271209,34.38292316,0.699530563,0.771854666,1.259481553,0.987009238,0.695010394,,2.284478736,1.156385173,0.772782707,1.313760894,2.353141079,1.570812405,0.630731476,1.146763299,1.085298983,1.244168985,1.052222616,0.672569106,4.029340574,1.380013521,0.928308601
11/29/2018,-0.085874709,615.9554726,25.93589576,140030532,83575372496,0.167549994,59.04,36410000,23039.5,48.63656998,36.54439926,5.960000038,-0.002512915,-0.018960364,-0.00865127,-0.013816926,-0.002307274,,-0.008230607,0.001070197,-0.015061458,0.018696416,-0.036140091,-0.002395386,0.00532559,-0.000640949,-0.012874336,-0.003533655,-0.004943025,0.004034936,0.016469863,-0.00174216,0.000338706,29.53210539,31.75186726,30.3297989,27.66550162,30.5534071,,29.98621264,32.97224664,29.75938914,28.55502075,27.6622539,33.26287069,28.39903415,31.59484236,30.85928414,33.31912391,34.22462283,30.67600482,32.35503665,28.11127688,34.38557281,0.700285572,0.761099191,1.258345092,0.967933822,0.695560828,,2.189368533,1.152475413,0.76596087,1.342789849,2.345574709,1.564902532,0.632406413,1.144220532,1.069851904,1.235002268,1.045258946,0.671961442,4.085667882,1.376204558,0.931025405
11/30/2018,0.051347161,616.4699863,25.95485684,169705405,87496231536,0.193957388,59.58,36410000,23041.5,49.2970314,37.10800934,5.800000191,0.010629393,0.003908883,-8.06993E-05,-0.022822823,0.001534482,,0.010659263,0.002738149,0.006392983,-0.009911589,-0.007258065,-6.90647E-05,0.004851709,0.005703285,0.014997001,-0.007621998,-0.001040557,0.003220358,-0.00039705,0.030275607,0.005637893,29.53671928,31.76188132,30.33651847,27.62044138,30.55283415,,29.97967414,32.97870596,29.77855416,28.5546104,27.65411047,33.25972686,28.40142292,32.09652167,30.86840225,33.32132584,34.22966249,30.67538884,32.34968409,28.13482005,34.37898158,0.706770482,0.767622189,1.261553402,0.937731081,0.695266009,,2.172750579,1.154308052,0.76629429,1.326385621,2.311526044,1.563154944,0.635841194,1.152339021,1.089375044,1.231141771,1.045962678,0.67516571,4.080189359,1.446887549,0.934591818
12/3/2018,0.224419277,616.9385027,26.32605441,230514428,87496831536,0.263454601,58.73,36410000,23044,53.28332901,39.80978012,5.679999828,0.004809854,0.005865065,0.01187665,0.023210832,0.03312998,,0.003690899,0.011328298,0.030491439,0.008211949,0.002454992,0.009028235,-0.001973592,0.004979699,0.010752753,0.001323254,0.027437375,0.003940576,0.013794539,0.008196721,0.011869758,29.54340537,31.81001463,30.35302932,27.66317997,30.59641317,,30.02491444,33.0304389,29.82318066,28.57493311,27.65683232,33.27108174,28.40245074,32.11201466,30.86784339,33.3543146,34.27451462,30.6892546,32.36265459,28.14180967,34.38622219,0.709902768,0.779266171,1.280001892,0.966344204,0.719478174,,2.251552951,1.170656778,0.784270639,1.336835967,2.322875599,1.574225756,0.635716912,1.158808899,1.103053856,1.246157144,1.077219578,0.67900684,4.117727503,1.465932363,0.947020421
12/4/2018,0.079320735,617.0595209,26.38851929,249250682,87521258445,0.284788732,52.26,36420000,23044,53.8568306,39.80694962,5.800000191,-0.008819147,0.004206301,0.016642371,0.001205546,0.006539146,,0.003080209,-0.001324002,-0.003294187,0.001978452,0.033188759,0.001935496,0.004133933,-0.000523841,0.000390313,0.010298932,-0.001107517,-0.002880919,0.003127207,0.009142966,0.001400719,29.56298446,31.8056153,30.37300416,27.66550162,30.59833972,,30.02496863,33.02829771,29.81913848,28.58344745,27.68567946,33.26855355,28.40382692,32.10344538,30.86450696,33.37423245,34.27538054,30.69783664,32.36625629,28.15127456,34.40723065,0.704462333,0.784112223,1.292328085,0.967933822,0.723460761,,2.249217488,1.16576901,0.781785891,1.341772097,2.319092414,1.571255445,0.639023077,1.158325587,1.10555564,1.262566615,1.078049667,0.678217212,4.134891676,1.476924891,0.953775356
12/5/2018,-0.025284139,617.0289694,26.33758614,228737447,87525244355,0.261338827,61.46,36400000,23045,54.55582047,40.06546021,5.659999847,-0.000308826,-0.006316644,-0.003381889,-0.034958035,0.001156795,,0.009206774,0.001166041,-0.000359119,0,0.043796611,0.000837187,-0.019094902,-0.007302448,-0.016345035,0.002291506,0.005571186,0.002212172,-0.007918555,0.000477958,0.003985083,29.56240454,31.80690873,30.37810962,27.62627673,30.59257588,,30.02408568,33.02637836,29.81068026,28.61448179,27.72670388,33.26644799,28.38856711,32.09647403,30.86183392,33.35780572,34.28354062,30.69054328,32.35612774,28.15492913,34.40409435,0.703078466,0.781032669,1.286617604,0.935977412,0.724707512,,2.26452142,1.171066401,0.781864699,1.341772097,2.364490634,1.587930824,0.624698874,1.150816017,1.08368434,1.252536092,1.08772674,0.67915616,4.102419132,1.457011356,0.956477695
12/6/2018,0.113336998,617.0652622,26.42677025,192540708,87533959163,0.219961155,61.49,36360000,23045,53.72669983,39.0257988,6,-9.95102E-06,-0.003231883,0.012108517,0.027501429,0.010355242,,0.008499405,-0.008815054,0.002610337,0.017137338,0.027655285,-0.008295423,0.00595829,0.003952559,0.003548257,0.005185391,-0.003490411,-0.001966669,0.006317891,0.008992974,-0.000676528,29.56533371,31.80251269,30.37903618,27.64795645,30.59249068,,29.99001232,33.0177183,29.81423077,28.62583346,27.75238445,33.26442479,28.38964121,32.10792646,30.86275403,33.35176116,34.27822452,30.69118188,32.36101785,28.16427123,34.40655009,0.70171977,0.775532919,1.300505453,0.956011688,0.73484815,,2.21190803,1.159121399,0.782927011,1.36509523,2.360707449,1.612112794,0.626867376,1.156100122,1.090673064,1.255072228,1.083481001,0.676573209,4.153831273,1.468003884,0.955678201
12/7/2018,0.10309168,617.1782021,26.53809053,203348397,87536259163,0.232301904,59.75,36340000,23048.5,53.21107101,38.8717804,5.900000095,0.006658347,-0.012217824,-0.000713488,0.011633428,0.018710843,,0.00630594,0.005903504,-0.003825439,-0.000556155,0.026442308,0.00759356,0.015292135,-0.001680562,0.003076639,0.010381154,0.010817014,-0.000834199,-0.000102895,-0.006565266,0.006772635,29.57072588,31.81150539,30.38191013,27.65794062,30.61131222,,29.99980269,33.02797099,29.80425541,28.62473006,27.77781247,33.2679419,28.39734941,32.09937669,30.86917625,33.36623174,34.2816446,30.6964412,32.36728271,28.16062313,34.40416866,0.703511817,0.76990866,1.301424555,0.965165526,0.753940756,,2.230635592,1.167483989,0.780972761,1.366442758,2.364490634,1.653787314,0.635756934,1.157372683,1.091933562,1.269151805,1.092929782,0.677178564,4.151384476,1.442811266,0.961807092
12/10/2018,-0.007655167,617.2129839,26.55684529,217083825,87565070309,0.247911438,62.18,36440000,23049.5,52.90436935,38.76448059,5.900000095,-0.021339612,-0.009194041,-0.00048306,0.003058104,0.027796646,,0.003594385,0.001182683,0.003823026,0.004358974,0.004,-0.000880096,0.001597987,0.001222624,-0.011182032,-0.003577523,-0.006681175,-0.000679294,-0.015546624,0.017818338,-0.006544479,29.57265488,31.81568489,30.37334218,27.663765,30.60080871,,30.00068907,33.04014158,29.82023039,28.62757766,27.78181847,33.2670487,28.3992826,32.10092586,30.88153384,33.37419949,34.27500438,30.695506,32.34767144,28.17610565,34.39899311,0.690817184,0.767281658,1.296813088,0.969139571,0.773553061,,2.238538795,1.176555916,0.77950523,1.371523187,2.383406559,1.687588947,0.638080951,1.159326565,1.081078535,1.273171976,1.08573557,0.676766958,4.074220519,1.478779232,0.954961783
12/11/2018,0.018673169,617.1895375,26.57166187,187031404,87565070309,0.213591337,60.33,36420000,23054,51.76145935,37.98003006,6.289999962,0.005927692,0.018434454,-0.002376281,0.006060606,0.00458459,,0.0006,-0.00246609,-0.00605306,0.012970985,0,-0.002254319,0.003047832,-0.003621542,-0.014196901,-0.002798538,-0.001539673,-0.004146376,0.007731558,0.002431118,-0.003662888,29.57761096,31.80816171,30.36713076,27.67531299,30.6003355,,30.00078185,33.02649176,29.82010221,28.63866682,27.78181847,33.27419146,28.39896864,32.08894536,30.87338771,33.37410478,34.27251589,30.68911209,32.34249268,28.17812274,34.40128312,0.698349541,0.772102577,1.293046392,0.977087661,0.779978252,,2.238893697,1.17369456,0.77944573,1.391253834,2.383406559,1.650616556,0.637966229,1.152144096,1.065748712,1.269023373,1.081711828,0.674301382,4.116393674,1.484492676,0.952004542
12/12/2018,0.012941985,617.2884138,26.61104205,223189347,87565070309,0.254883992,60.9,36370000,23054,52.82246017,38.61367035,5.940000057,0.008310806,0.001276045,-0.003305125,0.0125,-0.011141738,,0.003118975,0.009624899,0.001912774,0.008724689,-0.034756098,0.002909731,-0.004276958,0.000118605,-0.004205873,0.009456638,0.00898947,0.007886726,-0.004095981,-0.005197133,0.005091533,29.57904612,31.81273971,30.37968664,27.71083731,30.60397046,,30.00245334,33.03626763,29.84856297,28.64677729,27.74671381,33.2766107,28.39713483,32.08671167,30.87346508,33.3751666,34.28923935,30.69744762,32.34817848,28.17285185,34.40455238,0.700724066,0.770122006,1.294408673,0.999726182,0.768801753,,2.244363289,1.183172269,0.781894134,1.404167026,2.383406559,1.655825131,0.635045915,1.155073842,1.056770209,1.278585601,1.094541757,0.679563713,4.092620681,1.477091931,0.955137313
12/13/2018,-0.014505415,617.2569296,26.58886428,186190619,87565070309,0.212631153,60.51,36310000,23053,54.0945816,39.21868896,6.079999924,-0.011590986,0.006392777,0.008457273,0.008547009,0.00657555,,-0.013299108,0.00642708,-0.003335433,0.004496634,-0.011795544,-0.004278766,-0.001108541,0.001555896,0.011257053,-0.001248914,-0.002634319,-0.004811417,0.005225647,-0.020759577,0.00142227,29.58247747,31.80984402,30.38569259,27.71471202,30.60840798,,29.9846074,33.03824589,29.84410846,28.66146675,27.73536712,33.27227439,28.39060207,32.09095793,30.87030146,33.38081076,34.28272611,30.69515639,32.35038361,28.15302991,34.40575731,0.701033184,0.774665061,1.300124796,1.004905976,0.774429357,,2.206929073,1.19196169,0.779783183,1.411816972,2.383406559,1.647040862,0.631381688,1.159747885,1.069208773,1.282292971,1.090185094,0.674336734,4.109929834,1.440497495,0.95518709
12/14/2018,-0.092028534,617.1138854,26.47702882,221008918,87565070309,0.252393925,61.07,36310000,23055.5,53.08008957,38.69850159,6.079999924,-0.012014883,-0.016435645,-0.011523895,-0.00280112,-0.002344108,,-0.002002512,-0.006902121,-0.003982403,0.000238873,-0.034899329,-0.000873008,0.012774198,-0.000460662,-0.00797955,-0.006332365,-0.009643285,0.008125875,-0.004162236,0.009915014,-0.000725372,29.5769136,31.79365206,30.38199093,27.70917773,30.59958353,,29.96134087,33.02360288,29.83732944,28.64912822,27.70184549,33.26923697,28.40544486,32.09106538,30.86813216,33.37374973,34.2679968,30.69811551,32.3400102,28.16459796,34.40097107,0.693567299,0.761773912,1.293651411,1.000931931,0.771817102,,2.165174192,1.18679388,0.77283866,1.409822164,2.383406559,1.643479014,0.636881592,1.160308044,1.065363119,1.272861146,1.079089234,0.68139991,4.09902246,1.446403049,0.952444138
12/17/2018,-0.150064957,616.8179869,26.21163258,264954439,87740395736,0.301975432,60.26,36340000,23058,51.11746979,37.56256866,6.260000229,0.00575314,-0.01458888,-0.003225317,0.005649718,-0.012792494,,-0.023938199,-0.007617242,0.000734423,0.00351988,0,-0.008187521,-0.007500896,-0.002013261,-0.027053612,-0.009953938,-0.020285432,-0.001357473,-0.01446422,-0.003611111,-0.009132521,29.56977008,31.7441531,30.3706089,27.72021584,30.57438141,,29.93796623,33.00015486,29.82256123,28.63936568,27.70184549,33.26099379,28.39967381,32.08317022,30.8434423,33.35476172,34.24393871,30.68210098,32.32115173,28.16062313,34.38710772,0.69319261,0.743469803,1.290846669,1.008880021,0.758907127,,2.113092476,1.170710449,0.775148709,1.416571182,2.383406559,1.611617358,0.632554148,1.159309126,1.035079438,1.255908047,1.056393333,0.679231738,4.042988476,1.442811266,0.941514048
12/18/2018,-0.141341407,616.6699046,26.01389573,196803168,87740395736,0.224301664,59.04,36370000,23060.5,48.95447922,36.56142044,6.019999981,0.005715941,-0.009050471,0.001432674,-0.003611111,-0.016334515,,-0.01564924,-0.004848683,-0.005740837,-0.022742362,0,-0.006567158,-0.00279572,-0.001339448,-0.015622914,-0.009962033,-0.012728969,-0.007765914,0.00069507,-0.008772246,-0.005653473,29.57045436,31.74024055,30.36558733,27.7235916,30.54931611,,29.91220115,33.00403836,29.80715509,28.62701929,27.70184549,33.25305784,28.39315328,32.08062208,30.84269781,33.33979261,34.2400374,30.67392154,32.31309677,28.15020806,34.38186791,0.697191421,0.738146926,1.300863997,1.00933238,0.740743234,,2.069201733,1.16198591,0.766727061,1.375879729,2.383406559,1.58493928,0.62786698,1.155369811,1.018994949,1.242467695,1.042274761,0.673809713,4.051843451,1.437512358,0.935337782
12/19/2018,-0.020556818,616.5545397,25.97334453,211512644,87744136729,0.241056157,56.61,36330000,23059.5,48.85158157,36.29188156,5.96999979,-0.015902794,-0.00971617,-0.000370311,0.000868385,0.002535442,,0.017597141,-0.003964194,-0.005638781,0.01037144,-0.001587302,-0.001243318,-0.004445206,0.000742008,-0.002931879,-0.00550036,-0.003821592,-0.003806545,0.000321554,0.009763296,-0.003827633,29.56057948,31.72260128,30.3725336,27.72313629,30.55261378,,29.89132582,32.99128792,29.77682298,28.62598732,27.70011164,33.24793801,28.38606464,32.08384427,30.83918241,33.32819323,34.22790672,30.66669646,32.31579462,28.16130606,34.38061318,0.68850697,0.728167866,1.297831815,1.00940087,0.74429775,,2.056301517,1.157148723,0.764142651,1.3949163,2.375840189,1.595689817,0.621703088,1.153119304,1.024779524,1.23476209,1.034577798,0.669923784,4.044177365,1.444715554,0.93334156
12/20/2018,-0.083780528,616.4884053,25.89309402,166026975,87744136729,0.189217173,56.65,36300000,23059.5,48.05434036,36.25336838,5.46999979,-0.013066123,-0.006000905,0.00140578,0.005649718,9.52577E-05,,-0.001476589,0.001156908,-7.98577E-05,-0.015845041,-0.036299069,-0.000906697,-0.005642564,0.000298476,-0.001033795,-0.006705331,-3.53945E-05,0.00286757,-0.003414408,-0.00877193,0.004023466,29.54982193,31.72369972,30.38071123,27.72568954,30.55231032,,29.87602095,33.009249,29.78518108,28.62073877,27.66607032,33.23909376,28.37958845,32.08767671,30.83373679,33.31336791,34.23048133,30.67295123,32.31083964,28.15089852,34.38027811,0.674213112,0.724927764,1.301823745,1.012854066,0.74546208,,2.033353639,1.164418235,0.765453793,1.36317904,2.364490634,1.605751539,0.617114075,1.153451722,1.025205036,1.221643553,1.03797062,0.67274999,4.032288886,1.439416839,0.937325656
12/21/2018,-0.029660743,616.4421371,25.83113115,211778156,87766806729,0.241296412,55.15,36370000,23059.5,44.4458313,34.66614914,5.909999847,0.011260054,0.000482659,0.010427549,-0.008849545,-0.00760665,,-0.000798441,-0.001642981,-0.001089631,0.009128032,-0.032429721,-0.000906556,0.009245637,-0.001135239,-0.010877784,0.000204585,-0.00250904,-0.001181555,-0.004515392,-0.001071429,0.004204703,29.55921309,31.74368074,30.39373909,27.70799838,30.55844853,,29.87518982,32.9942385,29.78251589,28.63120769,27.63779209,33.23925687,28.39305364,32.08974116,30.81048047,33.2883456,34.2351534,30.67299652,32.30739129,28.15307535,34.36861899,0.687542069,0.728192092,1.306506964,1.000087904,0.739236225,,2.032850061,1.160099083,0.763776979,1.362869416,2.375840189,1.601789253,0.615210706,1.153019464,1.01349611,1.208694683,1.039533096,0.670973785,4.008069876,1.421861777,0.941481418
12/24/2018,-0.10113356,616.3095411,25.68269017,219681093,87767396736,0.250299201,53.84,36350000,23062,42.72499847,34.28570938,6.059999943,0.002667797,0.002070469,0.001086253,0.022222222,-0.011651579,,-0.019075432,-0.003689194,-0.003964781,-0.032762197,-0.023840309,-0.00592555,-0.014243058,-0.007096898,-0.001734504,0.000184693,-0.011832301,0.001212112,-0.00870214,0.017484187,-0.003543349,29.56084308,31.73556622,30.39427641,27.71832688,30.54948987,,29.87452175,32.97104152,29.73875012,28.61498416,27.61547955,33.23948082,28.37596083,32.09089208,30.78676388,33.30425872,34.21763352,30.67507097,32.30724191,28.16604057,34.37291821,0.689909892,0.725153862,1.304560388,1.013900688,0.735242792,,2.031061671,1.157770886,0.757707245,1.313207052,2.345574709,1.580064233,0.60412931,1.146483692,1.013914285,1.214619773,1.023373287,0.67323634,3.945184605,1.465803092,0.94179237
12/25/2018,-0.202959538,616.0489002,25.3474621,265568078,87767396736,0.302581696,50.74,36380000,23062,40.12118149,32.59172821,6.059999943,0.003208783,-0.009992703,-0.011805293,-0.022135417,-0.009955357,,0.009672772,-0.006565189,-0.014027312,-0.022144342,0.008064516,-0.009104022,-0.005756021,-0.007912053,-0.02493236,-0.016538464,-0.015989502,-0.01120131,-0.020721975,-0.003267974,-0.011856316,29.5551507,31.71340406,30.38300426,27.70734929,30.53826857,,29.82130669,32.94412362,29.69462763,28.60673859,27.62487829,33.23667791,28.36853088,32.08338931,30.80604299,33.30240094,34.19870677,30.65057121,32.28487215,28.16331746,34.36553886,0.692478019,0.715396688,1.292971151,0.999224605,0.728326018,,1.950705421,1.149059282,0.746273612,1.280600119,2.383406559,1.552530619,0.595606603,1.136340072,0.989393249,1.198513296,1.007872449,0.662593048,3.875751302,1.458185166,0.932234818
12/26/2018,0.06345219,616.0466949,25.41658869,158417547,87777498788,0.18047626,50.41,36310000,23064.5,40.44021988,32.93109894,5.800000191,0.001612604,0.019589696,0.013389614,-0.004425003,0.015861133,,0.010739452,0.002748585,0.005320072,0.009123019,-0.003968254,-0.00074151,-0.00294561,-0.001892109,0.002774454,-0.003286129,0.002099064,0.006013951,0.009126153,-0.01684404,-0.000842951,29.55298547,31.71334687,30.38819338,27.70072471,30.53759851,,29.86756155,32.92134085,29.70586326,28.61213013,27.62018996,33.23865408,28.36527389,32.09087285,30.79014708,33.29595337,34.19382207,30.65087252,32.29374566,28.1528212,34.35459746,0.692176693,0.727683447,1.306163036,0.994105913,0.735816221,,2.020455153,1.147991127,0.752744793,1.300447703,2.364490634,1.548317213,0.59611941,1.133396375,1.003600023,1.193179233,1.007020071,0.668525889,3.894922942,1.401519115,0.927913694
12/27/2018,0.104973143,616.2237304,25.55614097,174363178,87777487488,0.198642252,54.32,36370000,23069.5,41.52463913,33.75733948,5.980000019,-0.008721858,0.011965349,-0.00426702,-0.007002801,0.005933797,,0.012075226,0.007677147,0.004226717,-0.015294072,0.0024,0.009502143,0.012575382,0.01600552,-0.002435848,0.006745411,0.014636578,0.005798498,0.003184863,0.025986718,0.003981394,29.54917737,31.73086091,30.39126773,27.69745129,30.54517634,,29.89299015,32.94719891,29.73868259,28.60405493,27.62300559,33.24653054,28.37387207,32.11361215,30.77435793,33.2976417,34.20997681,30.66012623,32.28578276,28.1802151,34.36174925,0.68290137,0.733836117,1.308013622,0.989789418,0.738073423,,2.064859581,1.155306932,0.757887774,1.276422483,2.375840189,1.558083372,0.606795712,1.14555698,1.011501782,1.198284648,1.023022014,0.671187704,3.896597976,1.431161358,0.931018517
12/28/2018,-0.018638933,616.1896837,25.59279933,190059769,88801370975,0.214027967,53.1,36390000,23080,41.34244919,33.86970139,6.199999809,-0.004343083,-0.010169732,-0.005521489,0,0.002335281,,0.001315695,-0.00093387,-0.023481651,0.003461705,0.000796178,0.000166243,0.030168389,0.002201407,-0.007922802,-0.005042377,-0.002093231,-0.000316161,0.007645815,-0.004178273,-0.002726978,29.5403349,31.6751514,30.37773635,27.69745129,30.55577193,,29.89268521,32.91164895,29.71536151,28.61948349,27.62394238,33.28244617,28.3941778,32.13483662,30.79639841,33.27641419,34.20726233,30.66278135,32.28704975,28.17512234,34.36362737,0.678216118,0.720520946,1.295548966,0.989789418,0.744560384,,2.061997833,1.178616766,0.748885481,1.281479283,2.379623374,1.560312259,0.6200117,1.150640564,0.998936935,1.184206003,1.018091941,0.672347166,3.951245859,1.428512001,0.929256328
1/2/2019,-0.098765853,616.0472764,24.89197834,114038597,88804370975,0.128415523,53.1,36480000,23080,40.55466843,33.7071991,5.989999771,-0.005641449,-0.006544925,0.012181324,0.009402685,-0.015113024,,-0.013302394,0.006506192,0.004399536,0.011379343,-0.006745787,-0.007515914,-0.03302208,-0.009648212,-0.005238675,-0.018071529,-0.013511362,0.003997581,0.005528751,-0.011235955,-0.006569959,29.53502017,31.69951974,30.35959357,27.70083333,30.534119,,29.89981012,32.91322833,29.69796954,28.61487593,27.61596462,33.23826121,28.36686249,32.09094254,30.78872573,33.29653544,34.1955933,30.66402635,32.29437986,28.16141346,34.37960165,0.646956418,0.706036068,1.342188508,1.094398912,0.703966303,,2.798067379,1.166117279,0.758499814,1.320068227,2.325451929,0.986676403,0.652743716,1.111060515,0.984060179,1.01809472,0.925578885,0.683875547,3.529967842,1.282328341,0.85584136
1/3/2019,-0.168144996,615.81402,24.70629802,165617960,88804370975,0.186497532,53.1,36590000,23331.5,37.2649498,31.45224953,5.900000095,-0.004389196,-0.011678714,-0.004761483,-0.00122549,-0.009706874,,-0.004728357,-0.003759231,-0.003567623,-0.00222957,0,-0.006591027,-0.005597493,-0.011588404,-0.022121699,-0.023341082,-0.016492498,-0.006810936,-0.013979905,0,-0.015575415,29.51962211,31.68500774,30.35820148,27.69843353,30.52380103,,29.89929399,32.8951332,29.68133206,28.60983072,27.61596462,33.21973827,28.35987478,32.07549365,30.76373227,33.28626485,34.17525538,30.63950932,32.27841923,28.16141346,34.36769829,0.637064143,0.701182816,1.326079964,1.091508877,0.696633395,,2.791536722,1.154472133,0.754454156,1.316233378,2.325451929,0.97781647,0.648098012,1.096683778,0.981310362,0.995976734,0.91151209,0.677893789,3.499263467,1.282328341,0.840797465
1/4/2019,0.043042101,615.9089952,24.7308585,141876257,88824351046,0.159726759,55.68,36700000,23332,37.61700058,31.17416954,5.900000095,0.01196167,0.001898378,0.009515767,-0.001845018,0.003614275,,-0.003506404,0.003168597,0.007837903,-0.006420163,0.01809608,-0.00126968,0.02051295,0.000777987,-0.020841295,-0.006916956,-0.00229251,-0.001009306,0.006172004,0.005982906,-0.002395085,29.51730324,31.70752066,30.3696766,27.694823,30.52823688,,29.89956499,32.89547442,29.69919745,28.61194305,27.63113733,33.21703472,28.38097971,32.07916193,30.75185195,33.28768749,34.17829567,30.643007,32.27635797,28.1661831,34.37355804,0.640649406,0.704215475,1.330153134,1.087173824,0.696560402,,2.788989103,1.158432786,0.756611007,1.307330187,2.32942706,0.975061112,0.666929527,1.097777205,0.969588574,0.992778741,0.909774136,0.675167695,3.511432379,1.294070707,0.838736041
1/7/2019,0.1252548,616.0372638,24.88107721,163281994,88824351046,0.18382571,57.77,36670000,23332,39.57344818,32.84542847,5.900000095,0.010266312,-0.00389197,0.003901625,-0.002473717,-0.001431695,,0.025393049,0.010512704,0.008330358,0.007915084,-0.009840728,0.009680537,0.01737541,-0.003047673,0.009144667,0.01869217,0.005966923,0.007054625,0.006743124,-0.000679559,0.005643553,29.51401094,31.71225239,30.37563654,27.68998858,30.54417129,,29.89153497,32.91341016,29.71871428,28.61918161,27.62493457,33.21960284,28.40531267,32.06237652,30.75170482,33.3249164,34.18598309,30.65451569,32.28791889,28.16338892,34.37770862,0.639498179,0.700543407,1.335259637,1.081393754,0.699803019,,2.775978469,1.175365336,0.760903345,1.315092666,2.361228112,0.980369389,0.683053638,1.100327625,0.982171668,1.019427173,0.914847095,0.681772034,3.529693375,1.300675799,0.84367349
1/8/2019,-0.043905622,616.0723705,24.93534732,112010098,88825093838,0.126101863,57.48,36700000,23331,41.67800903,33.80171967,6.079999924,0.00589027,0.006151235,0.009474241,0,0.001474039,,-0.017838627,-0.002627502,-1.59483E-05,0.00489249,0.002626843,-0.003391559,-0.022948967,0.000157224,-0.007473716,-0.011038155,-0.002764474,0.00563241,-0.002645776,-0.009955666,0.000496017,29.51556185,31.69336002,30.37797135,27.68998858,30.54840078,,29.93843292,32.93060829,29.73935714,28.62329733,27.62648887,33.21932875,28.38384744,32.06972264,30.74822973,33.32260772,34.18341843,30.65538281,32.28273054,28.15089852,34.37273682,0.64307719,0.697232845,1.355029101,1.081393754,0.700819637,,2.883176313,1.17217813,0.762244784,1.323103709,2.353277849,0.977677986,0.664235777,1.10027501,0.955924762,1.009714432,0.910949139,0.685642563,3.520208633,1.297111173,0.842074537
1/9/2019,0.110958911,616.1678282,24.88966625,179019474,88825093838,0.201541553,59.49,36645000,23335,44.15977859,35.67525101,6.369999886,-0.007315305,-0.004246842,-0.002301702,0.013888889,0.006178286,,0.01392588,0.011412805,-0.003788972,-0.009753264,0.035032629,0.002115849,0.019362279,0.011602783,-0.007957643,0.011010762,0.006938753,-1.27382E-05,0.013476894,-0.00297619,0.004365759,29.51756801,31.69505535,30.37296464,27.69657353,30.55718519,,29.88403608,32.9498071,29.75399275,28.61673108,27.65533482,33.22273849,28.40729049,32.08330943,30.73466857,33.33199553,34.20181016,30.66136798,32.29674108,28.14740513,34.38125281,0.64243144,0.695189209,1.354649125,1.094239976,0.705020754,,2.765723658,1.186300071,0.764416778,1.309553372,2.357252981,0.980866126,0.675502546,1.106792924,0.929445114,1.023331001,0.918882957,0.684925781,3.553472101,1.295381277,0.846289063
1/10/2019,-0.015059635,616.2222712,25.00483127,138656731,89019450907,0.155760038,61,36670000,23332.5,44.5206604,36.00703049,6,-0.001605806,0.006711002,0.012138757,-0.02,-0.010209182,,-0.004290068,-0.005160461,0.00023377,0.016403236,-0.021384148,0.001012757,-0.003738326,-0.006588362,0.038111117,-0.004838659,-0.002040213,-0.006605643,0.001939662,-0.002994012,-0.002155054,29.5131401,31.71101655,30.37182435,27.68667977,30.5510821,,29.91307941,32.95959074,29.74919722,28.61796356,27.63802117,33.21717713,28.40175867,32.07746934,30.74987322,33.33539505,34.19784875,30.65515378,32.34775277,28.14389949,34.38434801,0.638208717,0.703567843,1.366186013,1.074970643,0.698745054,,2.827744087,1.182511426,0.764230281,1.332179605,2.377128638,0.979971293,0.673872212,1.101561839,0.967594627,1.021739114,0.916506622,0.682140832,3.556287132,1.29365138,0.846033908
1/11/2019,0.148816284,616.3313449,25.12884304,137266458,89019450858,0.154198275,61.4,36650000,23335,45.42176056,36.22169876,6.010000229,-0.000696884,-0.005769769,0.005158401,-0.009345794,0.008513324,,0.001137422,0.010409878,0.006097143,0.017557611,0.035406104,0.002307124,-0.002183243,0.00966748,0.024883813,-0.000366425,0.003675295,0.011403744,-0.000428133,0.02560241,0.005786785,29.51467303,31.71415126,30.36749219,27.66827831,30.55300564,,29.91696868,32.9614822,29.74365817,28.62257693,27.66721994,33.21550506,28.40556269,32.08692454,30.7636864,33.34893192,34.19774742,30.66124555,32.35588533,28.17331285,34.39303684,0.639756596,0.70385407,1.369938388,1.053295378,0.703780275,,2.839897858,1.196227445,0.764754259,1.358584809,2.38110377,0.981727954,0.672370616,1.110821635,0.995398737,1.03127534,0.92003856,0.690280406,3.556889381,1.308355502,0.850492058
1/14/2019,0.025031256,616.5022213,25.15477912,152747003,91026228808,0.167805483,60.34,36660000,23336,45.02119827,35.92837906,5.519999981,0.013538466,-0.007623145,-0.00373019,-0.00919258,0.004325304,,-0.008399479,-0.006677426,-0.007041573,0.016743393,0,0.002579404,0.01171307,0.002082491,0.01853376,0.002452123,-0.007784766,0.000343217,-0.002339056,0.008464661,-0.002956419,29.52530756,31.70683644,30.39222681,27.67322043,30.55970028,,29.90590741,33.1094858,29.72742476,28.62667957,27.66721994,33.21483907,28.41452456,32.08811403,30.74042542,33.35276776,34.20343508,30.66433322,32.35326715,28.18176664,34.39473934,0.649308917,0.69755854,1.367858226,1.053614711,0.707634453,,2.809436767,1.189674906,0.760584137,1.387945518,2.38110377,0.985677242,0.677866848,1.111629966,1.017296756,1.033220677,0.913836171,0.691444468,3.550979308,1.319337752,0.848769986
1/15/2019,0.114943569,616.6590458,25.26025218,133388737,91123510968,0.14638235,59.66,36600000,23343,47.39524078,37.48059082,6,0.014514158,0.007606154,0.018896706,0.016369048,-0.010279831,,-0.010175923,-0.006478349,-0.001772876,0.017652735,0.033911672,0.006325032,0.03116441,0.0046292,-0.005260455,0.011957751,0.005534803,0.006533459,0.006244308,-0.03786157,0.005433139,29.54077472,31.7139438,30.41016703,27.68058349,30.56449163,,29.90801684,33.11532609,29.74548333,28.63562652,27.69598506,33.21594235,28.44450175,32.08994694,30.74485333,33.35805411,34.21501915,30.6778307,32.35589789,28.13828676,34.40831435,0.658160114,0.704287995,1.380836399,1.067745555,0.702415813,,2.810996294,1.183868537,0.7642568,1.416114793,2.38110377,0.988783218,0.708489388,1.118007909,0.999319792,1.043046301,0.919703522,0.693540263,3.579635886,1.286889041,0.853050794
1/16/2019,-0.036553029,616.6018218,25.15979716,180858047,91123510968,0.198475723,59.66,36580000,23346.5,50.22834015,38.85017014,6.230000019,0.004789555,-0.003370879,-0.00929971,0,-0.000770437,,-0.002425019,0.005152877,0.007920684,0.032039833,-0.02995761,-0.006598075,-0.026265476,0.002057083,-0.008845316,0.005550023,0.002264192,-0.004336312,-0.002570682,0,-0.001887761,29.5394425,31.71715372,30.40216898,27.68058349,30.55861303,,29.89246127,33.11872004,29.7511471,28.65395197,27.66666504,33.21411128,28.4139025,32.10088078,30.75159361,33.34836769,34.21240791,30.67642532,32.3534768,28.13828676,34.411462,0.661424535,0.702186462,1.35538397,1.067745555,0.700420049,,2.770925091,1.187255749,0.763090023,1.469969737,2.333402192,0.982769867,0.686411597,1.12053906,1.004120438,1.043073204,0.921531111,0.688781623,3.562129985,1.286889041,0.851747874
1/17/2019,-0.136980251,616.4310289,25.01945374,137392375,91126005968,0.150771861,60.9,36515000,23345.5,49.04666901,38.17935181,4.730000019,-0.013185881,-0.003167758,0.006130404,-0.022066105,0.010395358,,-0.008619519,-0.008513406,-0.008138839,-0.032461861,-0.001703578,0.000783852,-0.008067417,-0.00588964,-0.018909949,-0.010709149,-0.002182356,-0.003605277,-0.003457168,-0.003030303,-0.000581659,29.53495862,31.70376696,30.39213444,27.67109098,30.54892176,,29.89122271,33.10471403,29.75421931,28.63506383,27.66475992,33.19949982,28.40341809,32.0958534,30.73622724,33.33963595,34.20944711,30.6585589,32.34794274,28.13474896,34.40484416,0.660667368,0.700335747,1.344159478,1.048636617,0.705047632,,2.766536479,1.179188971,0.760059734,1.413892148,2.325451929,0.981581858,0.689574236,1.11585916,1.004563615,1.03157363,0.92114131,0.687537076,3.550045844,1.285159144,0.848441767
1/18/2019,0.011263172,616.41948,25.04258982,153007286,91126005968,0.167907377,61.79,36670000,23349,46.85049057,36.62903976,5.940000057,0.018630678,-0.006398314,-0.001770435,0.02283105,0.005080536,,0.000126431,0.003894654,0.006824838,0.00630175,-0.026923077,0.002238463,-0.01310592,0.003139649,-0.02222259,0.005096066,-0.001032189,0.000593851,-0.003109998,0.011658904,-0.000591176,29.54644806,31.69784988,30.41105162,27.68113941,30.55408315,,29.87349237,33.10228272,29.7394257,28.64426474,27.64247935,33.19811348,28.38575546,32.10787236,30.72406115,33.35039399,34.20630024,30.66327392,32.33823363,28.14740513,34.40555363,0.667731605,0.69544113,1.342934362,1.06790595,0.713539328,,2.723452912,1.180446434,0.764247098,1.423422896,2.361228112,0.982997664,0.688171407,1.119535945,0.970011822,1.039157957,0.920354905,0.688256324,3.55082696,1.295381277,0.847545729
1/21/2019,-0.054841395,616.4459123,25.06891762,180738509,91130713942,0.198328863,62.83,36610000,23353,47.91513824,37.49023819,6.139999866,0.003744029,0.000520236,-0.003486178,0.007339804,0.024417387,,-0.012775374,-0.000530312,0.001819331,0.001612277,-0.03640955,-0.002075089,-0.002522147,0.001503201,-0.017346124,0.008456803,0.009881151,-0.002905045,-0.004244327,-0.034431138,0.002589671,29.55009221,31.71345934,30.41845302,27.67433643,30.57273017,,29.89327028,33.11477657,29.75386288,28.65441566,27.61052692,33.20356591,28.38291441,32.11001679,30.69027579,33.3500373,34.23282263,30.66529855,32.342469,28.10632868,34.40625974,0.67383802,0.699757374,1.344286861,1.064856978,0.732514964,,2.762608026,1.181416999,0.769592697,1.419169384,2.349302718,0.984789481,0.686622272,1.120020028,0.959787847,1.044732168,0.930442578,0.687508066,3.533417938,1.275487464,0.848765756
1/22/2019,0.035940366,616.4724946,25.19916746,160031259,91130713942,0.175606283,62.65,36470000,23357.5,49.01679993,37.77735138,6.139999866,-0.005333736,-0.008905939,0.000325898,0,-0.010335002,,0.00886724,-0.002307087,0.004983403,0.022013581,0.011844332,-0.001223265,-0.015752366,-0.007825274,0.001231567,0.003049883,-5.7396E-05,-0.004745142,-0.00361315,0.051018221,-0.007295404,29.54211107,31.68182283,30.41333938,27.67433643,30.56925472,,29.89477769,33.10826563,29.76036257,28.67291303,27.62452099,33.20092472,28.36302457,32.0920193,30.72620975,33.34917762,34.22492481,30.66612995,32.35273581,28.1540913,34.40155244,0.669139402,0.691098446,1.342459082,1.064856978,0.72761381,,2.772133266,1.178952075,0.774183149,1.449353327,2.404954559,0.984086277,0.668752968,1.11267371,0.978270907,1.048134955,0.93003694,0.684701494,3.52151561,1.352101131,0.84414937
1/23/2019,0.094885176,616.5431611,25.25795208,134446019,91130713942,0.147530962,61.66,36450000,23357.5,52.44007874,39.37329865,5.400000095,0.008785929,-0.009584572,-0.003604554,0.005464481,0.015000699,,-0.00349602,0.004270897,-0.007791114,0.017225279,0.038706699,-9.97621E-06,0.002646951,0.000240429,-0.000358245,0.006464516,0.007189809,0.001792377,0.013241041,-0.0055658,0.00426635,29.54640044,31.6760071,30.4155198,27.6770172,30.57089347,,29.88783808,33.11384237,29.75895658,28.69192432,27.65658719,33.2009303,28.36503163,32.0911739,30.73326138,33.34385135,34.2294989,30.67163172,32.35722195,28.15289484,34.40267855,0.672399768,0.685695806,1.341481685,1.069995467,0.73527574,,2.750993484,1.182372612,0.772163337,1.479196601,2.424830216,0.984037921,0.671166284,1.113829548,0.976758123,1.053297471,0.936201552,0.682646411,3.562815716,1.315458631,0.847335705
1/24/2019,-0.016782755,616.5768089,25.17471312,120594001,91130713942,0.132330798,60.78,36490000,23355.5,52.52795029,39.03339005,5.429999828,-0.008080751,-0.009734543,0.002006488,0,-0.017003746,,-0.002687506,-0.004266203,0.000110557,-0.018150771,0.025799962,-0.00452455,0.011471873,-0.00767951,-0.003820775,0.016782511,0.000732751,0.003541064,-0.001690759,0,0.000411153,29.54640114,31.6757572,30.41497689,27.6770172,30.56802493,,29.88530846,33.10896537,29.76929207,28.67398508,27.67492799,33.19842535,28.38222726,32.09105283,30.73943045,33.34871205,34.23226882,30.67035154,32.36593499,28.15289484,34.40085447,0.67166879,0.681434719,1.336185163,1.069995467,0.722227947,,2.743877792,1.178773235,0.772509299,1.448182775,2.385078901,0.979013713,0.684748723,1.101869355,0.988757425,1.063201353,0.935934596,0.682903591,3.565843485,1.315458631,0.84704816
1/25/2019,0.049739704,616.6343051,25.29146761,126315281,91154324779,0.138572998,60.78,36570000,23358,51.27042007,38.25831985,6.28000021,0.014581476,-0.005565596,-0.002543435,0,-0.004446241,,-0.007944915,0.003734458,-0.001443663,0.015909008,0,0.002126609,0.023486879,-0.001920709,-0.002751722,0.004782154,0.002521262,0.003862113,0.0123325,-0.00545903,-0.001521443,29.55681121,31.68617943,30.4142267,27.6770172,30.56686271,,29.88569377,33.10772702,29.76738289,28.68937311,27.67492799,33.19885708,28.41184839,32.07563011,30.73644017,33.35176783,34.23272762,30.67201049,32.38457685,28.14733252,34.39691206,0.679894888,0.679899718,1.340357882,1.069995467,0.72027188,,2.743701317,1.184991023,0.776975243,1.474669754,2.385078901,0.980352003,0.708625202,1.10214864,0.988091737,1.067288777,0.938438712,0.68489561,3.610835417,1.308696292,0.846259143
1/28/2019,-0.020053726,616.6356314,25.22760518,137595216,91184046658,0.150898344,61.66,36710000,23347,51.27696991,38.50506973,6.070000172,-0.002714606,0.008526386,-0.00425671,0,0.012296402,,0.006990865,0.011848372,-0.003798348,0.00059952,0,0.000303849,-0.003676471,-0.001072901,-0.017153521,-0.005142596,-0.006628867,-0.00077135,-0.003767321,-0.011872827,0.000236396,29.5574383,31.68104386,30.41016333,27.6770172,30.56366337,,29.8684894,33.11364635,29.78527309,28.69082444,27.67492799,33.1997628,28.40616393,32.08671904,30.73415183,33.35840927,34.227778,30.66997893,32.38668745,28.13249497,34.41099788,0.681688973,0.685972253,1.338464218,1.069995467,0.727674996,,2.707721832,1.197324364,0.777179515,1.475766246,2.385078901,0.981097051,0.704130986,1.096857321,0.962805597,1.064734116,0.934706115,0.686344795,3.594064111,1.306756732,0.849241591
1/29/2019,-0.033331033,616.6602325,25.26216052,127160993,91184046658,0.139455308,60.15,36690000,23347,50.45817947,37.59294891,6.099999905,-1.5467E-05,-0.004778892,-0.002552893,-0.022849462,0.006791022,,0.016574185,0.005559026,-0.000324995,0.005443548,-0.029994824,0.000740518,0.011028137,0.006680003,-0.020756273,-0.00345686,-0.000324123,0.004397412,-0.004542659,-0.003257329,0.002308893,29.55106311,31.68092838,30.42474432,27.66557398,30.57451803,,29.88563998,33.1084126,29.78458885,28.69684136,27.6496993,33.19976609,28.41886859,32.10075665,30.71896333,33.36011273,34.23874292,30.67150483,32.38454383,28.12967884,34.41528479,0.678380265,0.685993138,1.340156394,1.04815689,0.736125808,,2.750472918,1.199985348,0.77995674,1.486200937,2.404954559,0.980102503,0.715588537,1.102429414,0.933224096,1.065006382,0.937652492,0.689145068,3.578992195,1.300046808,0.849590031
1/30/2019,0.023889086,616.7192931,25.30512466,140640699,91194346658,0.154220853,61.15,36820000,23352,50.43841934,37.80821991,6.349999905,-0.010453882,-0.003635593,-0.010679929,0.018759019,0.000712335,,-0.016535789,0.004055136,0.002077716,-0.015959231,0.034166667,-0.002579451,-0.000881064,0.002146515,-0.000657683,0.003442292,0.00064889,0.002496044,0.018617362,-0.001639344,-0.000210923,29.5409853,31.67707874,30.41867531,27.67433643,30.5870876,,29.89878751,33.11446826,29.79065846,28.67978761,27.67762308,33.19805781,28.42116953,32.10850651,30.72061898,33.3539486,34.24062098,30.67301517,32.40124142,28.12826779,34.41435802,0.67197132,0.683094924,1.333378967,1.064856978,0.736527562,,2.768202823,1.202849199,0.785243345,1.456678113,2.404954559,0.97966044,0.716182931,1.109407441,0.913876025,1.061578408,0.940551176,0.691078021,3.640657431,1.296691847,0.847683152
1/31/2019,0.042869282,616.7281171,25.33029436,142795402,91194346658,0.156583612,61.15,36880000,23352,50.2010498,37.63209152,6.070000172,0.002441751,-0.008636409,-0.000824852,0,-0.006894213,,0.010903948,-0.001109015,0.002096087,-0.005500047,0.036067096,0.002466895,-0.00573649,0.001909591,0.004708074,-0.001871359,-0.004263137,0.001368422,0.013782898,-0.000822368,0.002782411,29.5442785,31.68681269,30.4217737,27.67433643,30.58527096,,29.8898239,33.10504176,29.7913661,28.67354553,27.70909682,33.19288624,28.4150492,32.11560492,30.7256375,33.34636571,34.23541551,30.67286153,32.40834105,28.12756152,34.40704748,0.674045619,0.676604515,1.329502146,1.064856978,0.730951886,,2.754942872,1.198961392,0.786270964,1.447400993,2.420855085,0.984174226,0.710320548,1.113491058,0.922919614,1.058173362,0.933854038,0.69460961,3.683751945,1.295014366,0.849593143
2/1/2019,0.166707243,616.8067128,25.52542859,141055414,91194346658,0.154675612,61.85,37040000,23351.5,51.78348923,38.71974945,6,0.019856012,0.012644832,-0.003226771,0,0.006538346,,0.007929009,0.009430011,0.013008508,0.017266187,-0.003284072,0.007608569,0.004334869,0.00231866,0.01571826,-0.001112644,0.011454965,0.01012084,0.002282517,0.030307867,0.003511281,29.56404843,31.68117337,30.41326533,27.67433643,30.57371127,,29.9017468,33.10942665,29.79320908,28.69082444,27.70544169,33.19655278,28.4189207,32.12017104,30.73486729,33.34874859,34.24444871,30.6776673,32.41391356,28.1540913,34.39014803,0.686877158,0.682955393,1.315488638,1.064856978,0.732321349,,2.797486706,1.208217073,0.793494811,1.475766246,2.404954559,0.991476225,0.714385244,1.114197997,0.947163902,1.05665104,0.946211527,0.70277507,3.68871376,1.352101131,0.849333787
2/11/2019,0.089315421,616.9954502,25.57253742,138521014,91208062391,0.151873651,61.49,37075000,23366,52.59571838,39.08134842,6.050000191,0.003941893,0.012098496,0.004855319,0.005937369,-0.003861385,,0.005200236,-0.001640505,0.013156098,0.006562788,0.008264463,0.007610961,0.000245837,-0.005764275,0.00359562,0.012418047,0.020967355,0.004477119,0.00737,-0.0234375,0.007317483,29.570419,31.71811037,30.43010067,27.68180388,30.6033892,,29.88151252,33.13191915,29.80994828,28.68736332,27.7145546,33.20287788,28.42314973,32.09489875,30.74329238,33.36506467,34.26336615,30.70125264,32.42530856,28.13323459,34.41388385,0.683957862,0.693717129,1.318884324,1.074651311,0.7349077,,2.754162092,1.208629688,0.799164364,1.485907937,2.444705874,0.995835835,0.718705224,1.108404644,0.939141894,1.069375343,0.965558604,0.707090802,3.708806082,1.301776705,0.859154009
2/12/2019,0.105834211,617.1431551,25.73812181,202632336,91208062391,0.222164939,61.95,37060000,23371,54.60451889,39.79037094,6.190000057,-0.013442701,0.018315346,0.010049166,-0.02015873,0.019143436,,-0.009279257,0.011166367,-0.006604268,0.017923441,0,0.004101287,0.005101363,0.010244578,0.029551021,0.010250814,0.006504805,0.006954995,-8.49147E-05,0.00310559,0.002991876,29.56334344,31.72040719,30.43630093,27.67424266,30.60505267,,29.88574739,33.13621033,29.80586538,28.69817771,27.7145546,33.21843406,28.4331407,32.12190685,30.78163075,33.37789296,34.27193562,30.70593129,32.42407175,28.13677775,34.43153104,0.674706865,0.699396308,1.332632908,1.081876399,0.750874379,,2.751585834,1.220755984,0.797608881,1.52101242,2.444705874,0.998259236,0.72622572,1.115891559,0.970820871,1.080046172,0.971148841,0.716536611,3.718411629,1.303506602,0.862118714
2/13/2019,0.15347746,617.3615709,25.90710934,226963121,91208062391,0.248841073,63,37050000,23369,57.35905075,41.63431931,6.190000057,0.011197777,-0.008008879,0.003030106,0,0.014453408,,0.00644689,0.017056881,0.014724157,0.031464468,-0.005691057,0.010374469,0.018343304,0.008329982,-0.005661023,0.016040231,0.006614965,0.005183089,0.006354727,0,0.003223965,29.57166164,31.74363354,30.43387619,27.67424266,30.62015255,,29.89598328,33.15430349,29.83870564,28.72152301,27.70818429,33.22318687,28.4564577,32.12444394,30.79481929,33.39318844,34.28119068,30.72448212,32.43066765,28.13677775,34.43409017,0.68202063,0.702643914,1.339441688,1.081876399,0.763166187,,2.77922857,1.238797632,0.807892538,1.578524173,2.416879953,1.007120469,0.746743596,1.12210302,0.9555522,1.091003992,0.977876355,0.719833822,3.729773973,1.303506602,0.863123623
2/14/2019,0.005205263,617.3408941,25.95295774,192801982,91208062391,0.211386995,63.96,36900000,23369,57.53115082,41.71506119,6.190000057,0.002764717,-0.004364688,0.01559799,0,-0.01151095,,-0.00664703,0.003148556,-0.003196477,0.004524916,0.003560386,0.005940255,-0.011352195,-0.000773945,0.004047453,0.004916197,-0.001040013,-0.000403499,-0.002136271,-0.001639344,0.003769208,29.57250507,31.73633108,30.4312121,27.67424266,30.61222097,,29.89334453,33.15101735,29.82770961,28.73124635,27.71261083,33.22867151,28.4426965,32.11794191,30.79108583,33.4003625,34.2789217,30.72442094,32.42249576,28.13537669,34.45648016,0.684840474,0.698606793,1.347465908,1.081876399,0.753719185,,2.770572908,1.241160428,0.805906765,1.58612705,2.444705874,1.013164313,0.734085326,1.122249956,0.97341231,1.100706332,0.975187991,0.724489159,3.725762526,1.30015164,0.868766408
2/15/2019,-0.038032995,617.3174219,25.95103679,168480250,91208062378,0.184720786,64.61,36690000,23376,57.33047104,41.21622086,5.949999809,-0.012652866,0.008284498,0.003098985,-0.011631839,0.003232203,,-0.002295368,-0.001343741,-0.004056879,0.00104249,0.001626016,0.002558408,-0.000727388,-4.20342E-05,-0.00289233,-0.001427431,-0.004558736,0.001399477,-9.37335E-05,-0.019452567,0.001899839,29.56530077,31.73693002,30.43553181,27.67673024,30.6110883,,29.89027122,33.16003016,29.83189252,28.73196227,27.71442701,33.23244554,28.43943989,32.12730949,30.79574517,33.39953822,34.27584977,30.72312619,32.41050749,28.10981752,34.44947832,0.679472688,0.701521227,1.340588191,1.096326575,0.75459561,,2.763379382,1.241211747,0.799309079,1.587454207,2.452656137,1.017312971,0.731957889,1.127061884,0.970633498,1.099576914,0.971140989,0.725635813,3.718001505,1.303847392,0.869353096
2/18/2019,0.036124082,617.4737989,26.03575235,203880305,91208062356,0.223533205,66.22,36950000,23375,58.65237045,42.35385132,5.949999809,0.020087096,0.012913605,-0.004740919,0.034778681,0.001823706,,-0.005556171,0.001834097,0.007385116,-0.011859539,-0.029696587,-0.000535487,-0.003195842,0.008885611,0.0017324,0.005247861,0.003549072,0.004717233,-0.000334169,-0.012982549,0.002070869,29.57655477,31.77486861,30.44250385,27.72061778,30.61784599,,29.88480568,33.1891499,29.86426789,28.71954445,27.68912653,33.23975326,28.43120476,32.13053886,30.80613524,33.40934554,34.28070351,30.72867386,32.40900054,28.09709493,34.46206291,0.687977204,0.71487464,1.337205482,1.15509257,0.760476951,,2.743588639,1.248098041,0.805280928,1.56788178,2.476506926,1.018903243,0.726070205,1.138517342,0.97068135,1.10949803,0.973025796,0.726031884,3.719780635,1.284477738,0.871782972
2/19/2019,-0.11863521,617.3521669,25.94673668,244083558,91208062356,0.267611823,66.21,36900000,23372,56.63233948,41.61491013,5.949999809,-0.014466565,-0.013835365,-0.011207857,0,0.001360971,,0.006418695,-0.00408679,-0.01000246,0.002513801,-0.022856078,-0.001436627,6.69595E-05,-0.001829361,-0.017710206,0.001564491,-0.002549769,-0.00218678,-0.014533818,-0.007409619,-0.006448834,29.56457911,31.75306163,30.42768092,27.72061778,30.61880593,,29.8858379,33.17377039,29.84519051,28.71132885,27.6707703,33.23873445,28.43607927,32.13528036,30.79614644,33.41467257,34.27124903,30.72155612,32.38992795,28.08974604,34.48713132,0.677141386,0.705763408,1.326242482,1.15509257,0.762876052,,2.746315628,1.241314134,0.801762786,1.579862009,2.492407452,1.019416581,0.728692267,1.135386455,0.944873591,1.113683997,0.969579027,0.725773088,3.673685627,1.274360437,0.872507701
2/20/2019,-0.013137872,617.3726566,25.95010899,180204492,91228062356,0.197531864,66.51,37140000,23371,56.58398819,41.84508133,5.260000229,-0.000768173,0.00388781,0.00211096,0.002583979,-0.001096791,,-0.000199434,-0.000907753,0.00796189,-0.016002182,-0.001594896,0.001472604,-0.003077426,-0.001290989,-0.006379188,-0.008002557,0.008580152,-0.002158928,-0.007330296,0.010743802,-0.001670455,29.5676593,31.73831724,30.43037219,27.72189844,30.62740562,,29.90270726,33.16948968,29.84695412,28.70577134,27.66887299,33.24801473,28.43014373,32.13483046,30.78441514,33.41341353,34.28001294,30.71933603,32.38235664,28.09923958,34.50144565,0.680464626,0.705013645,1.329372208,1.157661814,0.764166027,,2.783927463,1.241742838,0.805478677,1.542023499,2.484457189,1.022103291,0.723968069,1.13441298,0.940283156,1.107896657,0.979137583,0.724066542,3.654946041,1.296167688,0.872818997
2/21/2019,-0.022058629,617.4733632,25.9152087,185360010,91228062356,0.203183105,67.01,37020000,23370,55.67573929,41.64714813,5.260000229,-0.009490168,0.003305917,0.004933039,0.002564103,-0.008085651,,-0.00125261,-0.009324371,0.003835059,-0.015521296,-0.0024,-0.003813934,-0.000972763,-0.000879212,0.00057435,0.002681312,0.001124152,-0.000518724,-0.001125612,0.009708738,0.002599043,29.55545512,31.7630189,30.43643336,27.72317746,30.6225695,,29.9001652,33.17606026,29.85394606,28.69833745,27.66602027,33.25697663,28.42956352,32.11884018,30.79311643,33.44807779,34.2843924,30.71891168,32.38651033,28.10792357,34.53386704,0.671792605,0.711684808,1.32945157,1.160231059,0.754511356,,2.777474861,1.231067027,0.807851007,1.50955239,2.472531794,1.017766403,0.723234102,1.130986884,0.950120997,1.126881226,0.981724551,0.719775797,3.642064926,1.316297459,0.880207883
2/22/2019,-0.02240348,617.5123736,25.90620098,224466019,91258062248,0.245968426,67.01,36920000,23371.5,56.25500107,41.70883942,5.699999809,0.004135475,-0.008652565,-0.012966088,-0.006227401,-0.002544737,,0.006244972,-0.003770689,-0.006120056,0.001690649,-4.33361E-08,0.00258175,0.013250373,0.006621066,0.000689534,-0.008794458,0.004292469,-0.00745219,0.005518021,-0.007936508,-0.002963053,29.55412722,31.76570197,30.42886599,27.70674162,30.62975287,,29.90257693,33.18546269,29.85237533,28.709216,27.66602022,33.25929183,28.44843036,32.1298151,30.80045298,33.44422479,34.29763446,30.7103788,32.39919009,28.10069216,34.52142219,0.670312814,0.706022642,1.324925666,1.141125039,0.753962581,,2.789554253,1.230177153,0.801175792,1.504213417,2.47253158,1.018341489,0.729526003,1.146572488,0.952425371,1.12277313,0.987057065,0.711150736,3.667005266,1.29952265,0.877825849
2/25/2019,0.067898332,617.6075283,25.89794359,238471982,91258062248,0.26131607,66.78,37000000,23374,57.00603867,42.48934937,5.610000134,0.001550606,0.001637748,-0.011696261,0,-0.00042354,,0.007497369,0.003276379,-0.00369794,0.018065995,0.032490163,0.006086072,0.01496991,0.008536699,0.00216764,0.015689892,0.008435877,0.002211009,0.000538678,-0.042258065,0.002820101,29.556638,31.76766975,30.4306438,27.70674162,30.634277,,29.89157169,33.18807351,29.85083318,28.72593419,27.69186395,33.26620474,28.46732352,32.15574776,30.80631717,33.46513134,34.3073034,30.7114422,32.40909359,28.05983784,34.51488002,0.667634492,0.710094722,1.315103158,1.141125039,0.752869434,,2.768126617,1.233470332,0.80290876,1.534136492,2.468362049,1.020984233,0.728592499,1.166485679,0.953686812,1.139526026,0.997099011,0.713116747,3.679486592,1.227233725,0.877901173
2/26/2019,0.063603327,617.5836117,25.82588502,284857930,91273308248,0.312093355,64.68,36970000,23373.5,57.18582153,42.3359108,5.5,0.001244227,-0.006631562,-0.003949656,0.022727273,0.001283955,,-0.007945354,0.010935937,0.017673158,0.020995858,0.026055743,0.003489905,0.005431276,0.001384208,0.001281713,0.001822752,-0.003205414,-0.005859127,-0.003699849,-0.022460708,0.003028991,29.56216517,31.74109897,30.45230184,27.71808068,30.62951657,,29.88937329,33.1762881,29.844088,28.74011881,27.71168958,33.26607063,28.47488854,32.1569397,30.80495575,33.44082316,34.29842159,30.71528674,32.40538666,28.04079666,34.51532124,0.671172346,0.701307334,1.319076679,1.141125039,0.753882161,,2.753426421,1.242318128,0.812470451,1.57488633,2.435005806,1.025508283,0.727693655,1.167502161,0.952585843,1.131087309,0.992253516,0.709102206,3.660056487,1.178639195,0.876785671
2/27/2019,-0.048986126,617.5666515,25.83413541,292321456,91308207759,0.32014806,65.67,36980000,23372.5,57.10559082,42.37710953,5.46999979,-0.000390076,-0.009006562,-0.016715778,-0.00624112,0.003452364,,-0.001353844,0.00944291,0.010848291,-0.034023094,-0.037882136,0.002555338,-0.016571477,0.004222922,-0.006587363,0.00198191,0.001202449,-0.001621151,0.009076915,0.034545455,0.00407792,29.56175539,31.73557453,30.45552814,27.71505104,30.62921634,,29.89697296,33.18543827,29.84154292,28.71680011,27.67675948,33.26779152,28.44615844,32.15897713,30.80561756,33.45019271,34.29299033,30.72050651,32.41464822,28.06965744,34.52547243,0.67156348,0.692726401,1.315859665,1.127559444,0.75761787,,2.772164081,1.253453573,0.818611833,1.508785513,2.418327684,1.02862444,0.708388431,1.182329162,0.936438563,1.137324249,0.992672462,0.705592816,3.683084227,1.242383469,0.880628052
2/28/2019,0.006016123,617.4184609,25.74207192,241780922,91308207759,0.264796482,66.06,36920000,23376,53.53155899,40.70661163,5.46999979,-0.001359548,0.003929979,-0.008134107,0.027552553,-0.010062389,,-0.004303193,-0.003412262,-0.002758525,-0.028929852,0.028909856,-0.001571417,0.013879113,0.001561161,0.009114465,-0.007003273,-0.011657265,-0.006069479,-0.011926929,0.029773396,-0.011516162,29.56023255,31.73264048,30.42924677,27.72509121,30.61054856,,29.89933082,33.17898366,29.83850162,28.70005313,27.70040235,33.24599349,28.4655253,32.16145884,30.80022227,33.41951324,34.27023096,30.70797375,32.3884829,28.09513845,34.48889058,0.671604908,0.694902128,1.300227046,1.131186844,0.748742815,,2.769739493,1.248769621,0.817170779,1.457382112,2.405819092,1.022755976,0.730097668,1.180426983,0.959043896,1.113671366,0.978906779,0.69868901,3.643431408,1.303585312,0.865918682
3/1/2019,0.162389996,617.6844017,25.99567199,172385268,91308207759,0.188794931,65.98,36840000,23376,53.51522827,41.03792191,5.78000021,0.023638368,0.010295576,0.004420217,0.007217848,0.017951406,,-0.009439369,-0.002987909,0.005598491,0.039927192,-0.032215161,0.01083497,0.021715305,0.0102641,0.007975801,0.012589382,0.0081829,0.003591026,0.005987744,0.008474576,0.008367532,29.5733835,31.76771069,30.45077322,27.7291881,30.62021604,,29.91754869,33.19640822,29.86286092,28.72882242,27.67204278,33.25719636,28.49207208,32.16802631,30.81408196,33.42255543,34.2830254,30.70974375,32.40498509,28.1043144,34.50944638,0.682506637,0.701645895,1.301867502,1.131186844,0.759892103,,2.815797086,1.247638611,0.82184526,1.522281049,2.418327684,1.035498807,0.754413026,1.183641821,0.962211086,1.123890502,0.988114156,0.703611128,3.658999624,1.307910054,0.874393116
3/4/2019,0.174054064,617.8726055,26.05588396,249679170,91315507621,0.273424719,65.48,36590000,23384,54.48764038,42.03369904,5.760000229,0.009764235,0.018735457,0.002730048,0.015828902,0.020853475,,-0.014661193,0.000927426,0.003350447,0.028456724,0.026932792,0.00560557,0.005409688,0.016565156,0.018362827,0.001853229,0.009913696,0.010946479,0.014920479,-0.035,0.012558624,29.57806045,31.79687704,30.45873515,27.74127632,30.63226336,,29.86063972,33.21219571,29.89568743,28.74713196,27.6971867,33.26377445,28.49773999,32.18650011,30.82646749,33.43060774,34.29902975,30.72174696,32.43105997,28.06918491,34.52644032,0.689150872,0.713562123,1.299368781,1.151977543,0.777355916,,2.694983779,1.251611433,0.816931694,1.568586639,2.460022989,1.039406743,0.760275409,1.201210296,0.957107611,1.125465034,1.001157773,0.706818019,3.697997049,1.258188497,0.884705759
3/5/2019,0.051360891,617.8278561,25.98431077,308492225,91315609621,0.337830768,65.5,36505000,23388,53.64690018,41.28686142,5.46999979,0.008485655,0.012505043,0.001247622,-0.011622919,0.008499613,,-0.019522037,0.005145926,0.009480094,-0.01057234,0.004237288,0.001504203,0.000602132,0.006601016,0.029657065,-0.005047321,0.002687219,0.005577844,-0.003068238,0,0.004963026,29.59202968,31.78141014,30.45030261,27.7352213,30.63396919,,29.80555014,33.22354917,29.89386288,28.74292465,27.70201594,33.26626743,28.49943402,32.19811693,30.84080499,33.42651879,34.3039588,30.72134775,32.4243338,28.06918491,34.51705302,0.697056805,0.716278592,1.297043108,1.141125055,0.786435324,,2.577710856,1.261046089,0.820202061,1.551797819,2.480870641,1.035836309,0.759476334,1.20311275,0.988410307,1.119317292,1.00436476,0.714389142,3.687579678,1.258188497,0.884069351
3/6/2019,0.058396358,617.8455608,25.94230507,253717040,91315609621,0.277846297,65.46,36545000,23389,54.41780853,41.9188118,5.460000038,-0.003151359,0.014266811,0.024405118,0.006934981,-0.004994986,,-0.005145536,0.00392225,0.011509845,-0.002272492,-0.033026114,0.003984596,0.019048081,0.009787062,0.004711076,0.001223434,0.003184653,-0.00044493,-0.000155742,-0.003436426,0.008046033,29.59018254,31.8148743,30.44872023,27.73454053,30.62558477,,29.75695655,33.22407901,29.92859974,28.75498591,27.67342628,33.26704204,28.5246744,32.19716457,30.84228869,33.42518615,34.3030912,30.72083291,32.426907,28.06539351,34.52103045,0.698451574,0.727104334,1.311881796,1.142039333,0.779102528,,2.487928211,1.262270787,0.829077894,1.550719804,2.480870641,1.039962807,0.762073095,1.211972653,0.993040343,1.113473458,1.00524685,0.713620455,3.689844642,1.2564586,0.887165265
3/7/2019,0.071855634,617.8260164,25.89660519,241799124,91315609621,0.264794951,66.48,36535000,23389,54.32482147,42.14860153,5.28000021,-0.005593624,0.013850089,-0.002181359,0.013731535,-0.005111369,,-0.019380615,0.007819474,-0.013333915,0.016939048,0.019772778,-0.005280896,0.02197998,-0.003851261,-0.004609816,0.002239896,0.005213671,0.004625509,0.000580307,0.019031142,0.005415062,29.58422719,31.80733885,30.44566724,27.75121357,30.62655759,,29.70263494,33.21952153,29.91412865,28.76593659,27.69010767,33.2562231,28.55396018,32.18339839,30.83700169,33.41996705,34.30559915,30.72431812,32.42541257,28.08607054,34.52673175,0.697206527,0.729178817,1.305608967,1.157934527,0.774430634,,2.384073664,1.269320108,0.818082419,1.576783932,2.489209702,1.034458293,0.777527663,1.205479212,0.990760306,1.110028451,1.007801895,0.714839618,3.697190607,1.265973032,0.89071682
3/8/2019,-0.073221475,617.6708787,25.71401122,221066042,91315609621,0.242090091,66.48,36535000,23392,52.76089096,40.88999176,5.28000021,-0.011788845,-0.003996488,-0.00668505,0.006289308,0.00623096,,-0.016154606,0.004416295,0.002680363,-0.017673353,-0.001675042,-0.004143099,0.012807013,0.006056108,-0.011572963,-0.001460236,-0.009865427,-0.0065494,-0.008278021,-0.006666667,-0.005192327,29.57468704,31.7990835,30.43456108,27.75484283,30.62613151,,29.65231355,33.2045626,29.89932552,28.75968801,27.68815564,33.26079746,28.57349711,32.19510001,30.8196417,33.40766131,34.29334036,30.71741237,32.41086613,28.078601,34.52061001,0.689416908,0.72664521,1.297293661,1.157934527,0.779120331,,2.294152465,1.272093052,0.821333039,1.547201463,2.480870641,1.033392548,0.790111467,1.21266912,0.983687036,1.101653462,0.996901323,0.712218016,3.667539982,1.262513239,0.887263728
3/11/2019,-0.062434553,617.5387998,25.54615391,182993799,91273556631,0.200489392,66.48,36585000,23394.5,54.43342972,41.97861099,5.139999866,0.00672795,-0.010693004,0.001836586,1.01484E-07,0.019302454,,-0.017758258,-0.001602721,0.012549986,-0.007644446,-0.027964519,0.001738857,0.005062279,-0.004625439,-0.010947641,0.001639302,-0.005645402,0.003874463,0.001525844,-0.034301802,0.004490857,29.57699237,31.79715278,30.43270955,27.75484289,30.62408094,,29.60109154,33.19812452,29.90133838,28.75561738,27.66333948,33.26446197,28.57695874,32.18316967,30.80930911,33.40951611,34.28988761,30.72024557,32.41373572,28.04528875,34.52093675,0.69084548,0.721922915,1.298763758,1.157934527,0.788581096,,2.206995813,1.267602329,0.827724046,1.532505036,2.464192519,1.034092467,0.795578992,1.209043373,0.963743622,1.102002527,0.993069805,0.715373421,3.675614443,1.208676604,0.89189114
3/12/2019,0.148407086,617.7326133,25.69986585,233413561,91273556631,0.255729665,66.48,36560000,23393.5,56.22970963,43.29640961,5.639999866,0.006595061,-0.001087102,0.004410235,0.00991533,0.046298539,,-0.02060138,0.01423857,0.004861975,-0.009619415,0.028471028,0.005558605,0.004060475,-0.001967091,0.00304583,-0.005484575,0.015990768,0.004151422,0.00417906,0.025394046,0.009995707,29.58687149,31.82221323,30.4456377,27.76454841,30.66758577,,29.54978642,33.2129899,29.91739827,28.7499819,27.68874029,33.28113434,28.58693198,32.18788642,30.79408532,33.41140289,34.31901237,30.72841537,32.41457355,28.06729101,34.53612667,0.703504381,0.728513328,1.303002184,1.165159615,0.82311229,,2.122032167,1.283987359,0.836895652,1.513615193,2.497548763,1.043301574,0.820846368,1.209317479,0.968430517,1.098747081,1.010891272,0.717995614,3.693923177,1.257323549,0.901718289
3/13/2019,0.049319668,617.7048066,25.66277778,255019690,91273556631,0.279401504,66.84,36610000,23392.5,57.49647141,44.27043915,5.349999905,-0.004918098,-0.002898598,0.012947343,-0.027311543,0.012835145,,-0.012560943,0.000779736,-0.009768192,0.034122542,-0.000834725,0.00361147,0.009573402,0.013422383,-0.000982256,0.00113204,0.012773327,0.006011884,0.002233919,0,-0.000849168,29.58532719,31.81919092,30.44446267,27.74155614,30.66301062,,29.50680708,33.21271862,29.9052509,28.76692338,27.68776342,33.29028591,28.59616941,32.19855565,30.79737434,33.40951489,34.32800592,30.73770013,32.40811487,28.06729101,34.53878353,0.697545078,0.723855404,1.311523857,1.127559444,0.8290107,,2.058213242,1.284069037,0.829530201,1.552760075,2.493379232,1.048573658,0.808996532,1.222280153,0.969233619,1.100319669,1.024941282,0.722474981,3.699221879,1.257323549,0.901966182
3/14/2019,0.093480104,617.6947982,25.68245581,234233738,91273556631,0.256628258,67.9,36650000,23395.5,58.60195923,44.69060135,5.539999962,0.010260837,0.006964975,0.000671202,0.007086168,-0.007744194,,-0.018955455,0.005086275,-0.002294736,0.008170386,0.017491639,0.006196261,0.020649291,0.009627616,0.00389341,0.005060146,0.005252843,0.00636307,0.016503531,-0.013448276,0.006645117,29.59210308,31.8102171,30.44241082,27.744049,30.66327194,,29.45651071,33.2179586,29.90461099,28.76015193,27.70136026,33.28798094,28.62270116,32.20146907,30.79716566,33.40360737,34.33644346,30.74009217,32.4137765,28.05441208,34.54450532,0.70285,0.724931657,1.310509741,1.141125055,0.825347086,,1.984106705,1.288235543,0.83009925,1.563142654,2.480870641,1.050250103,0.836670492,1.2286935,0.971234465,1.100926518,1.033148623,0.726828291,3.739894328,1.235463882,0.908127274
3/15/2019,0.041887506,617.7227539,25.665629,263348618,91273556631,0.288526741,67.38,36555000,23398,57.19615936,43.75476837,5.380000114,0.009159486,0.007063768,-0.011434753,-0.013333333,0.002848181,,-0.030099708,-0.005642576,0.006047956,0.038173761,0.031609567,-0.000295894,0.005881685,0.002182075,-0.002691217,-0.000475846,0.001457983,-0.004587394,0.000390677,0.009389172,-0.003756084,29.59738809,31.82925617,30.43268633,27.73741755,30.66034172,,29.39991158,33.22357828,29.91171042,28.77519228,27.72819673,33.27976413,28.62469044,32.23872113,30.79173498,33.395897,34.33762446,30.73693184,32.41978403,28.06313545,34.53879128,0.708510408,0.733888778,1.302964022,1.127559444,0.831051685,,1.897854862,1.281345048,0.833027083,1.612838472,2.485040171,1.050735836,0.840744549,1.229762781,0.969436757,1.096313443,1.032929447,0.721959277,3.754791004,1.251426158,0.903449777
3/18/2019,0.032317998,617.7400668,25.81049721,243216936,91273556631,0.266470317,67.12,36575000,23395.5,58.00458908,44.53781891,4.900000095,0.00607524,-0.009337974,-0.012480735,0.008108108,0.017799475,,-0.010278138,0.001835564,0.001239945,0.00811334,-0.033943683,-0.001195596,-0.016635455,0.007680852,-0.008955251,0.011636364,0.007196846,0.002886757,0.022527577,0.022050854,0.007993908,29.60329559,31.83046207,30.42850072,27.73696319,30.66697705,,29.36200926,33.235018,29.92172965,28.78408918,27.69803592,33.26225353,28.60906008,32.25590653,30.78124085,33.40242205,34.34950902,30.74129759,32.435993,28.08448058,34.55082289,0.712949419,0.728843834,1.28812985,1.131186844,0.845425145,,1.849974049,1.285245897,0.848206841,1.626957148,2.489209702,1.046840585,0.824077328,1.244404541,0.965570876,1.105953498,1.038180701,0.723763748,3.864093518,1.282590594,0.908893096
3/19/2019,-0.074603612,617.5972275,25.65917784,258483554,91273556631,0.28319654,67.68,36595000,23399.5,56.75473022,43.69524002,4.829999924,-0.002991636,-0.008927004,-0.003191391,-0.02016129,-0.003367865,,-0.013879694,-0.003279289,-0.002998673,0.001213464,-0.005862647,-0.004106631,0.005784895,0.0103484,0.005755758,0.001474031,-0.007147083,0.00101667,-0.008432484,-0.01482061,-0.001030531,29.60104582,31.82433271,30.42914902,27.72692824,30.6560459,,29.32177397,33.22937615,29.91947709,28.78661087,27.69124135,33.2659212,28.60970197,32.23887793,30.78039119,33.39910191,34.33819993,30.73704376,32.42587125,28.07032738,34.54580986,0.706040593,0.72913392,1.286467264,1.110838428,0.841586526,,1.800491327,1.28285972,0.840554636,1.634234509,2.460022989,1.039438813,0.827087667,1.263419928,0.972520589,1.101803354,1.032279284,0.725571911,3.842078556,1.257375965,0.905371868
3/20/2019,0.01754734,617.5487374,25.61247556,319567849,91295540713,0.350036646,67.57,36585000,23398.5,57.64149094,44.11428833,4.670000076,-0.006144161,0.009522795,-0.013914792,0.007680615,-0.011480192,,0.022587092,0.007127715,-0.000667155,-0.000135577,0.003389831,-0.001952913,0.002178678,0.000312506,0.006365128,0.004370596,-0.004012619,-0.004261044,0.001872535,-0.00768404,0.002392341,29.59889731,31.828323,30.42410414,27.73136256,30.64940467,,29.28649005,33.22771305,29.90566208,28.8000625,27.69512961,33.2703182,28.61002352,32.2527599,30.77868583,33.39792883,34.33560421,30.73204767,32.42685426,28.06198474,34.53538124,0.702901268,0.731256278,1.275845519,1.112194989,0.83188773,,1.760265693,1.284693099,0.830933228,1.634583927,2.47670111,1.037677562,0.828095639,1.266074256,0.97722597,1.107405798,1.026209138,0.723457347,3.846894149,1.25223869,0.905934171
3/21/2019,-0.068240674,617.3731354,25.58856698,223648557,91295540713,0.244972049,68.6,36765000,23396,54.09199142,41.48571014,4.559999943,-0.002569174,-0.007005875,-0.011598034,0.016657053,-0.010789053,,0.017880329,-0.01140509,-0.01419154,0.006988781,0.000841751,-0.002690763,-0.002054649,-0.003565802,-0.008415181,-0.012754219,-0.012884515,-0.000793333,-0.006687679,0.006044454,-0.009248136,29.59001464,31.79365327,30.40761115,27.73829361,30.63740933,,29.32766999,33.19773686,29.85618094,28.79342234,27.69609932,33.26619493,28.60055487,32.29453691,30.76462364,33.38592921,34.31762054,30.71950547,32.41256033,28.06843564,34.50508236,0.697953716,0.721408943,1.259724906,1.133899967,0.816260922,,1.811369181,1.273764274,0.82474512,1.642300529,2.480870641,1.036193893,0.820944699,1.263906218,0.974525784,1.08956734,1.010320175,0.722199263,3.855981278,1.256511016,0.896119117
3/22/2019,-0.040910514,617.4603767,25.56301073,212807199,91295540713,0.233097036,67.74,36640000,23398,51.6187706,40.17142868,4.559999943,0.000265223,-0.010551229,0.006586121,-0.016,-0.016322344,,0.014067129,0.005028856,0.00861162,2.8798E-05,0,-0.000299331,0.000580046,-0.005577867,-0.019927753,-0.005282493,0.00286962,-0.004644366,0.002685364,-0.005154639,0.002126732,29.59335254,31.78541212,30.41241127,27.73028443,30.63686453,,29.36677266,33.20821439,29.86655757,28.80651279,27.69609932,33.27044592,28.60149314,32.30115861,30.76281337,33.38489735,34.32259171,30.71525442,32.41557187,28.06273886,34.52092986,0.695946804,0.7155385,1.264283438,1.117621233,0.808800172,,1.857641104,1.279551687,0.823738557,1.64900786,2.480870641,1.037403772,0.821843542,1.258340783,0.945947716,1.088170334,1.012009898,0.720874721,3.83288751,1.253916171,0.898616291
3/25/2019,-0.119505035,617.3257726,25.50832445,261491324,91295540713,0.286422888,66.5,36715000,23401.5,48.3350296,38.49523926,5.650000095,-0.007158338,-0.010816053,-0.008364993,0.02627451,-0.028953291,,0.007176609,-0.007543576,-0.023824202,0.010137621,-0.002521008,-0.012597625,-0.003955993,-0.015065893,0.001716178,-0.01181781,-0.006859415,-0.003997121,-0.011005766,0.003472222,-0.013801092,29.5829131,31.76870355,30.3866992,27.75222404,30.62011661,,29.40743042,33.19009558,29.83345899,28.81735815,27.69318737,33.25901055,28.58868524,32.27176686,30.81256438,33.37410979,34.30336018,30.70116509,32.40289904,28.06654031,34.49348415,0.694460603,0.708878288,1.250022764,1.152508283,0.785639225,,1.911324718,1.274846289,0.812154835,1.665897357,2.468362049,1.025975985,0.811405896,1.243232744,0.966728827,1.077634303,1.001138413,0.717622235,3.80214209,1.255646068,0.88270348
3/26/2019,0.023300342,617.4006808,25.56946617,178716334,91295540713,0.19575582,67.43,36800000,23400,47.04846954,37.90475845,5.760000229,-0.003616181,0.00304297,0.004805552,-0.010256628,0.013231726,,-0.025574019,0.004362017,0.007572342,0.019433145,0,0.000263116,0.015964816,0.000325248,0.000159819,-0.002302456,0.005092073,-0.007072415,-0.003904567,0.001724138,4.9647E-05,29.57756385,31.76383516,30.38041728,27.75136011,30.6280279,,29.42173146,33.18233098,29.85890979,28.83243749,27.69318737,33.26517484,28.61457406,32.26968899,30.81861367,33.37693898,34.30290643,30.69974966,32.40169038,28.06843564,34.49310674,0.691676764,0.708066926,1.250184561,1.14616776,0.794980543,,1.926041467,1.272804527,0.815896109,1.699117283,2.468362049,1.025504155,0.835774428,1.244102743,0.96393525,1.07860312,1.006961562,0.711119804,3.791015805,1.256511016,0.882640299
3/27/2019,0.153359271,617.4848187,25.70350891,159996704,91341540713,0.175163133,68.2,36740000,23406,47.74771881,38.79999924,5.199999809,0.006811178,0.006592201,-0.005334405,0,0.025894548,,-0.015966131,0.008066922,0.002004887,0.035646279,0.001689189,0.00400911,0.016260871,0.016076738,0.009397352,0.008904551,0.009975421,0.005488166,0.007844745,0.00918197,0.000815676,29.58358152,31.78154501,30.37762566,27.75136011,30.63827974,,29.37609904,33.18920385,29.86094295,28.85747479,27.69512961,33.26755615,28.63391361,32.28957393,30.8012527,33.38516739,34.31145429,30.70177468,32.408037,28.07664693,34.49819975,0.694467878,0.711240906,1.244796996,1.14616776,0.816821658,,1.865499924,1.283704963,0.820548841,1.748579985,2.47670111,1.025504676,0.847434087,1.256625825,0.972913639,1.084150784,1.018448893,0.716273858,3.812580243,1.274963306,0.886083576
3/28/2019,-0.01296123,617.455039,25.6693854,208163373,91341540713,0.227895623,67.69,36690000,23408.5,49.06319046,39.59999847,5.400000095,-0.004999296,-0.003306543,0.005392836,0.004120753,-0.004473632,,-0.010499295,0.008614314,0.003301162,0.016462935,-0.033489097,0.004790804,0.003497699,0.00481077,-0.00163298,0.005498446,0.001017105,-0.002643662,-0.003388075,-0.008196721,0.002161247,29.58125356,31.79261019,30.37789046,27.75316508,30.64174604,,29.33378623,33.19574463,29.86698071,28.87738975,27.66633952,33.2690329,28.63752053,32.27789279,30.7990799,33.38011959,34.31774037,30.70088773,32.40296929,28.06918491,34.51370477,0.692008357,0.712691776,1.250663917,1.151594004,0.816178691,,1.811119634,1.290524721,0.819210748,1.76533793,2.47670111,1.031304268,0.841207292,1.266541776,0.976915477,1.084192452,1.019009013,0.717304355,3.800995483,1.258188497,0.887695897
3/29/2019,0.064397741,617.4530395,25.68349274,169078154,91479685380,0.184825902,68.24,36470000,23409.5,48.8232193,39.44762039,4.599999905,0.001132819,0.005663598,0.010193387,0.011917316,-0.003412609,,0.003448202,-0.001103547,0.008571773,0.042600794,-0.003367003,-0.003792056,0.010467808,-0.001438876,-0.023639621,0.000977354,0.006583582,0.000949757,-0.005706459,-0.000987973,0.005339495,29.58246113,31.79118764,30.38571443,27.75791771,30.6470906,,29.30351133,33.19181065,29.87406429,28.90430996,27.66233746,33.26583231,28.65411535,32.26366303,30.79447718,33.37523163,34.32107842,30.70048187,32.39937823,28.06725168,34.51112459,0.694317493,0.71475951,1.264394499,1.173298982,0.813315571,,1.771805655,1.286212893,0.82047903,1.844731076,2.460022989,1.025738364,0.839969339,1.25996395,0.953396048,1.084736879,1.020694765,0.719238438,3.782539753,1.263981056,0.889896451
4/1/2019,-0.017508238,617.5414804,25.67750537,189592543,91479685380,0.207250978,68.39,36490000,23407.5,47.27677155,38.28570938,4.679999828,-0.006466723,0.004083749,-0.005649086,-0.000917962,0.000490956,,0.000679801,0.000299608,-0.003679215,-0.001101661,0.025029003,0.004796659,-0.008352838,-0.006787325,-0.017055611,0.001224605,-0.00073614,0.003168112,-0.004081424,-0.003305785,0.00085304,29.5753312,31.81633745,30.38406213,27.75646318,30.65180985,,29.31841156,33.20517477,29.89286168,28.91650971,27.68227658,33.26659656,28.64007486,32.25386146,30.78671546,33.40426506,34.32231222,30.6950438,32.39036778,28.06424539,34.51875975,0.688752846,0.720619662,1.254806403,1.174567086,0.812601921,,1.789490925,1.288098227,0.820457166,1.87222012,2.455853458,1.030616684,0.831779982,1.250708618,0.935645802,1.094208024,1.017003914,0.720406887,3.770799287,1.257271133,0.891597223
4/2/2019,0.022527836,617.5714806,25.62156763,245044575,91497447199,0.267815751,69.46,36440000,23407.5,46.71994019,38.05683899,4.369999886,0.003271914,0.008190588,0.000183757,0.001769912,0.004090565,,0.016745704,0.004507311,0.004929224,-0.046614991,0.032429191,-0.001898423,0.003134442,-0.003811033,0.00326119,-0.000369201,-0.008128321,-0.006455127,0.004611547,0.000144435,0.002535154,29.5856814,31.80573961,30.4004077,27.75985825,30.65649683,,29.31901523,33.20893027,29.89842935,28.87966152,27.70870551,33.25928754,28.64521582,32.26309968,30.79529247,33.40673394,34.31404907,30.69173259,32.3908827,28.06503723,34.51722388,0.694864247,0.727296941,1.265979583,1.178902139,0.816167778,,1.789988541,1.293163718,0.823560665,1.77794248,2.447514397,1.026145184,0.843169854,1.242937943,0.944309421,1.096077149,1.010285095,0.712731618,3.786798312,1.252291106,0.891441463
4/3/2019,0.079257392,617.6616563,25.63633133,228748173,91513447199,0.249961268,69.88,36410000,23411,45.82294846,37.55759811,5.539999962,0.005543252,-0.001442977,0.004748273,0.001173709,0.016567143,,0.028289961,0.009112088,-0.001261851,-0.031379306,0.033432392,0.005451589,0.016427362,0.003529624,-0.005212177,-0.004344475,-0.004829898,0.004140119,-0.002723788,0.001625946,0.000410405,29.58472987,31.81354534,30.40889188,27.76211525,30.67982459,,29.36218652,33.21367577,29.91772737,28.84771003,27.7375836,33.26166003,28.67035637,32.25960529,30.77457321,33.4029986,34.31441054,30.69002873,32.38409005,28.06614507,34.50979816,0.690444117,0.724094227,1.281374134,1.181792174,0.830273318,,1.850543162,1.304616599,0.821619159,1.704418281,2.447514397,1.03040782,0.871833065,1.246453567,0.919138415,1.091549989,1.005756512,0.715063317,3.772613343,1.258136081,0.88868965
4/4/2019,0.026918706,617.7166651,25.75741481,170712829,91513447199,0.186543983,69.5,36330000,23408.5,47.32474899,38.50597,5.400000095,0.006941499,-0.010511618,-0.011755121,-0.002525253,0.005699889,,0.008003459,0.002069396,0.015522324,-0.006215192,-0.028004631,0.007478327,-0.006721003,0.00974674,-0.001691801,0.019850647,0.00236575,0.006344571,0.001740554,0.00249584,0.006084327,29.59212553,31.81315842,30.38991274,27.76081617,30.6902621,,29.40377159,33.21577074,29.92291186,28.83262574,27.71309716,33.27113088,28.66667376,32.28120025,30.78499893,33.4021985,34.31821759,30.69378064,32.38478147,28.06839635,34.51083467,0.692839762,0.721358215,1.263463468,1.179079052,0.833941242,,1.903960973,1.304992916,0.832217732,1.692113224,2.480870641,1.036732975,0.868657851,1.258476622,0.919741848,1.105750065,1.009580779,0.720329928,3.776291342,1.263168524,0.893847657
4/5/2019,0.027085516,617.7808032,25.86555646,190468517,91513447199,0.208131726,69.31,36425000,23414,47.37406158,37.85332108,4.909999847,-0.002374096,0.003858757,0.012551413,0.014492754,0.014453995,,-0.016909955,0.00376127,-0.008169972,0.005063377,-0.034431138,0.001537404,0.008774139,0.002100386,0.001438511,0.003420028,0.003915611,0.005305794,0.001050407,-0.001655629,0.008902461,29.59225876,31.82280672,30.3939543,27.76888601,30.69658016,,29.42632186,33.233167,29.93594734,28.83643547,27.68282457,33.2691783,28.67844918,32.27424398,30.78391341,33.39801906,34.31856327,30.70317071,32.38307859,28.06689606,34.51610848,0.694795899,0.730323959,1.275419748,1.179079052,0.8509036,,1.930342877,1.311608284,0.835295216,1.698609626,2.480870641,1.036564862,0.873052298,1.258202228,0.933193255,1.106054212,1.008164677,0.723474978,3.778701779,1.259813562,0.901085709
4/8/2019,-0.010473697,617.7809156,25.77864465,165934493,91513447199,0.181322525,70.76,36425000,23414,48.62084961,38.19710159,4.880000114,-0.007212568,-0.006806535,-0.005336907,-0.009488974,0.006717848,,-0.006544306,0.006322163,0.011558542,-0.002917751,0,0.002548557,0.00524231,0.0007793,-0.013273528,0.004985621,0.007682512,0.001093352,-0.004162455,-0.00408385,0.002422972,29.59910681,31.84118653,30.37625559,27.76356371,30.70180726,,29.3902558,33.25557103,29.96130162,28.80886378,27.68282457,33.27459454,28.68004456,32.27072682,30.77722257,33.40222289,34.32941734,30.70644883,32.37328245,28.06353189,34.52268703,0.692679788,0.7280315,1.268650495,1.17636593,0.863115051,,1.886046356,1.321689539,0.836222659,1.682764746,2.480870641,1.04036252,0.870934222,1.254908275,0.918018491,1.109449337,1.014200823,0.721587345,3.762395187,1.248936144,0.9014156
4/9/2019,-0.090869257,617.6700639,25.67754036,174046863,91527293452,0.190158429,71.17,36465000,23416.5,47.52692032,37.94881821,5.300000191,0.00559604,0.002660022,-0.010897261,0.000359874,-0.015293334,,-0.007302015,-0.003669824,-0.016923584,0.00325908,-0.035515685,-0.005911078,0.007541326,-0.007042464,0.00508837,-0.001200448,-0.002162535,-0.005819024,-7.7694E-05,0.001680672,-0.005239696,29.60263624,31.82841916,30.37317623,27.76788597,30.69327095,,29.36186785,33.23731577,29.93725755,28.79576393,27.65168962,33.26230419,28.75937116,32.25498905,30.77691738,33.39111372,34.3308936,30.69794094,32.37530594,28.06503723,34.50690739,0.696397449,0.72700066,1.256094915,1.180877896,0.847361073,,1.847985465,1.317144345,0.825575921,1.690604142,2.464192519,1.034255177,0.861880684,1.247629817,0.92627046,1.106034993,1.013451694,0.717160611,3.772419842,1.252291106,0.892911587
4/10/2019,0.021089053,617.5612747,25.62828112,161612431,91527293452,0.176572938,70.77,36485000,23414.5,48.87120819,38.13980103,5.5,0.017943188,0.003230873,0.012535381,-0.013579636,-0.004264783,,0.00672441,0.000139745,0.006069963,-0.009409112,0,0.004434166,0.005154365,-0.005356235,0.000910333,0.01321557,-0.007679022,-0.009530967,0.000294461,0.004383989,-0.004127633,29.60689565,31.81612881,30.36975874,27.76156261,30.68539724,,29.3479393,33.23825199,29.9379958,28.76114818,27.65168962,33.26554412,28.76063263,32.24921014,30.77333178,33.38804221,34.31928736,30.68962202,32.37006694,28.07036659,34.49840297,0.703227903,0.727429148,1.266211909,1.159172918,0.842905665,,1.828815475,1.318391443,0.830745028,1.678296221,2.464192519,1.041390595,0.854764406,1.241067842,0.921701101,1.117070683,1.004441688,0.708310346,3.780711614,1.250718457,0.888716154
4/11/2019,0.053033641,617.6016162,25.69848373,128140969,91527293452,0.140003013,71.67,36525000,23415.5,49.36700058,38.15890121,5.150000095,0.004227509,-0.008273735,0.012176757,-0.000694444,0.003141303,,0.004129858,-0.006177052,-0.003773696,0.002699276,0.012079823,0.006000792,0.01450784,0.001522694,-0.005579693,0.012460559,-0.002299709,0.001863987,0.003456599,-0.001683502,0.003248474,29.61441685,31.81241473,30.37703277,27.7611577,30.68883301,,29.37134467,33.23475583,29.91998,28.76514841,27.66000918,33.26735304,28.76883115,32.23702373,30.77043295,33.39426773,34.31644739,30.69173452,32.37128793,28.06886925,34.51027532,0.714320866,0.722308812,1.2800322,1.159172918,0.847991946,,1.859101129,1.308340985,0.832670778,1.681034128,2.447514397,1.047574276,0.882761535,1.240574045,0.906204813,1.124292592,1.001229349,0.710277793,3.794770643,1.247363495,0.890947027
4/12/2019,0.04474276,617.7031417,25.79928093,150720394,91527293452,0.164672622,71.08,36525000,23418,53.03430939,39.6294899,5.050000191,0.00057497,-0.002423104,-0.007588689,-0.008816577,0.005812012,,-0.004109983,0.001012574,0.00440923,0.016576486,0.002555366,0.000390008,0.01984762,-0.007343899,0.006646847,0.00515657,-0.005445143,-0.005900212,0.011307024,0.010204082,0.001877578,29.61821678,31.81572621,30.38962607,27.75845296,30.70959923,,29.38228628,33.24555127,29.92775112,28.78224975,27.66301922,33.26208659,28.78630873,32.23179455,30.7715665,33.39498541,34.30808035,30.68572914,32.38527591,28.0801615,34.50467411,0.720043037,0.718499443,1.281028858,1.137467941,0.852184682,,1.874280965,1.311900438,0.833470508,1.713283828,2.460022989,1.048150195,0.912326369,1.234410137,0.911061095,1.128830323,0.994012485,0.705199297,3.818692968,1.252553185,0.891862184
4/16/2019,-0.088927327,617.5675997,25.64387175,154047822,91527293452,0.168308071,71.08,36410000,23415,51.71448898,38.99924088,5.050000191,-0.003797543,0.002762466,-0.002861691,-0.019226435,-0.011900026,,-0.004089934,-0.002357079,-0.002653261,0.005709677,-0.004237288,-0.004257635,-0.008110025,-0.004699076,0.005984169,0.005590373,-0.006483495,-0.008152227,0.002255799,-0.026936937,-0.00146716,29.61896716,31.81553165,30.38312884,27.7116539,30.70210536,,29.36938891,33.23828386,29.92832628,28.78806506,27.65799745,33.26371349,28.77206416,32.22983845,30.77394364,33.39684495,34.30332383,30.67954524,32.38826781,28.05457143,34.49203825,0.719396455,0.715734599,1.272623773,1.10146067,0.841601586,,1.855169859,1.310156356,0.830907434,1.724427739,2.439175336,1.046002171,0.900037654,1.229671458,0.924653841,1.132782819,0.986728696,0.698258664,3.818467069,1.208833851,0.887781718
4/17/2019,-0.008772967,617.5728602,25.6682003,191689587,91604260286,0.209258376,72.14,36275000,23415.5,48.88225937,37.26126862,4.5,0.012907348,0.008108762,-0.005094442,0.020746888,-0.006714895,,-0.004482781,0.00251225,-0.009197152,-0.009987025,-0.000854701,-0.005446888,-0.002415459,-0.003111387,0.011343472,-0.012405625,-0.00213173,-0.004069093,-0.003518123,0.015250285,-0.010212672,29.63004303,31.8174015,30.37382583,27.72184252,30.70849113,,29.36946908,33.24556265,29.91665675,28.77960474,27.65699006,33.26213535,28.76886419,32.22546615,30.79849113,33.39194837,34.30299961,30.67839418,32.38166285,28.06582845,34.47718269,0.729390999,0.722511216,1.278837801,1.121809086,0.832904716,,1.853839704,1.312812772,0.820670139,1.69993902,2.435005806,1.044798021,0.900037654,1.227404276,0.949195901,1.121577651,0.981819699,0.697987879,3.810775337,1.247311079,0.879571542
4/18/2019,-0.072360568,617.451279,25.64292375,158814186,91604260286,0.173369869,71.51,36275000,23414,46.51448822,35.81029129,4.940000057,0.002240142,-0.001973433,-0.008711318,0.012593284,-0.01185007,,0.002673837,-0.005570596,-0.010228266,-0.015254545,0.002568493,-0.009915562,-0.013061753,-0.010045243,0.000500728,-0.009413368,-0.00905793,-0.003775525,0.000945426,0.026060316,-0.011085184,29.62582418,31.80764204,30.35762401,27.75915264,30.70459741,,29.36405524,33.23462074,29.89817834,28.77120952,27.66000918,33.2225609,28.75658186,32.20919867,30.78619919,33.38429521,34.29661149,30.67228696,32.38232116,28.08769805,34.47061218,0.730707947,0.71884414,1.269508958,1.16442225,0.820828731,,1.847243111,1.303634057,0.816510888,1.660629726,2.447514397,1.031866864,0.878472001,1.213094879,0.963588697,1.110182786,0.974127883,0.69515367,3.817197807,1.306783027,0.872611926
4/19/2019,0.029625857,617.4722707,25.6926825,108325210,91604260286,0.118253463,71.97,36295000,23419,47.48616028,36.22994995,5.710000038,-0.000686663,0.000772099,0.007995132,0.009990336,0.016082362,,0.003594384,0.002248957,0.000727379,0.003465929,-0.031629756,0.004349644,0.00688642,0.002046339,0.00230514,-0.007014646,0.005723287,0.005439279,0.005724686,-0.01760312,0.009208669,29.62485956,31.81096315,30.35612701,27.7648244,30.7063672,,29.37122328,33.23547929,29.89908328,28.77446621,27.6343492,33.24655749,28.75475728,32.21811317,30.78526375,33.38100081,34.29763333,30.67450932,32.39032787,28.07099687,34.47536824,0.724914818,0.720490112,1.278003965,1.175363195,0.832203721,,1.859977916,1.305708545,0.813022468,1.664168586,2.455853458,1.036768234,0.882112323,1.21530827,0.967209852,1.101291304,0.979943875,0.696476231,3.83269143,1.272368461,0.878805729
4/22/2019,-0.080557536,617.3518945,25.55269675,218038150,91608170767,0.238011684,73.4,36305000,23418,46.50777054,35.35140991,4.940000057,-0.006980634,-0.016603445,-0.000763639,0,-0.018636618,,0.027561541,0.00119849,0.008482641,-0.001576084,0,-0.004786757,-0.007655779,-0.005515194,-0.007915271,-0.005098097,-0.011929797,-0.007573397,0.00466025,-0.021117942,-0.006307803,29.6097137,31.80730837,30.34944351,27.7648244,30.69418935,,29.3701489,33.24955973,29.90686683,28.75400563,27.6343492,33.25150024,28.73541347,32.19929937,30.78348349,33.3666535,34.28823296,30.66306177,32.38754524,28.05216899,34.48412591,0.716689802,0.71582135,1.275092095,1.175363195,0.820330128,,1.871688944,1.311414929,0.811370394,1.640342737,2.455853458,1.032996394,0.868209517,1.206574897,0.963052739,1.088974279,0.968494903,0.691961168,3.83913394,1.223773931,0.875557952
4/23/2019,0.068805341,616.9647841,25.98448651,153229412,91645349928,0.16719824,74.59,36265000,23422,47.20272827,35.69514084,5.650000095,0.003233547,-0.002895608,0.004083895,0,0.001845971,,-0.00016138,0.004332823,-0.001815631,0.00251024,0.001697793,0.003359354,0.006855358,0.01059451,0.012230679,-0.003765718,0.001557887,0.005002326,0.001128459,0.017241379,0.001769457,29.61131153,31.81996987,30.35302422,27.7648244,30.69538185,,29.37331356,33.27241203,29.90569142,28.75851054,27.63640903,33.2486452,28.74378982,32.21207976,30.78764704,33.35515008,34.28875746,30.66549088,31.91466044,28.07123195,34.48648298,0.718506435,0.719115906,1.276942682,1.175363195,0.821941851,,1.874095647,1.319952559,0.80911672,1.625816544,2.464192519,1.03775354,0.880415332,1.21585044,0.972362105,1.082224518,0.969719518,0.694709801,4.217123503,1.232423415,0.876860276
4/24/2019,0.110931594,617.1065958,26.07759125,137752264,91645349928,0.150310151,74.22,36215000,23426.5,48.41778183,36.67176819,4.650000095,0.00290217,0.010002025,-0.003582961,0.005809478,0.006174747,,0.002496686,0.004179533,0.003172144,-0.003874087,0.01954919,0.002167637,-0.003648998,0.000901063,0.006693639,0.005410687,0.00360121,0.007665411,-0.000271681,0.030574713,0.011008987,29.61757149,31.82796492,30.35710951,27.76853114,30.70733729,,29.38023521,33.2791291,29.90521501,28.75271808,27.65233733,33.25448861,28.75301135,32.21075274,30.79149728,33.3667354,34.3008883,30.67067946,31.91529688,28.10084431,34.49425241,0.726382319,0.722201439,1.270191938,1.182234457,0.827403103,,1.882448711,1.323647865,0.807424772,1.614097878,2.47253158,1.039157804,0.874759067,1.219256294,0.975646172,1.091850111,0.974782232,0.699145764,4.215812059,1.272892619,0.885725063
4/25/2019,-0.018289343,617.0965735,26.02524964,147524876,91645349928,0.160973662,74.62,36245000,23429.5,46.60734177,35.54146957,5.21999979,0.00177669,-0.00222877,0.000340295,0.002651866,0.009008032,,-0.00694273,-0.002970691,0.002576466,-0.008710124,-0.006745363,-0.00038386,0.00494706,-0.001214367,0.005762272,-0.002984117,-0.00803272,-0.003322035,-0.010948877,0.01038961,-0.00125798,29.61574012,31.8231838,30.37092885,27.75810897,30.71223148,,29.37878604,33.28250739,29.90567228,28.74696735,27.64420358,33.25064015,28.74706106,32.21746746,30.79988777,33.36396539,34.2913515,30.66746527,31.91919515,28.1061017,34.49510819,0.729453928,0.718454385,1.278186031,1.160559193,0.833535243,,1.87791425,1.322832549,0.808709214,1.605521917,2.439175336,1.038594634,0.875486454,1.219253338,0.981015527,1.088524575,0.964749574,0.696938912,4.184789868,1.31543251,0.886122204
4/26/2019,-0.039734225,617.1033856,26.08311702,123193165,91653572291,0.134411744,74.29,36295000,23434.5,46.05355072,35.54146957,4.329999924,0.002012989,-0.001580062,-0.006810438,-0.011583012,0.003395049,,-0.008132779,0.009584637,0.004459869,0.018100004,-0.029354553,-0.001834457,-0.006566805,0.006465832,-0.001702196,0.000787759,0.005901883,-0.004566238,0.007903699,-0.030044593,0.003829186,29.61072456,31.83549896,30.36920937,27.7522262,30.72621499,,29.37690779,33.28678068,29.9018241,28.7698585,27.62231201,33.25345719,28.73827086,32.22015136,30.80547648,33.36417696,34.29439631,30.66886006,31.92559071,28.07590323,34.50554526,0.728567723,0.721321452,1.272171554,1.148350143,0.839373972,,1.872933017,1.333180449,0.810506749,1.640744883,2.464192519,1.038289022,0.867956599,1.230688615,0.981711173,1.090627238,0.9685001,0.692465096,4.217515452,1.273285825,0.890735442
5/2/2019,-0.010191977,617.1710034,26.0511894,153608594,91653572291,0.167596952,72.04,36275000,23437,44.61846924,34.79510117,4.630000114,-0.00534094,-0.002311495,-0.000452631,0.018357143,-0.012784234,,0.002582836,-0.004031965,0.008205487,-0.019313103,-0.001692047,-0.006182027,0.003263761,-0.003240976,0.00140374,-0.000218317,-0.010117702,-0.00560304,0.012532689,0.017046705,-0.002295862,29.60493445,31.83892406,30.38471613,27.75701169,30.72521662,,29.37161984,33.29265314,29.92074324,28.76035285,27.62022291,33.2651834,28.74556028,32.22444846,30.79781324,33.37125502,34.2800434,30.6639318,31.94534583,28.09724762,34.50377941,0.721308216,0.723728519,1.276629849,1.162830032,0.823132115,,1.867392738,1.329613457,0.81496373,1.619967883,2.455853458,1.03180138,0.871442842,1.229999926,0.977008794,1.091972206,0.954197803,0.690894485,4.261116263,1.257847707,0.889487993
5/3/2019,-0.072501629,617.0765124,26.0434668,146473333,91643653209,0.159829217,70.57,36195000,23435.5,44.69828033,35.25220871,5.489999771,-0.012909529,-0.002701961,-0.010980626,-0.023341916,-0.001130525,,-0.006931091,-0.000580041,-0.008789563,0.001352412,0.000848896,0.000233671,0.009068874,-0.007362796,-0.000541106,-0.003031085,0.001586883,-0.002450834,0.005221807,-0.00647895,-0.003584148,29.59791702,31.82465203,30.38504213,27.73931276,30.72864025,,29.36501652,33.28048777,29.90859169,28.76142011,27.621268,33.26558699,28.75095896,32.21234143,30.79165313,33.3755463,34.27489548,30.66629104,31.94588515,28.08525656,34.49574905,0.707949467,0.717241041,1.266701003,1.152891822,0.823452654,,1.85462706,1.329100277,0.816276308,1.619380148,2.460022989,1.035222547,0.872181954,1.221218675,0.991712344,1.09388686,0.953093303,0.688523385,4.276840023,1.277610567,0.885534374
5/6/2019,-0.141297788,616.8235455,25.95839479,169350455,91644220684,0.1847912,69.33,36295000,23435.5,42.99615097,34.64189911,4.5,-0.010959151,-0.010107373,-0.005736701,-0.002525253,0.000859999,,0.003175391,-0.012210816,-0.018434562,0.021823255,-0.03079096,-0.008059186,0.008758178,-0.008836671,-0.008993895,-0.001573297,-0.017209052,0.003539819,-0.006806233,-0.023318577,-0.013892703,29.59279106,31.81494146,30.37840555,27.7379837,30.7075295,,29.36204442,33.24488071,29.87940659,28.76867912,27.59856484,33.25413855,28.7628421,32.19719252,30.77512428,33.36070152,34.25389073,30.65320462,31.93675217,28.06162724,34.48284481,0.705972016,0.714663101,1.261257131,1.1501787,0.819457991,,1.85184381,1.315785001,0.80979915,1.662068217,2.47253158,1.028764654,0.878741071,1.214754906,0.983142629,1.08801694,0.935409693,0.690514759,4.253781074,1.248071196,0.873641166
5/7/2019,0.014438847,617.3887243,25.61905348,141602127,91705489643,0.154409652,71.22,36245000,23440.5,42.72723007,34.6065712,5.269999981,0.012375236,-0.005773857,0.002260409,-0.004117511,0.008699741,,0.001364997,0.005919104,0.002561475,0.005002169,-0.037251733,0.004689678,0.015179243,0.001098276,0.008499793,0.001234091,0.001105957,-0.000290885,-0.013689803,0.005190311,0.000382156,29.60340465,31.817994,30.39734559,27.74419217,30.72399796,,29.36530406,33.25143532,29.90517315,28.76329268,27.56949935,33.25784867,28.77886994,32.20649203,30.77958038,33.36672434,34.25205379,30.65527203,32.40353706,28.06733034,34.47937681,0.716101672,0.714292238,1.26879703,1.153776387,0.825885254,,1.862977205,1.317530002,0.811748532,1.675048184,2.460022989,1.030676807,0.885635083,1.214067067,0.994862313,1.088890919,0.939252526,0.691350029,3.845522991,1.250666041,0.871950206
5/8/2019,-0.071427199,617.2814138,25.54456768,146312349,91705489643,0.1595459,70.34,36275000,23443.5,42.17869186,33.97631836,5.130000114,0.003846916,-0.002908959,-0.008941172,-0.011904762,0.015165729,,-0.010614415,-0.004645961,-0.013982682,0.006585972,-0.023699902,-0.002159587,0.004141871,-0.002353028,-0.006821498,-0.005526787,-0.00075362,-0.002691432,-0.006246521,0.006040635,-0.003957996,29.59950605,31.81316019,30.38431051,27.72097248,30.7245202,,29.34949414,33.25256379,29.92060348,28.76690191,27.55580109,33.25771439,28.78732168,32.18680422,30.77424648,33.35942642,34.24351441,30.65381827,32.38612057,28.07453132,34.4700822,0.717517321,0.711637047,1.261369773,1.124876035,0.838392423,,1.837279428,1.311841437,0.802446083,1.684872178,2.485040171,1.028052765,0.885762725,1.210848412,0.992187296,1.080949376,0.936883133,0.687805599,3.829417373,1.24995834,0.867430768
5/9/2019,0.008915429,617.2445715,25.52340417,180384127,91708393689,0.196693149,69.49,36265000,23446.5,42.18109894,34.30881882,5.349999905,0.000408794,-0.022448503,-0.00902394,0.025539199,-0.021455292,,0.009694683,-0.003330443,0.000964801,0.008031105,0.028903095,-0.002267754,-0.003426637,-0.001850475,-0.015726316,-0.00208155,-0.001822382,0.002573486,0.001993181,0.01608711,-0.001846731,29.59584196,31.80699907,30.37567665,27.73537833,30.70398117,,29.33848794,33.23561035,29.92151578,28.77088905,27.57174185,33.26381096,28.78537068,32.19321623,30.75795175,33.35927982,34.23647263,30.65526172,32.38455308,28.08587753,34.46665494,0.717444807,0.694379348,1.250972193,1.130302279,0.82146788,,1.831757553,1.308486237,0.802850882,1.692755602,2.460022989,1.026188284,0.892851129,1.212230643,0.97656555,1.079460244,0.933833546,0.690063139,3.836835547,1.299260571,0.865675746
5/10/2019,0.072871337,617.3496911,25.58319215,133828551,91709073689,0.145927274,70.93,36265000,23449.5,43.93009186,35.94657135,5.179999828,0.002329617,0.008022437,-0.009528037,-0.011660854,0.002106228,,-0.000921695,0.006017036,0.006161572,-0.014904042,0.039194915,0.00642099,0.016450596,0.001363335,0.000132366,0.00758489,0.010720917,0.003781351,0.003143219,-0.005351724,0.001808218,29.59760936,31.81900698,30.37960802,27.73598679,30.7116933,,29.332379,33.24513325,29.93775516,28.75557911,27.60142472,33.27097981,28.7989602,32.19509887,30.76077718,33.36769399,34.24649389,30.66129378,32.38372201,28.08148694,34.46700876,0.720489118,0.704987084,1.234413516,1.146109016,0.824506796,,1.821555247,1.317699453,0.805749078,1.662856989,2.480870641,1.034348438,0.912392407,1.215920298,0.978531533,1.091903358,0.94420351,0.693416458,3.842950711,1.282538178,0.867750318
5/13/2019,0.034195653,617.4235141,25.6536752,252049393,91709073689,0.274835829,70.81,36315000,23444,46.86878967,37.50481033,4.53000021,0.008393265,-0.006553326,0.000733539,0,0.016432715,,-0.007082102,-0.004115439,0.001400485,-0.00405407,0,-0.000728356,-0.001121424,-0.003370971,0.0109894,0.003676528,0.007435234,4.55198E-05,0.006966989,0,0.005147667,29.60987103,31.81102155,30.3839102,27.73598679,30.72459488,,29.32864847,33.23862193,29.93214549,28.75328013,27.60142472,33.26848237,28.7989033,32.21237799,30.77378587,33.38098996,34.25524021,30.66250016,32.39565865,28.08148694,34.47458348,0.729292521,0.701747392,1.238811841,1.146109016,0.841914418,,1.823331042,1.31258092,0.807805535,1.661297579,2.480870641,1.033119253,0.904063477,1.214311355,0.996372637,1.102934122,0.953850514,0.692834352,3.855802104,1.282538178,0.874088302
5/14/2019,-0.048991602,617.5343985,25.62694215,161798676,91709073689,0.176426028,70.42,36485000,23448,46.12366867,37.03057861,5.829999924,-0.021470777,0.006781443,-0.000301261,0.00824571,0.003854091,,-0.012808838,0.008875619,-0.008190599,0.000179607,-0.027964057,0.002535208,-0.00144869,-0.001385762,-0.006386166,-0.002682742,-0.001963938,-0.00146777,0.012067913,-0.00732899,0.001868397,29.60012488,31.83658539,30.38843852,27.74936176,30.73531233,,29.29559938,33.26552968,29.96796431,28.75770916,27.57843934,33.28021205,28.80559547,32.2312114,30.77013164,33.38699546,34.25733724,30.66562882,32.41012477,28.07480616,34.47729076,0.718122383,0.713101168,1.233910832,1.148350143,0.842762127,,1.778444914,1.32986934,0.803584819,1.667482692,2.460022989,1.034163213,0.907616472,1.21359142,0.986909326,1.104514104,0.953656289,0.693994554,3.892933516,1.26744085,0.876471
5/15/2019,0.175580957,617.6641579,25.72105486,192316089,91735957334,0.209640903,71.23,36485000,23448,49.26726151,38.83081818,4.510000229,0.001646756,0.005747264,0.006186272,0.010666667,0.011965651,,0.012684296,0.002294383,0.007544248,0.024170666,0.033456077,0.0031523,0.000611814,0.003149953,0.017040368,0.003948151,0.008678409,0.004329338,-0.000126552,0.006849315,0.011585579,29.59775882,31.86686962,30.38507329,27.75460757,30.74165169,,29.27543354,33.27545947,29.95571846,28.77779827,27.60155523,33.28486432,28.80438716,32.22807018,30.77734515,33.39293529,34.27187339,30.68885696,32.41179684,28.082304,34.48979864,0.715358148,0.722105054,1.239825402,1.159202632,0.854229181,,1.756646978,1.325257061,0.806847469,1.704393529,2.455853458,1.038562336,0.907416935,1.21648402,0.991629889,1.10786058,0.963180937,0.705581288,3.89433704,1.270900643,0.885382285
5/16/2019,-0.060664742,617.626716,25.69250764,172281439,91735957334,0.187801429,72.31,36425000,23449,48.64393997,38.01158142,5.329999924,0.015842314,0.001567123,-0.006512711,-0.002681081,-0.006462622,,0.01354886,0.000317836,-0.007822527,-0.029548167,-0.034046693,0.001166471,-0.008876032,0.005256393,0.002751897,-0.009100914,-0.001359374,-0.005938106,0.000140967,0.009199799,0.001891824,29.60065686,31.8669677,30.38108603,27.75385934,30.7276681,,29.30163211,33.27285797,29.95208494,28.76135451,27.5758624,33.27072923,28.7983893,32.22986623,30.79055932,33.39314531,34.26843602,30.68210208,32.41054102,28.09155954,34.49735793,0.719556478,0.722364432,1.231188933,1.148350143,0.845010918,,1.78786011,1.330069753,0.80408205,1.645271043,2.455853458,1.040166184,0.901343083,1.224486318,0.996086046,1.104868667,0.961310126,0.700143141,3.90461805,1.281882893,0.887995819
5/17/2019,-0.003782022,617.684199,25.75448403,143338944,91735957334,0.156251647,73.13,36325000,23448,47.30656052,36.65768051,4.159999847,0.001857259,-0.004203001,-0.011230009,-0.008408163,0.006008429,,0.007119731,-0.000412654,0.008274271,-0.019787474,-0.032359081,-0.001105706,0.034119642,0.000833401,0.00080288,0.00715182,0.003657015,0.010761388,-0.001791113,-0.003344482,-0.001726174,29.60183146,31.87267427,30.37293271,27.74749101,30.73405716,,29.32740027,33.27506644,29.95896056,28.75317059,27.5525412,33.29647518,28.82461613,32.23161681,30.78742614,33.38779183,34.26611103,30.69658649,32.4099916,28.08785218,34.49960596,0.72089592,0.722249266,1.22323262,1.160559193,0.852616926,,1.823593885,1.324563696,0.812316557,1.607189704,2.455853458,1.046509777,0.920866194,1.225355337,1.011178741,1.106395211,0.964714819,0.708162053,3.899549077,1.280152996,0.888528601
5/20/2019,0.019070079,617.8154739,25.80807033,153643308,91750929082,0.167456951,73.12,36345000,23455.5,48.28541946,37.74961853,5.71999979,-0.004087539,0.008007226,-0.003952706,-0.020527671,0.005858482,,0.021735395,-0.000158149,-0.000440681,-0.004743225,-0.002813864,0.002789489,0.002698225,0.001848327,0.00188194,0.004496236,0.005720841,-0.000252374,0.000116474,-0.004873875,0.005767526,29.59545276,31.89331745,30.37291287,27.73600641,30.75282151,,29.34778932,33.2934483,29.97820313,28.74944602,27.54953783,33.31675487,28.831107,32.23390073,30.78567904,33.40180011,34.2768129,30.69646975,32.41608287,28.08382006,34.50411097,0.719295761,0.730494435,1.221683605,1.156489509,0.864871912,,1.871164618,1.32636674,0.810025053,1.597548276,2.447514397,1.056598709,0.918290084,1.227436065,1.015556458,1.116654659,0.970309591,0.708186568,3.889292726,1.267598097,0.892693069
5/21/2019,0.044792344,617.8578446,25.91566764,207996176,91767098887,0.226656589,73.37,36305000,23455.5,47.97179031,37.28879166,5.25,-0.001734215,-0.00469169,0.02409391,0.011534015,0.005766733,,0.013419008,-0.000233341,-0.009196659,-0.001212058,-0.029082774,0.002813682,0.019636891,0.007550722,0.003677167,0.001359386,0.001789595,-0.002378066,0.013311582,-0.010797342,-0.000834199,29.59927924,31.88376521,30.38466582,27.74213944,30.76777395,,29.35756294,33.28317699,29.96947458,28.74641859,27.52948908,33.32229386,28.85684148,32.25653194,30.78241459,33.39622851,34.27950817,30.69366698,32.42944327,28.07417828,34.50299163,0.718902008,0.722326612,1.255592031,1.160559193,0.875223629,,1.886862632,1.326644195,0.806190494,1.592277089,2.447514397,1.061527983,0.949695859,1.233436234,1.023206999,1.108370451,0.972955358,0.70749153,3.928949425,1.245790846,0.892150677
5/22/2019,0.013378909,617.8360997,25.98466675,189860355,91816590714,0.206782188,71.85,36215000,23454,49.06142044,37.66756058,5.239999771,-0.004601113,0.004936202,-0.003908587,-0.015078717,-0.010468445,,-0.010970748,0.003662134,-0.000677033,0.022470021,0.002555366,5.37693E-05,-0.005077896,-0.002260935,0.00193789,0.000147477,0.001932125,0.01829441,0.00275428,0.01188455,-0.004205842,29.59424845,31.89468939,30.38610677,27.70857099,30.75291429,,29.37606774,33.27877071,29.95541943,28.75674886,27.53291806,33.32550885,28.84378969,32.24741243,30.79720281,33.38538756,34.27704834,30.7033196,32.43509047,28.08455789,34.50032736,0.716567431,0.728554505,1.254436864,1.118565225,0.863140665,,1.917007906,1.330544154,0.804882129,1.635572152,2.460022989,1.06299646,0.949613233,1.231469629,1.025545089,1.101511736,0.970251086,0.722127184,3.934465615,1.269275578,0.888117117
5/23/2019,0.018207547,617.8254203,25.98717791,160141463,91970904873,0.174121874,70.71,36225000,23452.5,50.01438141,37.99311066,4.300000191,0.001469241,0.005308015,0.005765049,0,-0.000971792,,-0.031387084,-2.54005E-05,-0.001047524,0.025127748,-0.003730021,0.00081418,0.008453883,0.002056095,-0.00053367,0.013306312,0.0027717,0.002396848,0.006473173,-0.017704824,-0.000334382,29.59700396,31.9120565,30.3911899,27.70857099,30.76321322,,29.32789823,33.26800047,29.94867011,28.7674971,27.52870989,33.32073087,28.85700364,32.2552752,30.79838209,33.3859539,34.27781829,30.70026353,32.43713099,28.06544832,34.51460311,0.715639477,0.736397218,1.261619753,1.118565225,0.867121137,,1.836430854,1.327534332,0.800898097,1.680395657,2.447514397,1.061724828,0.966361501,1.232214631,1.028603748,1.109761456,0.971430128,0.724331337,3.958316434,1.25514847,0.887169227
5/24/2019,-0.001293849,617.6818384,26.00418406,169612566,92157807952,0.18404579,68.75,36335000,23454,52.75328064,38.47185135,4.269999981,0.004076776,-0.00036835,-0.000771347,0.044525651,0.010316387,,-0.007925908,-0.002400226,0.001166595,-0.004406327,-0.017847003,-0.002168341,-0.008732801,-0.005821934,-0.009992473,-0.007489122,-0.004795496,-0.001068847,0.004808718,0.003703704,0.003896496,29.598232,31.89052861,30.3855418,27.76247693,30.76474104,,29.28282092,33.25272494,29.91613898,28.76264847,27.52111214,33.31473879,28.8430306,32.24163072,30.79550283,33.36788164,34.26680133,30.70314821,32.44080085,28.06951171,34.50182596,0.713892164,0.730635388,1.25593659,1.193735855,0.877741826,,1.777058759,1.321008815,0.805686172,1.675287492,2.47670111,1.059109451,0.946182736,1.229934198,1.023618054,1.096637349,0.965064569,0.721719621,3.987884749,1.257002821,0.889346339
5/27/2019,0.050044984,617.7415956,26.0150118,140366134,92157807952,0.152310626,68.72,36375000,23451.5,52.2593689,37.9618988,4.25,-0.005945065,0.008493842,0.012246729,-0.027649976,0.014637591,,0.0060924,-0.005096287,-0.008819746,-0.001681727,0.031632997,-0.004959675,0.0299492,0.010301408,-0.007525488,0.005667532,-0.001604303,-0.001038683,0.010176051,-0.016206545,0.001374729,29.60533735,31.89077361,30.38832535,27.74090257,30.76464192,,29.28149739,33.26042435,29.9120923,28.75560693,27.5383369,33.3196793,28.87956233,32.25786104,30.78191469,33.3878488,34.27155137,30.70157753,32.44951689,28.05217428,34.50197067,0.714088732,0.731331502,1.262942256,1.156401053,0.895482495,,1.778683316,1.319912066,0.801757116,1.663055152,2.460022989,1.052067544,0.963409689,1.240230275,1.012936309,1.109385123,0.963957336,0.722169198,4.032337349,1.243802668,0.891039628
5/28/2019,0.034757776,617.722308,26.28560705,154476096,92241824834,0.167468604,70.24,36335000,23451.5,53.22360992,38.57143021,5.199999809,0.014573288,-0.009454222,0.003366324,0.003891051,0.015232433,,0.00054112,-0.000579277,0.013585113,0.002046945,-0.030373832,0.003697191,0.002682312,0.009310738,-0.000371799,-0.00423145,-0.005700494,-0.003021592,0.002501409,0.013207547,0.003854971,29.61516955,31.91019972,30.38429554,27.74288969,30.76239154,,29.17988696,33.26291394,29.93850894,28.75823306,27.51806003,33.31377533,28.87893304,32.29073786,30.78248321,33.3746572,34.26732365,30.70010046,32.48059015,28.06651222,34.49464588,0.723653043,0.7284134,1.261637924,1.160470736,0.912163328,,2.012111218,1.320102827,0.809283596,1.671635209,2.460022989,1.054078113,0.969086546,1.244857221,1.016677624,1.104363936,0.958579383,0.717172557,4.019149305,1.250292898,0.891855192
5/29/2019,0.108643546,617.7079835,26.31616138,150733202,92249596403,0.16339714,69.96,36265000,23453,53.99222946,38.95238113,4.889999866,0.027258258,-0.007179604,0.00381738,0.023076923,0.023143172,,0.005605973,0.006863415,0.020192321,-0.014889913,0.033130955,-0.002147379,0.015451587,-0.000906412,-0.006272645,-0.003555217,-0.005831836,-0.000390468,-0.006008312,0,-0.002714651,29.62857401,31.90153184,30.38831647,27.75473024,30.75503608,,29.18240542,33.268888,29.92461428,28.74256371,27.53761095,33.30945359,28.88948373,32.27444551,30.78028817,33.37945576,34.26332243,30.69393288,32.46871142,28.06651222,34.49810683,0.734497167,0.723847617,1.26393039,1.184888836,0.931743268,,2.022482268,1.332897129,0.822737289,1.648051108,2.451683928,1.044357742,1.001405793,1.236574157,1.014634255,1.100151446,0.953628622,0.715148971,3.993961803,1.250292898,0.889246693
5/30/2019,0.01759326,617.7874388,26.283123,159940603,92334120939,0.173219392,69.54,36245000,23454.5,52.66313934,37.9809494,4.889999866,0.001340619,0.005474215,0.013586066,0.018225267,-0.018929119,,-0.010800686,-0.005937817,0.003987043,0.000128586,0.034883721,-0.001786749,0.005901194,-0.003442002,-0.019396295,-0.003248797,-0.001705299,0.002147256,0.004384274,-0.009348739,0.002130523,29.62730154,31.91107315,30.39224711,27.74930879,30.8361226,,29.17166636,33.26266792,29.92655319,28.73655952,27.56052404,33.31397355,28.88478708,32.27803809,30.77332802,33.36677389,34.26576115,30.69576358,32.48304259,28.05575458,34.49619202,0.731370607,0.731679941,1.277615928,1.179138478,0.907915,,2.002642342,1.327019578,0.825589607,1.645853883,2.451683928,1.044944523,1.010355119,1.241607159,0.984225164,1.095944796,0.95368469,0.718958306,4.017300121,1.248084805,0.887509028
5/31/2019,-0.10457515,617.5814899,26.07893044,138953833,92352921360,0.150459597,66.06,36385000,23453.5,50.21192932,36.49316025,4.940000057,-0.007032011,-0.010931886,0.006126992,0.002805145,-0.025372778,,-0.005652288,-0.004990067,-0.012086437,-0.00807667,0.033932269,-0.006755568,-0.027585962,-0.013091568,-0.003370068,-0.007073719,-0.006814967,0.003292932,-0.007006814,-0.000837521,-0.004054163,29.61602704,31.88529733,30.41530758,27.75075812,30.82206303,,29.15913113,33.23409166,29.88786155,28.72180426,27.58331512,33.31675154,28.85206784,32.24231535,30.76692506,33.35819125,34.25573263,30.68738722,32.48036057,28.05499517,34.49110645,0.726372441,0.721005449,1.28371829,1.160146623,0.881942859,,1.982544309,1.311561164,0.816615936,1.633234124,2.447514397,1.038870437,0.972657819,1.22591295,1.000149802,1.083914916,0.945991739,0.71933446,3.998012523,1.246407325,0.883022879
6/3/2019,-0.257076427,617.267912,25.70815286,194034168,92356371242,0.210092888,60.85,36685000,23451,47.09297943,35.12538147,5.360000134,-0.016277585,-0.013518622,1.48558E-05,-0.002670698,-0.023353509,,-0.031178369,-0.014759472,0.000575646,0.003695415,-0.028455285,-0.004351816,-0.015245959,-0.008771316,-0.01642148,-0.012354692,-0.011664645,-0.011316873,-0.035105468,-0.005033557,-0.010882996,29.60581305,31.85687905,30.40685095,27.75729467,30.80305453,,29.1297073,33.21096866,29.85095587,28.7159428,27.5624326,33.31820579,28.82744463,32.23020141,30.75529327,33.34650842,34.24012888,30.67400869,32.44564392,28.05042657,34.48015095,0.712209706,0.708861113,1.281554275,1.163744311,0.854749377,,1.93078116,1.29150453,0.820644978,1.63724947,2.447514397,1.037358492,0.947467983,1.207493813,0.970333718,1.070282441,0.934495605,0.710172563,3.873071105,1.236342439,0.872321388
6/4/2019,0.160838602,617.3882195,25.89889003,154662166,92357015129,0.1674612,61.08,37000000,23447,45.04063034,34.44487,4.909999847,0.003739867,0.00123908,-0.001981358,0.007693374,0.013871132,,0.048999127,0.000536961,0.009018721,0.01641953,0.00147778,-0.003218764,-0.000740138,0.002276633,0.007477942,0.000827834,0.001784973,0.003584048,0.001958766,0.041461705,0.004411388,29.60818134,31.87091263,30.41097334,27.76722886,30.80122848,,29.11718484,33.21794929,29.86331085,28.7284162,27.5649992,33.32647783,28.83857611,32.23170872,30.745918,33.3495688,34.24852489,30.67528284,32.44570524,28.0935513,34.48252075,0.715506859,0.71237347,1.284153447,1.20252413,0.86284235,,1.947817532,1.293029222,0.822259663,1.662908065,2.460022989,1.03732027,0.950248633,1.213608104,0.992594888,1.069672465,0.937527664,0.714647372,3.874391602,1.268128929,0.877312378
6/5/2019,0.043426785,617.4325163,26.0129341,130516664,92357015129,0.141317542,61.73,36920000,23451,45.89276886,35.6195488,4.650000095,0.006723266,-0.00182421,0.005329056,0,0.003341151,,0.014844826,0.005305278,0.005409638,-0.001176471,-0.004934656,0.007173423,0.004596856,0.006091701,0.000434155,0.005055064,0.003788688,-0.005138724,0.012219337,-0.034117896,0.010306303,29.61966028,31.86798332,30.40599731,27.76722886,30.80954238,,29.1633797,33.21916768,29.86642624,28.72795954,27.56052404,33.3256306,28.84310954,32.23606967,30.75325034,33.35124496,34.2435595,30.67172458,32.45235027,28.05960312,34.48810442,0.725464715,0.712293294,1.290606839,1.20252413,0.870516049,,2.015304028,1.298976081,0.830202379,1.661962439,2.451683928,1.043313656,0.956420117,1.220251805,0.994230688,1.073988741,0.938890083,0.707766575,3.912868997,1.220451983,0.885217571
6/6/2019,-0.062455595,617.5635432,25.79996905,124246366,92377581913,0.134498396,60.66,36925000,23451,45.56853867,35.24187088,4.650000095,-0.003646104,-0.00090141,0.003057779,-0.0066372,0.012195388,,-0.006622211,-0.004206701,-0.012008622,-0.015856499,-0.019942325,-0.002502308,-0.004394239,0.007899003,-0.006595691,-0.000799863,-0.004079101,-0.002410003,0.001064234,0.003913043,1.7235E-05,29.62613835,31.86380419,30.4076526,27.7713313,30.82934864,,29.29117725,33.20600975,29.87261996,28.71111675,27.54499278,33.32395633,28.83808848,32.26691835,30.75278957,33.34762554,34.24006652,30.674622,32.44894201,28.06017185,34.48617099,0.722932395,0.71328234,1.29515541,1.202052134,0.883755135,,1.80399563,1.293184545,0.824692298,1.634427069,2.439175336,1.046587982,0.950083758,1.225666803,0.991450729,1.070859966,0.93535247,0.706434878,3.932023525,1.243406104,0.885450543
6/7/2019,0.154075438,617.8386433,25.91896224,145755869,92378439809,0.157781263,62.44,37075000,23450,46.66080093,36.01662827,5.300000191,0.004868505,0.010706459,-0.009825055,0.005244208,0.005414982,,-0.004702295,0.008831627,0.013377608,0.004290902,0.037474012,0.003815622,0.01703116,0.007656947,0.003572363,0.01028746,0.007003054,0.00012784,0.002609298,0.01397022,0.012320521,29.62106386,31.87495302,30.42793602,27.77486469,30.84332601,,29.29954507,33.23174027,29.89277496,28.71648597,27.57178667,33.32854086,28.86136894,32.309297,30.76277968,33.35168464,34.2448973,30.68308353,32.46641216,28.07566817,34.50043453,0.714983843,0.723530047,1.28775,1.217062763,0.890114782,,1.811187339,1.30617582,0.839155474,1.639916764,2.451683928,1.048753899,0.967229021,1.236168248,0.982565922,1.080138157,0.940856763,0.70706602,3.928512513,1.249146028,0.896964908
6/10/2019,0.054511335,617.84664,25.913414,147898504,92378194723,0.160101098,63.39,37150000,23448,47.08412933,36.50793839,5.190000057,0.008030269,0.012859371,0.006150336,-0.042347247,0.005589425,,0.000255592,0.003156193,0.004826095,0.021421553,0.036437522,0.001703053,0.006730084,-0.003235983,-0.001514899,-0.011503772,0.005298141,-0.004859314,0.008832786,-0.00676819,0.003450319,29.62118912,31.87552764,30.43490131,27.71903481,30.84387861,,29.28421518,33.23631792,29.89183535,28.75120706,27.59826679,33.3406241,28.86734025,32.29016712,30.75780512,33.35371905,34.2513752,30.67913956,32.47559254,28.06969716,34.50480611,0.719061782,0.731807582,1.302206086,1.137645537,0.898011276,,1.795077549,1.308008737,0.834172984,1.681268828,2.460022989,1.053928298,0.976688913,1.230283169,0.961008603,1.070664115,0.946340546,0.702665849,3.967460737,1.235726181,0.90136424
6/11/2019,0.006532088,617.8696568,25.91647942,133783789,92378194711,0.144821827,62.56,37170000,23451.5,46.86449051,36.6780014,4.760000229,-0.008042771,0.004448203,0.000277574,-0.011306333,0.004738879,,0.004849492,-1.81754E-05,-0.004892894,-0.012184297,0.032753904,-0.002692914,-0.002771309,-0.001386181,0.00270316,-0.003416141,0.001930831,0.006775672,-0.000143318,-0.003597122,-0.00149417,29.62339647,31.87574676,30.43390891,27.7268124,30.84987231,,29.29229385,33.23888251,29.89058953,28.73955562,27.62131065,33.33164031,28.86560784,32.28686296,30.76176242,33.34344032,34.25760263,30.6835724,32.47592883,28.06563452,34.50523556,0.72300416,0.733752163,1.299568699,1.137792737,0.909717268,,1.805934306,1.310758657,0.833515244,1.655744697,2.451683928,1.050115096,0.975190967,1.226428235,0.982127221,1.066100377,0.94912215,0.706869246,3.96539716,1.23387183,0.899785286
6/12/2019,-0.016120028,617.8030293,25.82254609,148229496,92378194711,0.160459399,61.03,37030000,23449,46.29772186,36.26374054,5.199999809,-0.000642405,-0.005514906,0.004479408,0.019789132,-0.007019621,,-0.007737314,0.002037643,-0.00882046,0.002090505,0.031518961,-0.000147199,-0.010590686,0.005900446,-0.003990126,0.004206238,-0.005122921,-0.001544979,-0.005107722,-0.028301887,-0.001602136,29.62452369,31.86651758,30.44209143,27.73355026,30.84508309,,29.28771428,33.22148009,29.86976648,28.7414994,27.64420358,33.32584356,28.85275573,32.30611905,30.76177256,33.3394566,34.25102834,30.68056287,32.47390818,28.04051703,34.49463545,0.728698085,0.725792679,1.311066707,1.155074205,0.901579767,,1.793459779,1.310173296,0.826674849,1.658023222,2.439175336,1.04254983,0.959274857,1.233421464,0.999992288,1.068162227,0.943950337,0.706175053,3.943863444,1.178514961,0.896923699
6/13/2019,0.023300987,617.801853,25.74204176,145975142,93015606730,0.156936182,59.87,37230000,23451,46.87168884,36.49110031,5.28000021,0.01231395,0.005933466,0.005463552,0.023284314,-0.004699199,,-0.005996648,0.007254812,0.004284894,0.001225037,0.037046861,-0.003572152,-0.001734693,-0.003931842,-0.016940738,-0.003977213,0.00356992,-0.002413761,-0.010342668,-0.026363636,0.002896734,29.6258257,31.86232913,30.43920815,27.74616101,30.83215939,,29.28696351,33.22107563,29.8757882,28.74361685,27.67457902,33.35283376,28.84737244,32.31396179,30.75984076,33.32809021,34.25152188,30.67757507,32.45439349,28.01791093,34.49064605,0.731011499,0.723204259,1.323638209,1.180848866,0.890575626,,1.783462647,1.316315503,0.838298053,1.661749565,2.451683928,1.036495763,0.954825098,1.223063437,0.975432321,1.062493395,0.946242874,0.703609551,3.910979663,1.129868016,0.898243486
6/14/2019,0.05362559,617.8335191,25.78113697,176483763,93015606730,0.189735647,61.36,37300000,23450.5,47.31365967,36.49110031,5.340000153,0.000366676,0.002912303,0.011512923,-0.020618557,0.00620359,,0.004311365,-0.00090631,0.003432425,0.003884095,0.031407724,-0.001374837,0.00157563,-0.003521348,-0.002437494,0.002727679,0.003529034,-0.004733915,0.002282329,0.01417981,-0.001107533,29.62216183,31.86114193,30.44434558,27.73421796,30.83217434,,29.30036443,33.22227463,29.86708601,28.74962317,27.70020529,33.34950519,28.8495923,32.2908232,30.7605998,33.32944263,34.26566675,30.67282443,32.46050583,28.03077016,34.49019365,0.729048699,0.722128831,1.335454096,1.156430766,0.897520186,,1.805369322,1.317337988,0.836165772,1.668547697,2.447514397,1.035400977,0.954825098,1.212804575,0.975560647,1.063771565,0.951052199,0.700460256,3.923863072,1.150174656,0.897706169
6/17/2019,0.027637908,617.7904879,25.7249805,176668664,93105464896,0.189751122,62.12,37450000,23455.5,46.29378891,35.86545944,5.480000019,0.007318761,0.006166922,0.005907687,0.00481667,0.005730577,,-0.011156634,0.004525863,-0.008098866,-0.00026149,0.032293119,-0.001699083,0.012451436,-0.009827278,0.011846302,-0.007905193,-0.007542015,-0.008514076,-0.007346413,0.004780386,-0.005848767,29.62178491,31.85970829,30.43985943,27.71187904,30.82583279,,29.29058582,33.22550631,29.8621341,28.74504584,27.7271491,33.3572681,28.86859423,32.27778562,30.75987279,33.32595429,34.26373527,30.66995077,32.44752189,28.0341052,34.4762141,0.734485527,0.726461744,1.339391422,1.138854898,0.898570256,,1.794597538,1.32655418,0.830671148,1.662126178,2.435005806,1.034609159,0.97546808,1.200200138,0.980592301,1.057873308,0.946405581,0.693808525,3.898022251,1.160989847,0.89029261
6/18/2019,0.001355271,617.7863751,25.71102785,171207443,93237669232,0.183624756,60.9,37400000,23458,45.60334015,35.52531815,4.679999828,-0.020276458,-0.006650213,-0.003349756,0.003995562,-0.000724744,,0.005213265,0.000618934,-0.001589189,0.005826859,0.029745042,-0.004093087,-0.014790331,-0.000171658,-0.009046918,0.00026161,-0.004193938,-0.000504507,-0.004946945,0.030562011,-0.004530269,29.61507924,31.85586839,30.44359936,27.73392681,30.82518277,,29.26252742,33.22687932,29.85086521,28.75059354,27.75364117,33.35827374,28.85582539,32.2813455,30.75037965,33.31645608,34.26292223,30.66650401,32.44176777,28.05991757,34.47481988,0.722608629,0.727005518,1.338592187,1.158701605,0.897686297,,1.766709693,1.326605559,0.82787952,1.674948574,2.435005806,1.030009322,0.958774346,1.195426603,0.973870882,1.057023325,0.94288162,0.69401506,3.88161863,1.21391893,0.887745741
6/19/2019,0.010582741,617.8641774,25.66544003,144955977,93242679726,0.155460973,62.04,37600000,23456,46.98101044,36.37741852,5.050000191,0.005074,0.008170759,0.00375306,-0.008658009,0.006285619,,-0.001767303,0.010323218,0.002376114,-0.018715671,0.017965717,0.004799968,-0.00280675,0.006151016,-0.012943783,0.003528772,0.000946221,-0.010190932,0.002301384,-0.01329042,0.00727976,29.62185758,31.8639714,30.44347954,27.71756131,30.83646046,,29.26614882,33.24226741,29.86824099,28.73059266,27.76976966,33.36533479,28.84932572,32.28824019,30.76609275,33.32210277,34.25983352,30.67081424,32.45114233,28.046888,34.48405323,0.729975256,0.730998437,1.337283044,1.138471359,0.902255735,,1.767415608,1.340000007,0.832089893,1.64372922,2.418327684,1.030129086,0.956130161,1.204006468,0.963807215,1.060809497,0.941946932,0.689088591,3.888801632,1.196040075,0.894134132
6/20/2019,0.034457762,618.0502332,25.84426193,189187017,93249939407,0.202881651,62.51,38250000,23453.5,50.00185013,38.29101944,5.25,-0.002068282,-0.001231598,-0.001822956,-0.009365079,-0.008020226,,0.005771589,0.000384337,0.003014801,0.018543825,-0.032891247,0.004626519,-0.002642048,0.004254984,0.009586276,0.006308259,0.011356963,0.015896308,0.01821987,-0.009625668,0.004161136,29.61892892,31.89406043,30.4720936,27.72768647,30.85076492,,29.27188137,33.2483961,29.88632278,28.76101833,27.73799472,33.36402324,28.85362514,32.29018546,30.7828475,33.32133961,34.28179049,30.68130111,32.47497914,28.04115795,34.48983592,0.73158715,0.734519712,1.352915485,1.141508594,0.902943123,,1.782621121,1.339184048,0.832272189,1.675549859,2.426666745,1.033320601,0.957703092,1.212894657,0.985234461,1.065535669,0.953635495,0.702989601,3.948356092,1.165448855,0.899375383
6/21/2019,-0.021645752,618.04008,25.85642082,215126001,93267939407,0.230653751,63.51,38900000,23448.5,52.80686188,39.45669174,5.380000114,0.000877565,0.014418668,0.000222198,-0.002653642,0.004189013,,-0.010039542,-0.004655097,-0.015544612,0.003837188,-0.019624549,-0.000627975,-0.015488752,-0.000757712,-1.59266E-07,-0.00402065,-0.002284611,0.001994999,-0.006746089,0.033333333,0.001924674,29.61607354,31.88682703,30.47824797,27.72284224,30.85300211,,29.2650455,33.24762543,29.88980432,28.76358227,27.71952654,33.37208377,28.83938445,32.28406791,30.7763144,33.33647932,34.27993733,30.68600992,32.47062772,28.06851058,34.48408767,0.73533311,0.738287284,1.356796706,1.137085085,0.90952446,,1.773453711,1.334227491,0.823116108,1.679246823,2.418327684,1.035451459,0.937095194,1.212961781,0.98549065,1.067683993,0.951344944,0.706684449,3.929427235,1.225838166,0.89904449
6/24/2019,-0.031486941,617.9989585,25.76136842,153603789,93243939407,0.164733268,65.31,38775000,23447.5,51.84078979,38.50683975,4.480000019,-0.000981028,0.004488171,-0.004916589,-0.005621274,0.019196926,,-0.011892319,-0.008961716,0.005647943,-0.0002885,-0.000862069,-0.003401962,0.001866304,-0.006923812,-0.011906366,-0.005453737,0.007173832,0.001198548,-0.002250465,-0.006944444,-0.000654384,29.6096677,31.87926729,30.47454055,27.715604,30.85389599,,29.24180455,33.23517121,29.89916733,28.76478087,27.7185793,33.37432561,28.85192466,32.26491005,30.7895033,33.32563653,34.29108442,30.68346256,32.46906064,28.06249655,34.49407539,0.732721086,0.740750813,1.350265313,1.127146874,0.928263691,,1.737807748,1.322037566,0.8275787,1.679943063,2.414158153,1.033343489,0.937908591,1.204400456,0.964498309,1.05868539,0.958948875,0.708620277,3.922950473,1.212418319,0.898921237
6/25/2019,-0.066138768,617.9533177,25.69448691,171212137,93258439407,0.183588893,64.9,39150000,23446,49.88943863,37.14286041,4.5,-0.006826965,-0.015321897,-2.05224E-05,0.001481481,0.006788555,,-0.010147252,0.001473262,-0.010289938,-0.000180017,0.000863558,0.001257929,-0.013424191,-0.003583023,0.021536202,-0.001955093,0.001194117,-0.007374586,-0.001260658,-0.030130785,-0.000218946,29.59553773,31.86979555,30.4686757,27.71645136,30.87841583,,29.23017747,33.23047441,29.89428339,28.76475143,27.71952654,33.37186255,28.84341758,32.26388461,30.82644003,33.3264404,34.28328458,30.67959536,32.46474743,28.03213309,34.49342268,0.721324887,0.735457134,1.339304677,1.127146874,0.935296727,,1.725141461,1.316524017,0.820000061,1.678733768,2.418327684,1.033856153,0.926969116,1.201244851,0.99992088,1.058455543,0.958075668,0.703642088,3.92230692,1.174806258,0.897952141
6/26/2019,0.009036129,617.954585,25.6287674,254568123,93273295132,0.272927125,65.88,39000000,23448.5,50.03131866,37.91062164,5.300000191,-0.001904004,-0.002510821,-0.001846252,0.004392404,-0.002600618,,-0.002162541,-0.000287416,0.016873754,0.001468934,-0.003448276,0.00170564,0.023406603,0.000513896,0.001840897,0.007067451,-0.009762773,0.006671177,-0.011164956,-0.018181818,-0.001035152,29.59460246,31.88319478,30.4644826,27.72300872,30.87061154,,29.20618622,33.2365063,29.9104496,28.76548269,27.71573217,33.37152692,28.86651145,32.264554,30.82274294,33.33348991,34.27207375,30.68433018,32.45802622,28.01646569,34.49460692,0.717375054,0.736360251,1.343433394,1.135728523,0.929650435,,1.702981901,1.318887132,0.83512571,1.68022477,2.401649562,1.03627006,0.952575453,1.203670058,1.007116837,1.068699559,0.948741059,0.707266027,3.863836456,1.141256641,0.897918521
6/27/2019,-0.044747113,617.7314267,25.60900271,168512237,93279693690,0.180652648,66.21,38925000,23453.5,46.36231995,35.50476074,4.760000229,-0.007456216,0.004920762,-0.003492669,0.002078032,-0.016882596,,-0.00338168,-0.008546976,0.006700748,0.009175198,0,-0.002226577,-0.008139198,-0.009039156,-0.008747715,-0.001313853,-0.007582516,0.008275975,0.002592636,0.004716981,-0.006398293,29.58985132,31.86969435,30.45704635,27.71648792,30.8546767,,29.19558596,33.18733313,29.88971631,28.76701897,27.71573217,33.3479405,28.84894837,32.25856944,30.80863878,33.31991016,34.26085754,30.68529845,32.45771357,28.02040562,34.48000104,0.713456736,0.734560399,1.3438156,1.130862731,0.915630846,,1.696725735,1.301379444,0.837898654,1.707674059,2.401649562,1.028255497,0.940903186,1.200128982,0.997635517,1.063215279,0.941155959,0.714231025,3.8987055,1.149644045,0.891473951
6/28/2019,0.05714485,617.813341,25.75118454,195191727,93279693690,0.209254254,66.62,38925000,23454,47.65829086,35.8476181,4.730000019,0.004033208,-0.016583182,0.0047883,0.038173382,-0.00247841,,0.003640236,0.006660709,-0.012570602,0.015061862,-0.035,0.006374918,0.006742019,0.012163907,0.001192711,0.009941346,0.001883675,0.001728793,0.010031993,-0.003738318,0.005098304,29.59595665,31.83168995,30.47790778,27.74076263,30.85550016,,29.17918469,33.19073815,29.88939064,28.77675567,27.68353941,33.36461319,28.85851763,32.26607902,30.84116899,33.32436271,34.26291833,30.6855846,32.48006274,28.01725492,34.49135312,0.717162915,0.716315372,1.364660858,1.161060902,0.912901695,,1.675358766,1.307554496,0.830920232,1.739314726,2.401649562,1.037903967,0.951832063,1.214798251,1.007605813,1.072324145,0.944287245,0.715589105,3.939693661,1.142934122,0.89731665
7/1/2019,0.170440287,618.0754951,25.92309118,168480455,93289402817,0.180599779,66.12,38375000,23448,48.8823204,37.16577911,5.309999943,0.00925964,0.002661373,0.006877418,0.016317016,0.016751,,0.007684141,0.003137309,0.011656655,0.021440407,0.036298323,0.004448643,-0.00157563,-0.001488136,0.005984564,-0.00341975,0.01270554,0.004881574,0.002053225,0.008474576,0.0062924,29.59753149,31.89110015,30.46562301,27.75000357,30.8866288,,29.19121806,33.23120281,29.90768585,28.78882344,27.7150466,33.36706788,28.85631752,32.26765955,30.83975653,33.34291306,34.28058579,30.69080152,32.4759644,28.02433008,34.50523502,0.71585236,0.732247873,1.354722732,1.180052757,0.92994004,,1.694878219,1.314445615,0.846249395,1.787171822,2.409988623,1.038841642,0.951832063,1.209308386,1.006855875,1.076291096,0.955306923,0.717647642,3.937342805,1.15803145,0.906083861
7/2/2019,-0.07449981,618.0372019,25.88040549,143058817,93332493770,0.153278683,65.01,38375000,23446.5,48.96319962,37.31856155,4.809999943,-0.008046519,0.000167234,-0.002620851,-0.017102804,0.002902023,,0.005094704,0.004811437,-0.005045983,-0.003611278,-0.034482759,-0.000317973,-0.016148275,0.001096124,0.005360074,-0.004955431,-0.002282268,-0.005394145,0.002013422,0.006427015,-0.002363558,29.59308773,31.9048997,30.47196098,27.74761274,30.88376615,,29.19211823,33.23397595,29.90086353,28.7854445,27.68349933,33.35945399,28.84536009,32.2792247,30.83947246,33.33859389,34.27404004,30.68800865,32.48232906,28.03200235,34.50148785,0.71286602,0.738086781,1.352161099,1.16601515,0.932433873,,1.696450451,1.316594664,0.837521137,1.779397186,2.409988623,1.038922067,0.933971236,1.210849265,1.005516937,1.073306328,0.952516623,0.71435458,3.946967976,1.160062671,0.902422826
7/3/2019,0.031467052,618.0559916,25.86705219,131319150,93367437898,0.140647696,62.65,39250000,23449,49.27627945,37.62414169,5.619999886,-0.009206566,0.014032134,0.005264078,-0.0136683,0.00330676,,-0.001973782,0.001736165,-0.008402633,0.000569476,0.032407407,0.002743036,0.003806784,-0.000962731,0.013271878,-0.004843909,-0.002192338,-0.000358768,-0.003790437,0.002520771,-0.002791973,29.58624668,31.90239537,30.46737061,27.74410465,30.88241741,,29.19811699,33.22602249,29.89121629,28.78676298,27.71115719,33.3586343,28.85277839,32.27446084,30.85245835,33.34210042,34.27016043,30.69026021,32.48025186,28.03762066,34.50145544,0.706475054,0.738197137,1.353679157,1.154248383,0.934447011,,1.700287846,1.322404734,0.842276795,1.780493677,2.409988623,1.041850582,0.938802757,1.210676187,1.012657154,1.069833995,0.950859583,0.714411711,3.936389745,1.150528397,0.898543666
7/4/2019,0.05071662,618.1654165,25.79712556,189067023,93377076662,0.202476914,63.63,38850000,23451.5,50.45259094,38.48358154,4.800000191,0.01823827,0.000599244,-0.007390884,-0.015483133,0.000935964,,0.003332115,0.001187768,0.006785707,-0.018096724,0.013627702,-0.001413235,0.017218137,0.005637634,0.015251714,0.007981041,0.009497135,0.006312958,0.003525169,-0.021209688,0.004179725,29.59634744,31.90641256,30.46719515,27.7036498,30.8844427,,29.20021135,33.22953386,29.89363166,28.77976857,27.72312053,33.36705187,28.8813939,32.28466142,30.87525877,33.34575571,34.29277611,30.7043393,32.48836183,28.02269255,34.51881142,0.712724984,0.736281808,1.337469774,1.10747708,0.933993247,,1.701352248,1.323582992,0.842854007,1.734899635,2.405819092,1.041939535,0.963730657,1.220226129,1.026056207,1.076415372,0.96277827,0.7207272,3.938482998,1.103912674,0.906401646
7/5/2019,0.088615898,618.261167,25.90027925,139179542,93385744961,0.149037246,63.35,38975000,23451.5,51.71364975,38.92477036,5.25,0.002492113,0.001143346,0.010754313,0.021484375,-0.003547208,,0.007579736,-0.002449836,8.61606E-06,0.023341213,-0.001733102,-0.001290691,0.004803878,-0.00323198,0.009132595,0.002222444,-0.000515347,0.000458511,0.007561729,0.007482517,0.002918675,29.59378159,31.90914973,30.46806868,27.74233002,30.87793128,,29.20672947,33.23176509,29.89315584,28.79257466,27.72123195,33.3686943,28.88707907,32.29778993,30.87559301,33.3458563,34.29291641,30.70639762,32.48864381,28.03600476,34.52547349,0.710680509,0.738249468,1.349675069,1.155162661,0.931318227,,1.709355095,1.318623887,0.841605535,1.759760871,2.397480031,1.040151286,0.964813267,1.215565064,1.035330343,1.076081768,0.961844047,0.719139425,3.968927114,1.096409622,0.910105964
7/8/2019,0.000301968,618.205023,25.81216054,162306303,93375744961,0.173820624,64.17,38675000,23457.5,51.87606812,38.86777878,5.46999979,0.00539464,0.006052627,0.004802772,-0.004920049,0.002146811,,0.015082576,-0.0081749,0.007570922,-0.000730908,0,-0.003272725,-0.003694161,-0.003884595,0.00926979,-0.011279667,-0.007609101,-0.004998654,0.002097005,-0.001689189,-0.001861224,29.59201652,31.90030728,30.46884097,27.73967815,30.87181264,,29.21844544,33.2251489,29.88939309,28.7919402,27.72123195,33.36626951,28.88589572,32.2763905,30.90377974,33.33439354,34.28153207,30.70249104,32.49034504,28.0339059,34.51120481,0.711063695,0.737068327,1.349285609,1.149736417,0.929082612,,1.723603969,1.303933666,0.848642698,1.731505306,2.397480031,1.037781152,0.958387454,1.207534126,1.025926117,1.064621803,0.95432732,0.714955157,3.966445326,1.095482446,0.905297311
7/9/2019,0.107800415,618.2783843,25.91453111,176924337,93375744961,0.18947569,63.97,38675000,23460,51.96992874,38.65880966,5.360000134,0.009700518,0.008259817,0.00507401,-0.006116208,0.025985028,,0.008521496,0.005721518,-0.007713415,0.034517328,-0.01139008,0.00340016,0.008908923,0.004547053,0.009115608,0.008326522,0.001636039,0.002516184,0.003892011,-0.011207195,0.004105099,29.59757441,31.90199924,30.48225581,27.72808318,30.87988517,,29.24888584,33.23313408,29.88436476,28.81635275,27.71001348,33.36534994,28.89145868,32.28372589,30.8967241,33.33769887,34.28490485,30.70750566,32.49145673,28.02288688,34.51412405,0.715596733,0.737744103,1.346576251,1.135286241,0.944053766,,1.759083576,1.3160687,0.844889787,1.77959999,2.376632379,1.042282599,0.962901117,1.214779701,1.026694333,1.070267076,0.95624871,0.716330876,3.978624735,1.082636034,0.908234406
7/10/2019,-0.012181266,618.3481672,25.96475675,152902451,93375744961,0.163749645,65.04,38725000,23460.5,50.81792068,37.7226181,5.369999886,0.011120032,-0.004236895,0.00435938,-0.025250352,0.004175772,,-0.008051277,0.004648842,-0.000458051,0.015721576,-0.000877193,-0.001652105,-0.007845591,0.003115767,-0.007682192,-0.000384741,-0.000522158,0.005851833,0.006263392,-0.014731688,0.004254382,29.60055728,31.90170528,30.49039812,27.71372988,30.88721248,,29.26537327,33.24413029,29.89319234,28.82326548,27.70905718,33.37101835,28.8843378,32.29509862,30.90133728,33.33738149,34.28794277,30.71153646,32.50625211,28.00494768,34.51969307,0.716664378,0.73544919,1.35701012,1.12172063,0.95194612,,1.777850504,1.325733796,0.841814369,1.793972693,2.372462848,1.0414782,0.953017319,1.215831856,1.023887327,1.06803172,0.957037957,0.719502527,4.002898303,1.073541148,0.914905746
7/11/2019,-0.002213872,618.3772435,25.95270421,173397919,93434862295,0.185581607,67.05,38750000,23453,51.59331894,38.50683975,5.369999886,-0.012370416,-0.005396258,-0.000767666,0.015830879,0.008454026,,-0.007321034,0.002775694,0.002527314,0.007628189,0.000878735,-0.00250497,-0.002261349,0.001363252,0.007380913,4.60258E-05,0.007471993,0.000949288,0.004844211,-0.037682617,0.00593992,29.6006709,31.91056646,30.48630168,27.73466234,30.88776754,,29.25164026,33.24773855,29.9001087,28.82126308,27.71001348,33.37432632,28.87503669,32.30191497,30.92124035,33.33207535,34.30523123,30.71245894,32.50944617,27.97378491,34.52099556,0.710806434,0.737046372,1.346734187,1.1501787,0.95894027,,1.764894589,1.32490669,0.841297932,1.793700066,2.376632379,1.042880155,0.953151925,1.215672138,1.035850757,1.064153259,0.965428545,0.72009032,4.013647453,1.016329927,0.920362107
7/12/2019,-0.043108135,618.287602,25.88356707,161195087,93438867271,0.172513957,67.01,38950000,23450.5,51.54507065,38.48049164,5.369999886,-0.00370869,-0.010100783,0.007246341,0,-0.001802739,,-0.003483467,-0.003789261,-0.004513487,0.006681308,-0.000877193,-0.005711803,-0.015375788,-0.009283919,-0.006809508,0.006265652,0.004223148,-0.001416041,0.000393187,0,-0.00104509,29.59920192,31.90909034,30.48311247,27.73466234,30.88970408,,29.23000633,33.24513611,29.893741,28.82232431,27.70905718,33.38142062,28.85644146,32.28788254,30.91211557,33.32311052,34.30104346,30.71306957,32.50579203,27.97378491,34.51690525,0.710775137,0.732069702,1.353363526,1.1501787,0.962025975,,1.740949944,1.321110053,0.83500846,1.792551204,2.372462848,1.039507723,0.936217387,1.203351264,1.052247713,1.068489719,0.966617348,0.719378602,3.992504159,1.016329927,0.918427676
7/15/2019,0.006240449,618.2798886,25.84969019,156376885,93480627974,0.167282664,66.54,39125000,23452.5,52.45798111,39.11565018,5.400000095,0.015053995,0.002394364,0.005211993,-0.012722646,-2.54876E-05,,0.002868958,-0.00110018,0.008414631,-0.007558338,-0.004393673,0.002046347,0.003610535,-0.003883572,-0.016382356,-0.001136686,-0.000730366,0.007624111,0.001283959,0.002990544,0.002674318,29.60456414,31.91055286,30.48813134,27.72796814,30.89453619,,29.24168036,33.24473412,29.89248296,28.81693209,27.7042619,33.36840458,28.86257887,32.28385711,30.90200587,33.31380784,34.30928358,30.72455159,32.50293202,27.97782727,34.5087958,0.716979354,0.733568976,1.362133215,1.136613089,0.961722916,,1.728597152,1.321059383,0.840885907,1.781278569,2.351615196,1.040488557,0.938592763,1.201018034,1.023868974,1.071159296,0.967277842,0.727817194,4.016437699,1.017345538,0.91123054
7/16/2019,-0.025853513,618.2952824,25.7860993,178493018,93486860156,0.190928455,66.5,39125000,23452,52.2323494,39.13454056,5.590000153,-0.00574106,0.017520112,-0.004873124,0,0.004209965,,-0.009379125,-0.004965293,-2.66154E-05,0.015104386,0.008029382,-0.002274026,0.002143295,-0.000807653,-0.026642017,0.002912346,0.004706479,0.0063999,-0.005773032,-0.027900719,0.001503287,29.60199504,31.90674809,30.48029529,27.72796814,30.89564147,,29.24921009,33.24420427,29.88859491,28.82401663,27.71173518,33.37635806,28.8656153,32.29940585,30.87075233,33.32028088,34.32829218,30.73063755,32.49468348,27.95608526,34.52276244,0.714897608,0.741196083,1.34681627,1.136613089,0.966816304,,1.72699857,1.313368478,0.842962526,1.799003325,2.355784726,1.0414012,0.935296316,1.201255228,0.984096242,1.074427651,0.975700856,0.736359882,4.001596625,0.976997562,0.914510763
7/17/2019,-0.022814718,618.2605001,25.72187788,184249867,93486860156,0.197086378,64.69,39150000,23455,53.81526947,40.04558945,5.539999962,0.005878396,-0.000933715,-0.004138903,0.006613757,0.0148191,,-0.004350927,-0.002331078,-0.011139356,0.002163957,-0.004424779,-0.004241667,0.001581623,-0.005464752,0.002992442,0.006529222,0.010631264,-0.009175271,0.007784329,-0.035816785,0.000208425,29.59946034,31.90614442,30.47555241,27.73132084,30.89824542,,29.24632575,33.25723637,29.8898807,28.82265888,27.70695276,33.37372371,28.86768211,32.29101509,30.87314258,33.32512084,34.32709134,30.72514133,32.4944854,27.92704877,34.52227105,0.710637906,0.738438589,1.345227924,1.143395894,0.990377358,,1.723642495,1.309925881,0.836609632,1.785351663,2.334937074,1.036080903,0.937714767,1.195477789,0.966727736,1.082505546,0.982930225,0.735006021,4.022428151,0.930601532,0.913860788
7/18/2019,0.072921904,618.2088089,25.77557561,148470934,93486860156,0.158814762,63.83,39400000,23457,51.35240936,39.01832962,5.5,-0.006080672,0.016185889,-0.000535045,0.022049287,0.016471786,,0.000777125,0.00051655,0.004433029,-0.007839784,-0.007042254,-0.004441566,-0.003192517,-0.000165385,0.014334533,-0.004068108,-0.003934561,0.007273639,-0.003772932,0.035,-0.003047109,29.5968832,31.90549916,30.47249078,27.74263667,30.89692696,,29.24025109,33.24520391,29.88765471,28.80574436,27.70040906,33.36626917,28.86484667,32.29809445,30.87490134,33.30526361,34.32302343,30.72510169,32.48813647,27.95093608,34.51853611,0.707259817,0.746002985,1.339110583,1.166457433,1.005736716,,1.719347238,1.308257281,0.839667873,1.767390477,2.334937074,1.03159106,0.933793555,1.198399795,0.985363575,1.073449134,0.977348613,0.745413769,4.007173976,0.977570997,0.91130366
7/19/2019,0.03339125,618.2632407,25.94620539,177404244,93486860156,0.189763827,63.19,39800000,23454.5,49.90182877,37.82857132,5.099999905,0.018855112,-0.006690668,-0.005004142,-0.01459854,-0.002024836,,-0.009415178,0.005808821,0.002410721,-0.002050992,0.010714286,-0.002686131,0.0071977,0.004402642,-0.013406272,-0.002237465,0.004271816,0.003750624,-0.004213513,0.034462617,0.003844649,29.59578024,31.90380234,30.48264758,27.73466234,30.91928429,,29.22914998,33.23788399,29.88360976,28.79163287,27.71420509,33.35091333,28.87335101,32.30158074,30.86550632,33.32248721,34.33872502,30.7234176,32.4908517,27.97550067,34.52824859,0.708505482,0.740547599,1.343360467,1.1501787,1.003554876,,1.705913282,1.3177251,0.844599991,1.77439362,2.451683928,1.027530053,0.941011214,1.207006839,0.979399584,1.078093547,0.982078739,0.747020649,3.999892213,1.027056683,0.916652829
7/22/2019,-0.113527762,618.1594913,25.77469223,172550332,93486834006,0.1845718,63.09,39550000,23459.5,49.6321106,37.55210114,5.340000153,-0.010688353,-0.010959907,-0.001283314,-0.011635438,0.003681538,,0.011347169,-0.001888392,-0.00454734,-0.016174853,-0.053221289,-0.002675189,-0.002457449,2.15039E-05,-0.014499432,0.002513889,0.000675551,-0.001529177,0.001100868,0.00273224,-0.004040389,29.59121905,31.90511726,30.47706752,27.71577169,30.92229094,,29.21899043,33.2333638,29.87576795,28.77113116,27.6602213,33.35325142,28.86743344,32.31787622,30.86641089,33.32141297,34.33921938,30.71777667,32.49739812,27.97755494,34.53021618,0.706857621,0.735091897,1.338639694,1.125790313,1.00887257,,1.708454233,1.3197918,0.837396378,1.751771399,2.334937074,1.029279831,0.937720148,1.209063997,0.97295064,1.076608018,0.983929654,0.745387506,3.995919889,1.031250385,0.924979187
7/23/2019,0.069467824,618.2266738,25.77279986,194585685,93487870164,0.208140034,63.45,39475000,23459.5,49.89207077,37.52355957,5.389999866,0.001903744,0.005990562,0.006804671,0.023405945,0.006481875,,-0.00548489,0.00180054,-0.013210839,-0.004715207,0.038839286,-0.002170372,-0.009853649,0.004363558,0.004198636,-0.000540827,0.001726887,-0.010951146,0.001821274,0.017701863,0.001355914,29.5877159,31.90533153,30.47971242,27.72907641,30.93361144,,29.17930016,33.24466816,29.86331664,28.75747089,27.69471397,33.35901366,28.85675199,32.32869766,30.87700916,33.32238417,34.33689328,30.71585655,32.50292803,28.00454458,34.54767721,0.707082535,0.736783634,1.347008329,1.127146874,1.023923815,,1.684463925,1.321873684,0.829082226,1.738821353,2.355784726,1.026743393,0.926581277,1.215942861,0.980800041,1.076131351,0.982924522,0.731975429,3.99974768,1.029310387,0.930671822
7/24/2019,-0.063293416,618.1938252,25.77155127,186495055,93489584164,0.199482174,64.18,39525000,23459,48.48717117,36.45124817,4.710000038,0.013409937,0.001824947,-0.005993159,-0.002492212,0.023918217,,-0.008401389,-0.003020698,0.005791916,0.00174257,-0.033048698,0.001759498,-0.021790551,-0.003326729,-0.006830126,0.002849226,-0.004016489,-0.007215953,-0.000130761,-0.016891892,-0.001431072,29.59667574,31.93249992,30.48087944,27.72440517,30.9359582,,29.18074044,33.24090785,29.87272332,28.749102,27.66423182,33.35919957,28.84584056,32.34683998,30.86446792,33.326549,34.32262626,30.70848397,32.50496023,27.98267036,34.55406349,0.713942784,0.749901404,1.342555746,1.121366804,1.051449529,,1.683684086,1.314555049,0.829631926,1.755819889,2.351615196,1.030382019,0.903991249,1.211623228,0.974941181,1.079633652,0.976959606,0.725352557,4.004024426,1.02003863,0.930082311
7/25/2019,0.034668642,618.2531373,25.84392494,178835083,93495759320,0.191276144,63.42,39615000,23457,48.16117859,36.5289917,5.489999771,0.006233529,0.007205628,0.00030031,0,0.012058864,,0.006636342,-0.004303036,0.000510295,0.023339392,-0.0234375,-0.001578706,0.016792818,-0.005449243,-0.00430815,0.006015783,0.002639792,-0.001682573,0.001637613,-0.009362859,0.001420339,29.60040235,31.92835157,30.49093234,27.72440517,30.94011961,,29.18354317,33.24939548,29.86607332,28.75894701,27.64359939,33.37635365,28.84879866,32.3407126,30.86677565,33.32504729,34.32731449,30.73376083,32.50855533,27.9766973,34.56335211,0.714903291,0.751533751,1.340555657,1.121366804,1.066251994,,1.693189628,1.310201045,0.827468785,1.804577818,2.351615196,1.031229312,0.92220222,1.205652432,0.964909663,1.085258875,0.97919994,0.725596691,4.013952446,1.004190997,0.930068395
7/26/2019,-0.020673377,618.1840191,25.84790948,162970730,93495745887,0.174308177,63.46,39545000,23460.5,49.13946152,36.54573059,4.619999886,3.17603E-05,0.005475623,-0.007221464,0,0.005433781,,-0.022214268,0.000792637,0.002026782,0.016585422,-0.027249738,-0.001363684,-0.006102697,0.006056273,-0.004717418,-0.001387475,-0.003454653,-0.000776621,-0.00412072,0.022463969,-0.000930887,29.59751916,31.93005056,30.47930795,27.72440517,30.94356212,,29.16954213,33.24932061,29.87565479,28.76476222,27.61939767,33.36741121,28.83745204,32.33070154,30.85508426,33.32212611,34.33171411,30.73412345,32.50732033,27.9861371,34.55842658,0.709553364,0.752762542,1.333161209,1.121366804,1.074344328,,1.67114085,1.308256684,0.830283281,1.847078861,2.339106604,1.023511328,0.914655941,1.210599015,0.959045678,1.08399017,0.978053896,0.723053471,3.991603478,1.048863934,0.927478044
7/29/2019,-0.061697888,618.1271638,25.80482212,151367912,93495745887,0.161898181,63.35,39595000,23464,47.66775894,35.50696945,5.389999866,-0.01076595,-0.012666937,-0.01435953,0.011494253,-0.003940477,,-0.019606149,0.004226165,0.000371737,-0.002918288,0.000891266,-0.000236163,-0.010847166,0.005507002,0.007566528,-0.002032039,-0.0041018,-0.006869813,-0.00222679,-0.00236071,0.001176972,29.59169072,31.91366471,30.46036394,27.73045341,30.94052279,,29.13527667,33.2675437,29.87987255,28.76310989,27.62044363,33.36261873,28.81931115,32.34421754,30.85424267,33.3182671,34.34125736,30.73214364,32.50688383,27.98097063,34.56430915,0.704937481,0.746616953,1.319202476,1.133575854,1.074485983,,1.632503964,1.316811004,0.830116864,1.843532762,2.343276135,1.024069464,0.895938478,1.211813097,0.979932975,1.078700917,0.977655128,0.716975836,3.991699579,1.052703895,0.930273271
7/30/2019,-0.116183911,617.9498943,25.75114774,163434692,93510601314,0.174776645,64.19,39510000,23464,45.91765976,34.41387177,5.190000057,0.000445068,0.004377527,-0.005945478,-0.006695961,-0.009290921,,-0.006365851,-0.002391826,-0.01449313,0.021773591,-0.032703399,-0.001198203,-0.008298334,-0.007599302,-0.002427092,-0.003613944,-0.008326509,0.001329958,-0.00404935,-0.027002288,-0.003708468,29.60355998,31.91224993,30.44582923,27.73421769,30.92583143,,29.10758354,33.25148426,29.87326806,28.77148136,27.5937341,33.36429706,28.81560348,32.32918704,30.85710227,33.3139344,34.33222004,30.72540161,32.50114877,27.94981661,34.54194348,0.708469956,0.747854138,1.311981943,1.133015401,1.066657524,,1.605272559,1.315664762,0.822538752,1.895445451,2.351615196,1.022040188,0.888166062,1.205116029,0.982226926,1.076106821,0.971489419,0.718452608,3.970461555,1.033190383,0.925382066
7/31/2019,-0.040729403,618.0359468,25.72322308,187208532,93519563517,0.200181144,65.34,39700000,23457.5,45.09506989,34.03250122,5.440000057,-0.00505298,-0.007216403,-0.010642323,-0.020746888,-0.011160714,,0.009236006,0.003346004,0.003308214,0.004510355,0,0.000116153,-0.006159994,0.004971579,-0.014946419,-0.000813888,-0.000595183,-0.001917605,0.000547734,0.011616402,0.000870546,29.60168296,31.92531958,30.4499858,27.72165779,30.92967031,,29.08989346,33.25574089,29.8726218,28.82863479,27.5937341,33.36709395,28.80989087,32.34093195,30.85218911,33.31297115,34.33074127,30.72697649,32.49922942,27.96825574,34.55872541,0.708929339,0.749263939,1.305368373,1.133015401,1.050100815,,1.591688568,1.32200512,0.821432628,1.901270074,2.351615196,1.023649133,0.880824559,1.210854137,0.978408322,1.076550993,0.969318916,0.716915014,3.975012492,1.026796515,0.93020354
8/1/2019,-0.010804431,618.0349368,25.79897077,227353642,93521417933,0.243103288,64.34,39395000,23460.5,46.19356155,34.45156097,5.170000076,-0.008067815,-0.023353008,0.004699137,0.018720218,0.009942827,,0.00091458,-0.003835026,0.010442227,-3.00079E-05,-0.028900709,0.002382863,0.004202799,-0.000723679,0.002285073,-0.001332362,-0.005673662,-0.002923312,-0.006123194,0.009090909,0.007477713,29.59344443,31.91729907,30.45671637,27.73173644,30.92926194,,29.09540241,33.24826297,29.86995705,28.8323986,27.57258542,33.37490724,28.81491227,32.33737187,30.84460473,33.31876785,34.32961724,30.72229664,32.49328271,27.97515476,34.57695674,0.701566699,0.74088147,1.329923888,1.146581012,1.057989315,,1.601122678,1.316389709,0.829489322,1.903103667,2.372462848,1.029612874,0.887201915,1.209494062,0.979761966,1.078759455,0.965175627,0.712742158,3.954995023,1.040812806,0.940904275
8/2/2019,0.057101464,618.0159303,25.9506969,196072579,93521417933,0.209655268,61.95,39795000,23466.5,45.8345108,34.50490952,5.260000229,0.013969295,0.004678283,-0.001161273,0.009876543,0.034604172,,-0.014239664,0.002821735,0.000395431,0.01693172,-0.028457751,0.003504384,0.004077012,0.005732711,-0.011882975,0.004861923,0.002226072,0.001614537,-0.003325548,0.00947852,0.001396338,29.59517572,31.91721844,30.45924533,27.72047795,30.94546341,,29.09639653,33.2339441,29.85985428,28.84555451,27.55362156,33.37289108,28.8266833,32.36334746,30.82396751,33.3138793,34.32414714,30.72549005,32.48109524,27.98573028,34.57174707,0.706971387,0.739698729,1.33230636,1.142098759,1.108066977,,1.606130622,1.314863105,0.834379561,1.933179105,2.397480031,1.034247208,0.899035721,1.221437205,0.977048447,1.078883439,0.963757596,0.714128905,3.95598484,1.048025582,0.942973319
8/5/2019,0.043594887,617.9512256,25.918887,200963471,93521408133,0.214884993,61.1,39895000,23471.5,45.11397934,33.9380188,4.199999809,-0.002879716,-0.003172073,-0.005960426,0.030211817,0.011047769,,-0.021434295,0.001691947,0.003838987,0.011699375,0.025346901,0.000618142,-0.002239969,0.004171982,0.024282487,-0.010135634,-0.009406173,-0.006698637,-0.004629784,0,-0.002757814,29.58668952,31.88891362,30.45651069,27.75355115,30.94963771,,29.06459141,33.22065155,29.85979726,28.85624065,27.56668937,33.37192071,28.81827044,32.38322739,30.84526259,33.29447977,34.31017611,30.72367925,32.47366372,27.98573028,34.54154248,0.704852432,0.734620927,1.329233398,1.170999112,1.12833311,,1.570732459,1.316847222,0.836518166,1.956533216,2.355784726,1.038866351,0.89165636,1.23298723,1.005328352,1.068410349,0.951173623,0.710527906,3.929561541,1.048025582,0.937894938
8/6/2019,-0.107979015,617.8313971,25.75873406,222154163,93521408074,0.237543647,60.21,40650000,23479,43.97668839,33.22653961,4.269999981,-0.000908684,-0.018937374,-0.001831566,-0.031297827,-0.01011607,,-0.013340333,-0.003405822,-0.009008972,-0.001833003,0.040170292,0.001482557,-0.01297813,0.002846196,-0.003135764,-0.01350757,-0.007338351,-0.001926561,-0.020282217,-0.002222222,-0.000407595,29.5819081,31.86019236,30.46949526,27.73508559,30.94581458,,29.03637145,33.2033881,29.83332327,28.85244383,27.59904468,33.37024337,28.79457247,32.40801291,30.86256135,33.27726997,34.29758149,30.71987025,32.45857267,27.98402809,34.54161731,0.705522655,0.717227927,1.331318833,1.160146623,1.109172341,,1.541031003,1.308354637,0.831833573,1.955236937,2.380801909,1.042465275,0.868608296,1.23959798,1.010269652,1.051302112,0.943234486,0.707499315,3.872902631,1.044521509,0.937686371
8/7/2019,0.067380554,617.9287015,25.84830768,225148749,93539286529,0.240699665,59.02,40950000,23480.5,45.06608963,33.98040009,5.139999866,0.008841069,0.015141315,-0.006391731,0.002380952,0.00052907,,-0.003055027,0.000857572,0.006715493,0.000517427,-0.000875657,0.004565104,-0.003439716,0.002522799,-0.002954425,0.004623349,0.0033515,0.006981856,0.016177446,0.008258929,0.002633227,29.58276698,31.87191166,30.5035782,27.7364185,30.95715091,,29.05880196,33.19391342,29.83336901,28.85012984,27.59797609,33.37718004,28.79082107,32.40255927,30.86258613,33.28008568,34.30224264,30.72805391,32.46725958,27.99366739,34.53822924,0.706079072,0.728701511,1.335479953,1.162859745,1.102640258,,1.524902557,1.313176401,0.837808465,1.951421631,2.376632379,1.049025959,0.86422924,1.242990457,1.027363111,1.054415903,0.944151327,0.711867381,3.925297965,1.049982248,0.939282121
8/8/2019,0.106489568,618.0370113,25.91958517,224392926,93542231185,0.239884086,57.63,41885000,23475,46.16487885,34.67498016,5.119999886,0.009158348,0.008850002,0.002384323,-0.018518519,0.012558499,,0.014844158,0.002747902,0.008915207,0.00054878,0.002631579,0.006071043,0.008964525,0.018436644,-0.001142662,0.000189485,0.005858737,0.0397251,0.002516931,-0.022632454,0.004381939,29.58897174,31.87552065,30.50484924,27.70110531,30.97356233,,29.05001763,33.19849491,29.86764397,28.83547188,27.60117845,33.38330638,28.80605744,32.41559544,30.86593347,33.27999638,34.30928881,30.77630737,32.47455733,27.9728927,34.55625984,0.712147468,0.732125312,1.342523626,1.119509217,1.127206774,,1.514642827,1.316736374,0.842482342,1.958748021,2.38914097,1.053968263,0.879068566,1.257870567,1.027616367,1.054009069,0.953750638,0.743835679,3.929062303,1.021745035,0.943395752
8/9/2019,0.063984063,618.0800543,25.99598902,197851648,93500808577,0.211604211,57.35,42150000,23472.5,47.53992081,35.35430145,5.400000095,0.007008796,-0.00157305,0.010663815,0.008274232,0.010760682,,0.016910684,0.006470891,-0.004862918,-0.001105288,0.001745201,-0.001169767,-0.003242157,-0.002759145,0.006404919,-0.000871119,-0.000301762,0.008273858,0.0002837,0.001149425,0.001923066,29.5975406,31.87527565,30.50503852,27.70592336,30.99015488,,29.07501622,33.20364939,29.8624692,28.83725593,27.60330767,33.37391898,28.79957626,32.41199982,30.86427001,33.28523706,34.3089236,30.78234205,32.47192526,27.97375369,34.55247617,0.719547609,0.728824564,1.35206735,1.129005144,1.143854683,,1.544209437,1.324766848,0.837035113,1.956946553,2.397480031,1.050103973,0.869901063,1.248981808,1.028746174,1.056900464,0.952850748,0.753207767,3.932183708,1.023497072,0.945878909
8/12/2019,-0.029425493,618.1524729,26.06908983,175703828,93539088206,0.187840005,58.34,41500000,23471.5,47.61721039,35.18236923,5.539999962,0.001117224,-0.003482126,0.003763892,0.021914648,0.003644212,,-0.008823096,-0.003785993,-0.006233547,-0.001477022,-0.032711521,0.003330639,-0.007159596,-0.009606922,0.00062341,0.004322523,0.003626727,0.012023951,0.005401931,-0.015432503,-0.000482323,29.60165355,31.87806986,30.50050582,27.71888509,31.00950852,,29.09572874,33.20532978,29.92285369,28.83620176,27.57835787,33.37498736,28.80225917,32.39730208,30.86438328,33.2833547,34.30795377,30.7826494,32.48451338,27.95486517,34.55310987,0.721182625,0.725484641,1.357591496,1.154779805,1.148838501,,1.570021965,1.320612497,0.833695705,1.954673769,2.405819092,1.051711238,0.866857711,1.236343557,1.029069732,1.060204397,0.954370959,0.759410398,3.958689969,1.01432763,0.945404146
8/13/2019,-0.004052931,618.0477041,25.99224534,187698316,93539088206,0.200662974,58.51,41925000,23477,46.73392868,34.65045929,5.340000153,0.002099094,0.001885165,0.006157027,0.033121223,-0.013563848,,0.010906438,-0.004250715,-0.00161686,-0.013413859,0.035866551,-0.001178148,-0.012128496,-0.010550242,-0.004239771,-0.007539855,-0.004583016,-0.017811654,-0.0049925,0.007703685,-0.005923151,29.59836284,31.89065897,30.49943916,27.76172795,31.00755602,,29.07806592,33.18832927,29.90791579,28.82258329,27.60504967,33.38006297,28.78864187,32.36285438,30.85209451,33.26873258,34.30115458,30.76198193,32.47422965,27.958124,34.54013873,0.724602764,0.734277887,1.361268968,1.215068848,1.125969535,,1.551639951,1.313292547,0.832662598,1.925774623,2.409988623,1.05339495,0.851544396,1.225888403,1.019919184,1.04936763,0.948451968,0.740357797,3.940911171,1.031694522,0.936168974
8/14/2019,0.010287775,618.0779059,26.02232589,153003851,93544478206,0.163562675,61,41450000,23482.5,47.12934113,34.76443863,5.71999979,-0.002821701,0.000476291,0.001961559,-0.007183082,0.023198717,,-0.016031646,-0.002336586,0.000206205,0.004280603,-0.030980177,0.001315765,-0.003785968,-0.002770471,0.004202385,0.007653773,0.003699009,-0.002846647,-0.000622609,0.028844753,0.003827603,29.59270781,31.87836294,30.49006239,27.75712131,31.02643602,,29.09107159,33.19371066,29.90345172,28.82694669,27.58162357,33.37992945,28.78435246,32.36752203,30.87143158,33.2721082,34.3040595,30.75534106,32.47039767,27.98912598,34.54214326,0.719523412,0.73312241,1.355629026,1.203776398,1.162622532,,1.54917834,1.311671902,0.831542227,1.931513705,2.418327684,1.051985329,0.85358039,1.219176556,1.00601408,1.056395316,0.952282053,0.736623529,3.935114693,1.055033727,0.939212583
8/15/2019,-0.026540359,618.2042183,26.06311903,188394386,93766188192,0.200919318,59.19,41950000,23479,47.71221924,35.04938889,5.25,-0.005462578,0.005573598,-0.009253968,-0.020753793,0.029348823,,-0.002078013,0.002758741,0.002268165,0.001759537,-0.034586207,0.005660093,-0.024754058,0.008577043,0.002590096,-0.000885064,0.003437357,0.010295004,-0.003545708,0,0.002510574,29.58849871,31.86461248,30.47925714,27.74427613,31.04643821,,29.08364404,33.19239063,29.8998967,28.82916403,27.55433599,33.39502676,28.74884785,32.38023542,31.01105617,33.28983872,34.31898809,30.7719881,32.46009084,27.98912598,34.55650633,0.715505574,0.733770667,1.338076627,1.175545273,1.21255089,,1.555287452,1.314914246,0.831120072,1.935785424,2.405819092,1.059347603,0.843567203,1.235151638,1.008371762,1.063372699,0.959049497,0.743700057,3.933013457,1.055033727,0.944136072
8/16/2019,-0.019884312,618.2517524,26.02567977,204186417,93780400031,0.217728243,58.66,41925000,23482,48.38360977,35.77112961,5.019999981,0.014955267,-0.010902099,-0.006902832,-0.014285714,0.007116058,,0.004464926,0.003580892,0.004245026,0.011292357,-0.016631116,0.001939388,-0.025847935,0.009359192,-0.008748564,0.004033605,0.016770821,-0.000677357,-0.00139579,-0.01595343,0.003702993,29.59166577,31.87781451,30.47521525,27.73599082,31.03399387,,29.16116476,33.19389416,29.9185407,28.83443983,27.54395697,33.37615438,28.71714334,32.37959669,31.01160674,33.30317298,34.32242697,30.78130251,32.46302136,27.97343446,34.55721638,0.722641806,0.726611898,1.329670001,1.158606597,1.219149137,,1.528444944,1.31678358,0.831504141,1.943990237,2.418327684,1.057548849,0.834044175,1.244399074,1.003280071,1.069321417,0.970825549,0.746624079,3.921335539,1.037308733,0.945262257
8/19/2019,0.027467312,618.2786847,26.08252811,161434783,93798040031,0.172108909,59.19,41625000,23483,49.24343109,36.99047852,5.25,-0.014350053,0.001234078,0.004307052,0.02238806,-0.005836981,,-0.02052093,0.003573556,0.00461117,0.020473865,0.034444444,0.000874195,-0.015411117,-0.002386149,-0.008269124,-8.27637E-05,0.002034641,-0.000380256,0.002382567,-0.00638526,0.004766318,29.58417792,31.8813963,30.47978997,27.74839318,31.038207,,29.16399547,33.2009562,29.91709145,28.85100807,27.56747688,33.37743339,28.69781598,32.37800838,30.99073557,33.30763083,34.31859018,30.78811319,32.46446434,27.96343595,34.55996448,0.714052073,0.730485499,1.337962501,1.18401461,1.212356748,,1.522435817,1.321340724,0.835723905,1.971931322,2.418327684,1.055726169,0.837200472,1.245963723,0.995080081,1.069939513,0.970256939,0.745514672,3.927679185,1.038753825,0.947782651
8/20/2019,0.084085196,618.3676509,26.12108658,188735860,93799440141,0.201212139,59.85,41475000,23482,50.25611115,37.37585831,5.630000114,0.01219893,0.002051054,0.001800013,0.004662005,0.017405176,,0.00709393,0.006612744,0.006852901,-0.00548574,0.031717327,0.00211343,-0.018691871,-0.001678269,0.003182456,0.00268831,0.00591119,-0.004691819,-0.001657286,0.003333333,0.00866738,29.59287253,31.87979841,30.47803405,27.75112849,31.06653518,,29.15329889,33.21080603,29.93488681,28.85153098,27.58868867,33.37871206,28.66654709,32.4081779,30.99809669,33.30209836,34.3199577,30.78878815,32.46168306,27.96604117,34.56996869,0.720249399,0.731141578,1.342319709,1.189660835,1.242284284,,1.51908617,1.3262197,0.839920877,1.959433619,2.405819092,1.059307253,0.831754949,1.246244582,0.998131548,1.071804991,0.974419697,0.741984288,3.919119307,1.044009934,0.958174767
8/21/2019,-0.018800111,618.4549464,26.10072118,213335555,93799440141,0.227437983,60.45,41650000,23482,50.46334839,36.99047852,4.730000019,-0.002769331,-0.002174745,-0.009397013,0.00847169,-0.003689881,,-0.009541564,0.0046111,-0.007256785,-0.010290514,0.034913244,-0.003394403,-0.018343526,-2.12791E-05,-8.27651E-06,-0.00020027,0.000657219,-0.002970066,0.002095491,-0.003311258,0.003820058,29.59127141,31.88145413,30.47371123,27.76381029,31.06000556,,29.15445004,33.22754418,29.97807797,28.85510488,27.61510974,33.38325855,28.64533649,32.39619919,30.9920749,33.30224851,34.34122698,30.78606215,32.46818681,27.96343595,34.57637741,0.71995909,0.728277904,1.334564043,1.206934124,1.238157236,,1.511754171,1.331309421,0.836920948,1.946757869,2.409988623,1.055459244,0.830871571,1.241837594,0.99010347,1.070122402,0.980951588,0.740656166,3.926719932,1.038753825,0.960621959
8/22/2019,0.047708332,618.4798011,26.13209721,157609180,93799440141,0.168027847,60.49,41550000,23479.5,50.70922089,36.93333054,5.480000019,0.005193342,-0.001103035,-0.00284013,0,0.004192178,,0.006926486,0.003933894,0.011258299,0.002238704,0.033743327,0.001632656,-0.014430687,-0.005804067,-0.002249712,0.005317624,-0.000839427,0.003889811,0.003287479,-0.005555556,-0.001082854,29.59962423,31.88178734,30.4743667,27.76381029,31.05130964,,29.15110017,33.22329316,29.99668695,28.87020472,27.64089249,33.37713479,28.6281302,32.40176198,30.97797781,33.3071851,34.3410963,30.77709944,32.47130941,27.95907877,34.58595156,0.724987846,0.730885395,1.336426717,1.206934124,1.239752777,,1.51538804,1.334838626,0.839618633,1.959800296,2.405819092,1.05400493,0.834668939,1.233166468,0.985523762,1.078214147,0.980646434,0.741334667,3.940261148,1.029993643,0.959831524
8/23/2019,-0.002649492,618.4619571,26.04803668,167157005,93827402841,0.178153716,60.14,41600000,23485.5,51.09257889,37.12380981,5.619999886,0.008143842,0.008328019,0.00470177,-0.02283105,0.007249403,,-0.006058824,0.004071177,0.00680073,-0.042990069,0.037522992,-0.004306312,-0.016009729,-7.33634E-05,-0.005576375,0.001426528,-0.00374155,0.005108933,0.001560738,0.01414898,-0.000125334,29.5971988,31.88909823,30.47039162,27.75023276,31.07229183,,29.15389054,33.21945934,30.00406597,28.84876416,27.67204278,33.37719813,28.607307,32.39105478,30.96185449,33.2983534,34.33752345,30.78411433,32.47626732,27.97327481,34.5775734,0.725947062,0.730211753,1.333084616,1.178702999,1.247375603,,1.511001486,1.3395627,0.835662757,1.872012115,2.418327684,1.04893417,0.83467432,1.227300638,0.978718357,1.076762667,0.976150012,0.74670729,3.965852258,1.044214564,0.95683363
8/26/2019,-0.100508857,618.333585,25.83448466,188319175,93994346151,0.200351598,58.56,42800000,23478.5,51.63891983,36.98707962,5.480000019,-0.002074523,-0.011231465,-0.010299944,-0.008535432,-0.009861415,,-0.00073633,-0.002556,-0.002542782,-0.044841235,0.032511531,-0.007804306,-0.016667515,-0.006897051,-0.011544709,0.00558941,-0.004815039,-0.001492723,-0.01148998,0.012842507,0.001938142,29.59402529,31.86974137,30.45749984,27.74544345,31.08960898,,29.15263784,33.19842988,29.99715528,28.82127446,27.69873997,33.36829048,28.59120014,32.3859685,30.95160065,33.28226517,34.330762,30.78111889,32.45721485,27.98642272,34.57418521,0.726950175,0.718448794,1.3159093,1.177291442,1.232511012,,1.507180701,1.335295733,0.833732159,1.784652325,2.409988623,1.04185151,0.836548776,1.21628539,0.973065422,1.073383665,0.969533197,0.745623478,3.920993313,1.056683449,0.958556199
8/27/2019,0.032582246,618.3322101,25.8578356,204614847,94409917740,0.216730246,59.16,42600000,23487,51.06024933,36.49110031,5.980000019,0.007187402,0.011095141,0.007727564,0.020910209,-0.00811046,,-0.000305231,0.002077425,-0.003098997,0.011153397,0.028196051,0.000394762,-0.011574142,0.002484153,-0.006205332,-0.006253181,-0.003824462,-0.001959908,-0.005333625,-0.010791367,-0.001187154,29.59845815,31.87668235,30.46285638,27.75705121,31.07687039,,29.15290954,33.2032973,30.01192066,28.83515563,27.72312053,33.3589706,28.58914099,32.38076221,30.93925942,33.27158326,34.33199238,30.77473249,32.44691461,27.97311513,34.56741687,0.731203388,0.726891063,1.320771224,1.201287899,1.225167507,,1.506519164,1.337091831,0.829215509,1.809743005,2.405819092,1.038657333,0.847127508,1.225087842,0.966728215,1.065556044,0.96462299,0.736637615,3.913535544,1.051120395,0.955052435
8/28/2019,-0.03746916,618.3585051,25.83671902,151402989,94409917740,0.160367674,59.94,42650000,23486.5,48.73809814,35.20407867,5.400000095,0.003132218,0.004756958,-0.005634842,0,-0.012270877,,-0.000311203,-0.009995742,-0.017080508,0.024073742,-0.0044426,0.001097418,-0.00834722,0.000518583,0.00152105,-0.000621546,-0.004422699,0.001133535,-0.00541288,-0.001096491,-0.004066057,29.6008906,31.87353649,30.46809441,27.75705121,31.06097679,,29.155099,33.20209694,30.0108958,28.85066078,27.71952654,33.36004604,28.58880084,32.3793971,30.97453989,33.27292043,34.33321432,30.7695158,32.44110608,27.9722536,34.56788244,0.731802046,0.730393232,1.308428351,1.201287899,1.195330145,,1.50821942,1.321926539,0.819263941,1.843106818,2.418327684,1.038642958,0.86051253,1.224806639,0.977698085,1.062151712,0.961396941,0.737167093,3.895242626,1.049368359,0.951646003
8/29/2019,-0.051026199,618.2778355,25.75289945,142375775,94391029484,0.150836129,60.25,42600000,23488.5,47.9365387,35.06838989,5.630000114,-0.011247686,-0.003138748,0.002046824,-0.010416667,0.00704365,,-0.003091846,-0.001403391,0.006409973,-0.031610688,-0.000862069,-0.003990657,-0.019812917,-0.000215378,0.000593105,0.003021046,-0.002072948,0.010657041,0.005840276,0,0.001224882,29.59621141,31.87348702,30.46046638,27.75092271,31.07005744,,29.1447261,33.20464902,30.0143899,28.83044582,27.7185793,33.36071117,28.56423987,32.36012844,30.96288084,33.29144579,34.33200458,30.77478403,32.42436871,27.9722536,34.57108341,0.725458041,0.729506285,1.305771662,1.188583893,1.199528578,,1.498256702,1.320945215,0.822714184,1.794761249,2.414158153,1.032983964,0.85404886,1.213939846,0.972668848,1.067754227,0.959504703,0.743340329,3.907766645,1.049368359,0.951839709
8/30/2019,0.024065042,618.2802288,25.79039971,148985777,94406024641,0.157813845,61.16,42475000,23488.5,49.11011124,35.8279686,5.070000172,-0.000282331,-0.009512267,-0.000138445,0.010463378,-0.003015194,,0.021984334,0.003818862,0.006243431,-0.006674082,-0.036727116,0.004725994,-0.015863881,-0.00590873,0.010119048,0.011852147,0.004883808,0.022635266,0.003420716,0.003296703,-0.001256598,29.59478382,31.88075468,30.45303289,27.75663451,31.07642025,,29.14475631,33.20703276,30.01674229,28.83417881,27.68452042,33.36341715,28.55947165,32.34672045,30.95490941,33.29416748,34.33994646,30.79271732,32.426839,27.97483598,34.57834722,0.724079544,0.724928423,1.304027594,1.188583893,1.197364494,,1.506362445,1.325311399,0.820215149,1.790701898,2.405819092,1.03430976,0.85979069,1.20275518,0.979897106,1.079532889,0.964439659,0.760608073,3.917122995,1.054624468,0.949924961
9/3/2019,-0.173707043,618.0965922,25.63665344,192447214,94407724641,0.203846894,58.79,42420000,23491.5,49.27164078,35.52481842,5.809999943,-0.012100753,-0.011886891,-0.006305088,0,-0.01769771,,0.00787037,-0.005336,-0.02034006,-0.020061825,-0.037161865,0.000387029,-0.030668352,-0.002505001,0.007323286,-0.004203965,-0.008313379,-0.01010312,-0.001078622,0.007754303,-0.009279399,29.58787232,31.86829423,30.4444445,27.75663451,31.08036248,,29.16422237,33.20041376,29.9735238,28.83207692,27.65100714,33.35893731,28.52354525,32.30909868,30.95397808,33.292202,34.33638282,30.78115063,32.42442475,27.98557258,34.57244809,0.716421481,0.721366225,1.295003667,1.188583893,1.168826357,,1.516943732,1.320529439,0.80661328,1.750907,2.393310501,1.039228476,0.840766157,1.18955623,0.996051979,1.075849247,0.958362382,0.751587097,3.912897355,1.054931413,0.938917533
9/4/2019,-0.068692621,618.083888,25.60140661,159881724,94407724641,0.169352375,58.56,42800000,23495,48.07389069,35.03039932,4.920000076,0.003065722,0.00667771,-0.013898076,0,-0.029683203,,0.00937475,0.007472287,-0.001461844,0.009290902,0.004355401,-0.004420776,-0.029819091,-0.004157665,-0.000155343,-0.001583893,0.000916347,-0.005186811,-0.005172108,-0.008893984,-0.005412947,29.59021476,31.86834747,30.44257818,27.75663451,31.0664086,,29.18380324,33.2053249,29.980878,28.83876903,27.65606405,33.33968478,28.50654046,32.32247238,30.95391624,33.29560331,34.33413273,30.78712254,32.4095882,27.97209376,34.57371084,0.719560587,0.721947642,1.281457238,1.188583893,1.121787843,,1.533107907,1.329154027,0.805187192,1.76635433,2.414158153,1.030391018,0.831049141,1.18359639,0.99616485,1.078715941,0.958701094,0.752245568,3.896622122,1.05627419,0.936347487
9/5/2019,0.061916527,618.1453476,25.6756712,160694027,94471408541,0.170098053,61.12,42775000,23492,47.64231873,35.06838989,4.909999847,0.000757555,-0.002772055,0.002415881,0.001194743,-0.007514542,,0.022465663,-0.00431786,-0.003650043,0.010479347,0.034653465,0.007424284,-0.005383369,-0.003685281,-0.002063583,-0.000551338,-0.001357198,0.003664976,-0.000958802,0.011111111,3.57282E-06,29.58698116,31.87320476,30.45164274,27.75731342,31.05566514,,29.21253376,33.20493367,29.97757438,28.84647105,27.68448038,33.35193579,28.49853904,32.30824558,30.95711965,33.28519234,34.33714779,30.78975471,32.40967321,27.98541485,34.57152417,0.719210502,0.720939516,1.295991974,1.189995449,1.111813111,,1.575876878,1.324140993,0.805669088,1.777918036,2.414158153,1.038818041,0.840680007,1.179310893,0.996729178,1.075199532,0.958818697,0.756954816,3.896387053,1.061837243,0.935222035
9/6/2019,-0.071534836,618.1059787,25.63696749,165744994,94472288955,0.175442975,61.06,42300000,23491,46.25939941,34.22856903,5.159999847,-0.00894654,-0.002205441,-0.001633247,0.012121212,0.006634989,,0.00432362,-0.004912301,0.012962073,-0.002386594,0.000863558,-0.005126938,-0.025691128,0.003109408,-0.005834182,-0.007165131,-0.000385721,-0.003668726,-0.00439895,-0.036231884,-0.002962914,29.5863641,31.86673744,30.45730273,27.77971365,31.06232516,,29.2268227,33.20589927,29.97794666,28.84769714,27.68546046,33.34988619,28.47616778,32.29828448,30.9560434,33.28682236,34.33354193,30.78819905,32.40151518,27.95014366,34.56910535,0.714834518,0.719442055,1.292936161,1.218895801,1.127109056,,1.578661957,1.318846944,0.811152087,1.776564919,2.418327684,1.03579718,0.83066144,1.180495074,0.992655795,1.07220751,0.957318409,0.754657774,3.884827658,1.019379109,0.932196358
9/9/2019,-0.133905288,618.0758957,25.5815805,159037962,94472288955,0.168343504,62.05,42275000,23488,45.28689957,33.52381134,5.480000019,-0.011772357,0.004778066,0.001359766,0,-0.013575534,,-0.01259606,-0.004117271,-0.005076335,-0.022044461,-0.032998084,-0.003194736,-0.012784105,-0.00326266,-0.012803207,0.001984229,-0.004472712,-0.01180115,-0.00399171,0.015264586,-0.002801553,29.57580061,31.88744968,30.46951411,27.77971365,31.0715559,,29.24737831,33.20014347,29.9748645,28.83030218,27.65703121,33.34589575,28.47521221,32.27437504,30.95369199,33.29589113,34.32962726,30.77552793,32.40301316,27.95859281,34.57031483,0.705104776,0.726748566,1.296990781,1.218895801,1.099619307,,1.588084446,1.315154695,0.806197202,1.739028732,2.426666745,1.029462552,0.838250794,1.175643971,0.984148742,1.075087842,0.952722295,0.740457218,3.884023538,1.050711136,0.928581358
9/10/2019,-0.142551876,617.9501367,25.47967231,171658280,94472288955,0.181702256,63.05,41650000,23489.5,42.49071884,32.71081924,5.360000134,-0.003673154,0.003234852,-0.011715886,0,-0.011310784,,-0.009080823,-0.001302393,-0.019114313,-0.007034655,0.00257732,-0.002623649,-0.020786677,-0.005822824,-0.013262726,0.005706921,-0.005124019,-0.017914135,-0.009253482,-0.00872859,-0.007322857,29.57178857,31.88912602,30.45836991,27.77971365,31.07042311,,29.25226217,33.19200846,29.94158655,28.82357706,27.66005021,33.33896391,28.46260789,32.25924228,30.95747019,33.30006537,34.32711189,30.75082936,32.39505915,27.95453985,34.56534111,0.706068377,0.728608551,1.280805604,1.218895801,1.082886574,,1.607943099,1.312806309,0.794018458,1.726235405,2.439175336,1.028161096,0.835326042,1.174742566,0.968366951,1.080972082,0.948125054,0.725884533,3.869436224,1.028139292,0.923074957
9/11/2019,-0.007923721,617.8814246,25.51312452,166512455,94477980091,0.176244724,62.76,41550000,23487,42.45093155,32.74285889,5.210000038,0.002015254,0.013865082,0.0046368,-0.020238095,0.025161638,,-0.006067168,-0.003020032,-0.002896427,-0.00184044,-0.032261768,0.00146992,-0.01714939,-0.002160963,0.003643373,0.008036034,0.002081043,0.002476699,0.000548373,0.009391246,0.0043851,29.56774127,31.88168932,30.45985231,27.76836747,31.07605822,,29.22418171,33.18647124,29.94974529,28.82165036,27.63401952,33.34387899,28.45276404,32.26890585,30.94937538,33.30008306,34.33083144,30.74785364,32.40126079,27.95859281,34.55810185,0.704089766,0.731775785,1.286140958,1.194899345,1.118932509,,1.585140508,1.308962338,0.793607501,1.723956881,2.451683928,1.027599157,0.835326042,1.177351072,0.967473343,1.086928166,0.950017309,0.727369798,3.866599361,1.050711136,0.924559622
9/12/2019,0.0354391,617.9661908,25.6131432,150900141,94477875391,0.159720083,61.37,41575000,23491,43.69432831,33.63809967,4.679999828,0.003500627,0.010159449,0.002342175,0.014299884,0.038137712,,-0.024927209,-0.000861817,0.002661671,0.019626998,-0.037310379,0.003243672,-0.016545596,0.000515969,-0.002198422,-0.003636577,0.009806364,0.01558011,0.01462956,-0.020108696,0.006523604,29.57143345,31.88185004,30.46622053,27.77573031,31.12011782,,29.20095588,33.19193812,29.96841922,28.83570174,27.60309052,33.34461453,28.44614594,32.28067641,30.94370133,33.29450572,34.34527565,30.76227941,32.42892662,27.94229616,34.56231136,0.704012731,0.732024519,1.292247788,1.218895801,1.172769268,,1.54204037,1.305219031,0.797436151,1.75585101,2.439175336,1.028332517,0.836823422,1.182879424,0.963251918,1.084405371,0.96095318,0.735604407,3.912713421,1.018298461,0.93020908
9/13/2019,0.095142295,618.0553809,25.67456578,192853826,94478679391,0.204124176,62.74,41575000,23488.5,45.05023956,34.19453049,5.289999962,0.003775494,0.001659093,0.002457349,0.011904762,0.004560951,,0.009098967,-0.001101681,0.003106089,-0.001231527,0.031063955,0.006976343,-0.018173223,0.006049374,-0.002862753,-0.000325124,0.01109121,-0.007112653,-0.002576024,0.034970315,0.001811379,29.57434811,31.88677079,30.47975038,27.7823712,31.12628115,,29.18369899,33.20557035,29.96505928,28.83518897,27.62465184,33.35323998,28.4292531,32.28066274,30.92182068,33.29473997,34.36936366,30.7627591,32.43348477,27.97569529,34.57067049,0.703925905,0.734415106,1.307495102,1.233011364,1.182687377,,1.536627624,1.307524774,0.794675766,1.754668977,2.422497214,1.038139079,0.832320357,1.188174955,0.959321367,1.082878898,0.973521569,0.728399002,3.904140401,1.056376504,0.933764443
9/16/2019,0.084825697,618.1591843,25.77084978,202011776,94497535084,0.213774651,67.27,41475000,23487,46.80302048,35.18236923,5.369999886,0.001930221,0.02045275,0.003696689,0,0.002567215,,0.022630445,0.004005297,0.000341226,0.016135351,0.028638363,-0.002496132,-0.013915094,0.002264987,-0.006357132,0.001490063,0.000457753,-0.001328701,0.000557454,0,0.003754944,29.57206755,31.89961281,30.48866937,27.7823712,31.13963366,,29.17465177,33.22137367,29.98286175,28.85333525,27.64738616,33.35117385,28.42933957,32.27215819,30.91964539,33.30737804,34.36555607,30.76457836,32.43603101,27.97569529,34.57566534,0.707709142,0.746536882,1.320087882,1.233011364,1.189513982,,1.532366305,1.314843906,0.796505164,1.787765781,2.426666745,1.03658033,0.83807295,1.187895842,0.9352929,1.087386958,0.97303814,0.731487328,3.931903687,1.056376504,0.937807992
9/17/2019,-0.036432332,618.2574016,25.78225723,240888751,94497535084,0.25491538,68.16,41675000,23489.5,46.94890976,35.16336823,5.25,0.002926228,-0.001185735,-0.000148355,0.001404853,-0.009150571,,0.001682705,0.001199112,-0.00477913,-0.012523846,0,-0.005265115,-0.021850828,0.004947985,0.006241344,0.000270431,-0.001404629,-0.003127106,-0.000580018,0.002995643,0.001914699,29.57582415,31.89836432,30.49549263,27.78302964,31.13596098,,29.19232533,33.24205228,29.99977327,28.84347909,27.64738616,33.35423543,28.412635,32.29604203,30.93127731,33.3194837,34.36851843,30.76343789,32.43310545,27.9811526,34.58382587,0.709105335,0.749184855,1.319643824,1.230188252,1.176480422,,1.537117513,1.319015552,0.795514911,1.765610103,2.426666745,1.033897203,0.831399286,1.191906605,0.961623674,1.091511805,0.973668063,0.731404663,3.942956281,1.053077061,0.942285077
9/18/2019,-0.036070982,618.2145249,25.85406362,194722371,94497511584,0.206060845,64.57,41750000,23493.5,47.33819962,35.61930084,4.429999828,0.01229798,0.001062204,0.005826704,0,-0.001498572,,-0.020365041,0.001317849,-0.005212011,-0.000277201,0.00257732,-0.0004001,-0.030145534,0.001553111,-0.005262564,-0.00157617,-0.001774535,0.005789064,0.008425453,-0.009770664,0.001361726,29.58311046,31.87983748,30.50216574,27.78302964,31.11799356,,29.21643067,33.22487532,29.98935016,28.84214089,27.65043438,33.35507137,28.38497905,32.29387076,30.93865182,33.33001631,34.36869192,30.767383,32.43683036,27.96863962,34.58102235,0.714940506,0.745820003,1.343382182,1.230188252,1.170096114,,1.559358788,1.319450741,0.793966074,1.761599252,2.439175336,1.033906685,0.815207974,1.197784885,0.952132842,1.091739379,0.97228367,0.736504861,3.986661385,1.049266044,0.940598645
9/19/2019,-0.025050148,618.1302516,25.80641469,197168525,94497511584,0.208649436,63.78,41700000,23495.5,48.14022064,35.77127838,5.28000021,-0.004095505,-0.004212616,0.007132861,-0.019251119,0.001856417,,0.01736951,0.006330658,0.008511477,-0.005,-0.034804754,0.005148368,-0.016978923,-0.002069078,0.007624297,0.004626579,0.013478307,-0.004443904,0.001767851,-0.010696881,0.002656306,29.58243135,31.87641241,30.50184133,27.77198944,31.13833241,,29.1912386,33.22500298,29.98440893,28.84010142,27.62172982,33.35636931,28.37813341,32.29023904,30.92518214,33.32696103,34.37864513,30.76430306,32.43942456,27.95700606,34.58049912,0.711640877,0.742068666,1.343389749,1.207603351,1.176996851,,1.540178311,1.322843776,0.796426213,1.75687112,2.439175336,1.041305212,0.815207974,1.194824976,0.941615668,1.08951357,0.98400696,0.733496967,3.985270969,1.040301232,0.943676915
9/20/2019,-0.013796592,618.0895457,25.85971932,212972383,94498176949,0.225371949,65.02,41800000,23493,46.62300873,34.89741898,5.039999962,0.001831409,-0.007929812,-4.59706E-06,0.022058824,-0.006318533,,0.016951453,0.001408996,-0.000926282,0.005187075,-0.032904423,0.001114962,-0.021495226,-0.001743947,0.015386526,-0.005079092,0.000133716,-0.002126579,0.000361291,0.000327806,-3.01601E-05,29.58286961,31.87790215,30.49733473,27.78395589,31.14121564,,29.21837112,33.21731806,29.98647904,28.84331656,27.59617053,33.35939851,28.36973199,32.28245413,30.92017016,33.32012992,34.37153001,30.76451894,32.42842268,27.95648721,34.57176879,0.710465959,0.740637186,1.345074804,1.233011364,1.168442991,,1.578617086,1.327095426,0.790119497,1.76222293,2.443344867,1.044491968,0.811739227,1.19386883,0.952957748,1.081973065,0.980870453,0.729302564,3.98053051,1.042878129,0.942074718
9/23/2019,-0.076467819,618.0375192,25.69913925,218328317,94498176949,0.231039713,64.88,42050000,23490.5,47.31515884,35.31428909,4.329999924,0.001488734,0.01495479,-0.010625354,0,-0.00542645,,-0.022041809,0.000827251,-0.012104703,0.003578607,0.035099818,-0.004305075,-0.021756799,-0.007157164,-0.020700658,-0.00325378,-0.010357847,-0.003055286,-0.011900808,0.006137259,-0.005868545,29.58248689,31.88410948,30.48413856,27.78395589,31.11584778,,29.21880269,33.22201967,29.9800771,28.84821303,27.62239722,33.3498818,28.34874082,32.2723712,30.91791433,33.33025031,34.35983456,30.76167569,32.42215679,27.96517352,34.56747193,0.708913028,0.744571832,1.318113238,1.233011364,1.154914985,,1.56402639,1.328865169,0.787277905,1.770318017,2.447514397,1.039795513,0.802776337,1.186869222,0.924699846,1.083053414,0.971037488,0.726994288,3.930158476,1.042257898,0.933970445
9/24/2019,-0.032848438,617.9860617,25.60638248,168940308,94498176949,0.178776262,64.61,42130000,23497.5,47.62313843,35.67618942,5.360000134,0.004437357,-7.77301E-05,-0.002799163,-0.002681992,-0.017515608,,-0.012971061,-0.002005759,-0.012302466,-0.000903242,0.032243169,-0.002516547,-0.020387417,-0.000402579,-0.000722334,0.002519068,-0.003405227,0.010595355,-0.001366514,-0.00038512,-0.002200628,29.58332302,31.87330497,30.4776586,27.75280075,31.10781025,,29.19823844,33.22153169,29.96686427,28.85237505,27.64595906,33.34502415,28.35138203,32.27501722,30.90533958,33.33833758,34.36465975,30.76998167,32.4224987,27.96327469,34.57068028,0.714136122,0.742031332,1.310135684,1.202097151,1.135461578,,1.533557714,1.32349638,0.785276383,1.771630695,2.435005806,1.03652085,0.804214498,1.187040427,0.933939352,1.089462339,0.970631302,0.736285589,3.917145831,1.045659656,0.932653795
9/25/2019,0.034797533,617.980311,25.59605381,181154293,94498470649,0.191700767,62.88,42425000,23494.5,47.61526871,35.75247955,4.630000114,0.00384883,-0.009294497,0.000466067,0,-0.003164093,,-0.001741075,0.000740887,0.003498908,-0.005597953,0.037671233,0.003064466,-0.018452388,0.007609585,0.004131569,-0.009837046,0.000831465,0.000597079,-0.000801101,0.015384615,0.005840982,29.58794745,31.86176293,30.47085773,27.75280075,31.12558905,,29.18987738,33.213213,29.97676775,28.84197803,27.67727017,33.3428693,28.33810169,32.28254383,30.88337787,33.33515708,34.36671603,30.77043655,32.41649995,27.97537669,34.57116773,0.715630947,0.735208673,1.304237544,1.202097151,1.135138445,,1.518863211,1.324801174,0.783151274,1.750006314,2.451683928,1.040078929,0.800169279,1.19787305,0.930793803,1.080762109,0.971079705,0.737623371,3.9088389,1.070188166,0.93782784
9/26/2019,0.05744529,618.0665567,25.68733691,162004603,94501470648,0.171430774,62.41,42000000,23500,48.47254944,36.65261841,4.960000038,0.014468235,-0.006510297,-0.003892925,0.015037594,0.009871078,,0.007805755,3.00573E-05,0.001121565,0.005008028,0.021683673,0.000961342,-0.014502012,-0.000245726,-0.000600644,0.010305353,0.010982171,-0.001357761,-0.002031829,-0.010660981,-2.73873E-05,29.59560683,31.8677834,30.46891033,27.77974111,31.13130743,,29.19637853,33.22342714,29.96766905,28.84795364,27.69555855,33.34429761,28.33840072,32.2885753,30.88602724,33.35029061,34.37571285,30.76304439,32.41337365,27.96674738,34.56575095,0.721353755,0.732643999,1.296915571,1.236777574,1.150249685,,1.534958005,1.325091151,0.783499038,1.760282901,2.455853458,1.042708965,0.804047416,1.198490202,0.930594712,1.097819587,0.980276453,0.737304476,3.907507883,1.052667802,0.93829428
9/27/2019,-0.036868841,618.0848258,25.6639528,178903909,94674443809,0.188967478,62.33,42050000,23502.5,49.44215012,37.3271904,4.409999847,-0.002559463,0.013585293,-0.009958503,0,0.011031634,,-0.007538275,0.005852234,-0.002742295,-0.031573401,-0.029920334,-0.003970718,0.009115882,0.007502228,-0.0006667,0.000546894,0.001404162,-0.000820112,0.002752566,0.002642019,-0.00155195,29.59534745,31.86669757,30.47076239,27.77974111,31.14311323,,29.19732762,33.23394192,29.98122962,28.83252458,27.66981137,33.34902319,28.32811175,32.2947754,30.8804501,33.35377958,34.38682586,30.76023307,32.41575622,27.97036818,34.57500554,0.721583859,0.740049294,1.294839534,1.236777574,1.16523511,,1.5319916,1.334751056,0.778276802,1.695796447,2.460022989,1.03813545,0.793576384,1.209259312,0.928070112,1.101582067,0.984710255,0.740783473,3.9166279,1.052770117,0.939113469
9/30/2019,0.077215224,618.0764469,25.67922135,177149938,94867484517,0.186734094,61.49,41800000,23503,51.77978897,37.90475845,4.849999905,0.011108002,0.010333942,0.022640874,-0.016286645,0.003692408,,0.004648121,0.006345662,-0.007349108,-0.005472637,0.033662128,-0.005198432,0.006673914,0.005668695,-0.004196843,-0.000927838,0.000772083,-0.000499585,0.007154937,0.003703704,0.000741842,29.60540235,31.86762062,30.47422975,27.76973676,31.13536762,,29.19243841,33.24433201,29.97815482,28.83025923,27.69780561,33.34209439,28.30546447,32.29518728,30.86859271,33.34862151,34.38542962,30.75843827,32.42830067,27.97483598,34.57413481,0.726467809,0.749871196,1.312513799,1.21560423,1.172590134,,1.527184369,1.339691859,0.778167165,1.690595501,2.468362049,1.026413707,0.777239678,1.215177077,0.92221061,1.098639105,0.984399739,0.737005064,3.942910534,1.054624468,0.939553251
10/1/2019,0.017775953,618.0684542,25.65327202,214954833,94867484517,0.226584308,59.79,41400000,23505,51.45503998,38.0190506,5.349999905,-0.000359569,0.015254558,0.006546909,-0.035281364,0.010069115,,0.002587078,0.007216257,0.003284003,-0.006117035,0,0.000108526,0.012391291,0.000420163,0.002796164,0.001654842,0.002787036,-0.002328066,0.001278497,-0.007641921,0.003109469,29.60380744,31.86985291,30.47344498,27.72021494,31.14817714,,29.19685136,33.24436359,29.96598899,28.82731068,27.69780561,33.33971149,28.31076372,32.31244352,30.89084973,33.34215259,34.39843544,30.75489999,32.42781845,27.96880002,34.57476163,0.724209451,0.758095097,1.318908198,1.14664492,1.190469518,,1.531561884,1.349541423,0.782007593,1.682619579,2.468362049,1.024827943,0.774185701,1.213737307,0.927978701,1.097681406,0.990433676,0.735559098,3.950779963,1.042360213,0.943308295
10/2/2019,-0.077400825,617.8956906,25.54291319,184270744,94867484517,0.19424015,59.43,41325000,23504,48.81676865,36.30475998,4.340000153,0.000366761,0.003229597,0.010125229,-0.006501832,-0.019501604,,0.002258582,-0.004168228,-7.39007E-05,-0.0128125,0,-0.003869183,0.012528106,-0.010093559,-0.006711546,-0.008174041,-0.003126236,-0.00469962,-0.003660417,-0.015785998,-0.006730436,29.60132433,31.86209724,30.47323106,27.71715973,31.12723628,,29.2077504,33.2252065,29.95282849,28.81602994,27.69780561,33.34414772,28.30059953,32.29273495,30.87100626,33.33058302,34.39176756,30.74793917,32.42376463,27.94736496,34.5651132,0.725697756,0.760533542,1.323298102,1.1396206,1.169851691,,1.541377567,1.341263221,0.785947117,1.660259195,2.468362049,1.021842417,0.765766806,1.202871032,0.919824031,1.087634367,0.986493489,0.72716135,3.937396971,1.039169426,0.938542461
10/3/2019,0.027165876,617.9193108,25.59192691,196094876,94867484507,0.20670399,57.81,41700000,23503,48.26689148,35.9618988,5.269999981,0.006989003,-0.004738874,0.007426831,0.019087044,0.005189727,,-0.000287677,0.002303379,0.001897099,0.011079578,-0.034668721,0.00378939,0.003788168,0.001601426,-0.008310756,0.001112098,0.000294909,-0.001557217,-0.003079134,0.011746874,0.003502729,29.60864668,31.8601851,30.47565264,27.73138531,31.13072364,,29.20338236,33.21404672,29.95738196,28.82158563,27.66773785,33.33848117,28.29647471,32.29989057,30.87088322,33.34379002,34.39582155,30.7537016,32.41936398,27.96343595,34.56674013,0.734141568,0.754900615,1.328683083,1.167985571,1.181618545,,1.536273855,1.342512317,0.786331468,1.669364131,2.468362049,1.025397553,0.754030104,1.20267993,0.917110687,1.092866501,0.987557821,0.726437338,3.934455212,1.038753825,0.942464739
10/4/2019,0.015006746,617.8208016,25.48078443,207681699,94874952748,0.218900451,58.01,41900000,23502,47.51110077,35.61904907,5.46999979,-0.0109011,-0.000596767,-0.003941501,-0.014814815,-0.004815926,,0.001938948,0.001447896,0.001785309,-0.026561218,0.02895673,0.002956549,0.025892206,2.24459E-05,0.002593848,0.004997254,-0.003590522,0.002806703,0.002555368,0.003703704,0.000571634,29.60329983,31.82816831,30.47078919,27.69419029,31.12397569,,29.20428517,33.20623293,29.9355403,28.80437924,27.69089012,33.33160999,28.32258804,32.29742507,30.87305071,33.33934183,34.3910433,30.74758285,32.42387858,27.96793475,34.56459537,0.726563773,0.744340743,1.327312575,1.117409954,1.175856741,,1.536841033,1.340435516,0.784043404,1.632644846,2.464192519,1.024818687,0.76582067,1.195704098,0.919154587,1.09411388,0.981763053,0.729161297,3.939640898,1.040608176,0.940357979
10/7/2019,0.0629168,617.8087613,25.49588432,187737414,94874952748,0.197878796,58.21,41910000,23500,46.58340836,35.522789,5.840000153,0.011322478,-0.00662514,0.00249406,0.01643209,-0.010018729,,0.001383128,-0.00159103,-0.010443812,0.000358166,0.03125,0.001160785,0.027100357,0.000354361,0.009224721,0.000123621,-0.00731354,-0.001706947,-0.002291803,0.002606209,-0.000902176,29.6122119,31.83155584,30.47092816,27.7048571,31.10229955,,29.20613849,33.20895309,29.9232119,28.80465914,27.71705656,33.33451907,28.32855245,32.28136086,30.87628871,33.33796134,34.38272667,30.73988864,32.41874643,27.96915221,34.55769318,0.73136336,0.740886833,1.338739158,1.137894251,1.160047595,,1.538164812,1.33803328,0.776704956,1.633190222,2.464192519,1.024279982,0.770830173,1.196726076,0.925073916,1.094087453,0.973172074,0.727755249,3.941598249,1.046689147,0.936455015
10/8/2019,0.077639016,617.8824714,25.55141229,178111543,94874952748,0.187732945,58.74,41700000,23501,46.82310104,35.907341,5.309999943,0.009487529,-0.001791317,0.007013864,0.007135576,0.001259322,,-0.013905536,-0.003560668,0.006320347,0.00287574,0.030257788,-0.000645568,0.009656874,0.002114584,-0.003623061,-0.003579646,0.009799882,-0.000146944,0.003922048,0.01208609,0.002962111,29.61905675,31.83329795,30.46411882,27.71731253,31.11245128,,29.20536082,33.20130975,29.91645035,28.80835493,27.74348056,33.33465072,28.32884344,32.29321404,30.87042081,33.33885256,34.4011829,30.73526029,32.42514812,27.97623554,34.5574692,0.740202318,0.738675605,1.330809694,1.153066936,1.165734339,,1.528771417,1.338596356,0.781196296,1.638558432,2.468362049,1.021868659,0.763348519,1.198536807,0.921283983,1.093269545,0.984904004,0.727243065,3.947361583,1.071940203,0.937682476
10/9/2019,-0.047932888,617.8505482,25.57318,183391406,94936553648,0.193172597,58.09,41825000,23500.5,46.50107956,35.54193878,5.059999943,-0.01740472,-0.009334629,0.004060724,0.021264489,0.013976994,,-0.001666667,-0.000461191,0.004616748,0.001940969,-0.034722222,-0.000471901,-0.027487469,0.003823643,-0.001382333,0.003247669,-0.001014025,0.004013203,0.008514926,-0.018100984,-0.00134611,29.60971541,31.82426053,30.48748274,27.73017818,31.11937742,,29.1998449,33.20305716,29.92542521,28.81377151,27.71153371,33.32844625,28.31436768,32.29265069,30.86874784,33.33384469,34.40160326,30.73084805,32.43843117,27.95859281,34.55836902,0.727640231,0.731877735,1.337225277,1.179853044,1.18895609,,1.522270594,1.338250171,0.784255759,1.642399022,2.468362049,1.020562088,0.755155952,1.204130203,0.920973094,1.088931716,0.98337666,0.729173501,3.962654846,1.050711136,0.936420831
10/10/2019,0.003589977,617.8263817,25.53177053,193689141,94936553648,0.204019562,58.22,41945000,23501,46.34954071,35.35044098,4.880000114,0.013954549,0.01567064,0.005335535,-0.028300412,0.013453221,,0.007265049,-0.003291892,0.003480144,0.001704545,0,-0.004541313,-0.027109445,0.000889084,0.002673004,0.000357895,-0.0012406,0.001727168,0.000641047,0.002140975,-0.001219217,29.61646293,31.80984454,30.46598365,27.70462025,31.121238,,29.20131662,33.20773266,29.93069856,28.8180219,27.71153371,33.32650171,28.29152362,32.30573311,30.87536059,33.33441871,34.40103902,30.7396467,32.44410887,27.96327469,34.5573219,0.735047134,0.734891138,1.340074857,1.136516156,1.197960555,,1.526440199,1.332917876,0.784328791,1.645688495,2.468362049,1.017471155,0.743936312,1.204521111,0.922184756,1.091372183,0.982807044,0.732666566,3.953350566,1.045659656,0.935573928
10/11/2019,0.041126178,617.9291862,25.60956094,171219764,94945416108,0.180334945,59.54,41805000,23499.5,49.2486496,36.30475998,5.389999866,0.0109388,-0.017089891,0.009112736,0.001017294,0.000115766,,0.005712731,0.002575686,0.00826522,-0.000252009,0,0.005521125,-0.011658249,0.006255794,0.007171853,0.009066078,0.003699265,-0.00700227,-0.001154059,0.011103822,-0.002273514,29.62843135,31.83549804,30.46955632,27.70640955,31.12963859,,29.20922828,33.21622303,29.93828508,28.81095808,27.71153371,33.33296595,28.29529755,32.30572858,30.87747175,33.33983855,34.40423224,30.73864344,32.44851343,27.97047969,34.56025301,0.740399549,0.730193678,1.343913081,1.138683682,1.197468209,,1.536414835,1.336327709,0.790927405,1.657272365,2.468362049,1.021127385,0.747803687,1.209570274,0.925429173,1.10140006,0.98570842,0.725702112,3.950552209,1.067457797,0.93484726
10/14/2019,0.09251911,618.0311618,25.7600147,203726042,94965416108,0.214526562,60.31,41635000,23497.5,50.41537857,36.7675209,4.659999847,0.002414177,0.014085377,0.019927157,0.022988506,0.006346239,,0.008920973,-0.007517384,0.002379681,0.026430449,0.001689189,-0.002316607,0.01440324,-0.003445841,-0.004513119,0.006649398,0.004764744,0.001944315,-0.000233504,-0.022993717,0.00059584,29.63128198,31.83813924,30.48131078,27.74613124,31.14694159,,29.2122244,33.21227906,29.92643073,28.82358966,27.71344068,33.33474625,28.33836395,32.30521762,30.87488534,33.34220768,34.41100196,30.73857722,32.44762101,27.94877134,34.5580001,0.742891441,0.738760895,1.363338683,1.187814281,1.20414376,,1.547786949,1.336198504,0.795547248,1.709902072,2.47670111,1.018816963,0.783794906,1.201006559,0.902656176,1.110422316,0.991646071,0.72691489,3.949738032,1.038344566,0.933589275
10/15/2019,0.047963032,618.0430638,25.80193559,186306538,94965416108,0.196183564,59.17,41635000,23497.5,50.23183823,36.63101959,4.829999924,-0.001583137,-0.003042814,0.011875343,0.020529109,-0.001521984,,-0.002876583,0.001333317,-0.009570502,0.020917488,0.03358209,0.001988748,-0.031305781,-0.003064341,-0.008536263,0.002014661,0.000528516,0.011714605,0.007087824,0.003228301,-0.005335565,29.62743453,31.83771606,30.48029677,27.77390621,31.14156168,,29.21023336,33.20690088,29.92265392,28.83253408,27.7421843,33.32912256,28.31100629,32.29418407,30.86766448,33.34731501,34.41392581,30.73995888,32.45536605,27.95437716,34.55472165,0.738429919,0.731698637,1.36524813,1.218159652,1.19964963,,1.545057384,1.334503171,0.789756713,1.7586311,2.47670111,1.0206312,0.76756052,1.191823779,0.883167181,1.112981249,0.991791731,0.736203031,3.974990889,1.035045123,0.929905441
10/16/2019,-0.010210862,618.0471861,25.83818934,193923806,94965416108,0.204204661,58.92,41585000,23501,49.70956039,36.03723145,5.409999847,0.008100883,-0.003490223,0.001237257,0.000608273,-0.007052847,,-0.00064466,0.005271127,-0.016514397,0.019334005,0.000841751,0.003570104,-0.006866862,0.002640869,0.003297152,0.001815236,-0.003864589,-0.005390788,-0.002171013,-0.006240602,-0.004691539,29.63427646,31.82942376,30.482481,27.7750196,31.14197851,,29.21000991,33.21203449,29.92088298,28.84224529,27.74310945,33.3292806,28.30836611,32.28973413,30.86452183,33.3557594,34.41765133,30.7341981,32.45308119,27.95102444,34.55210747,0.743553368,0.729248977,1.367742901,1.219604669,1.18950753,,1.543342764,1.335482738,0.777545782,1.809015966,2.480870641,1.025924897,0.773970326,1.190617438,0.90292356,1.118151866,0.99000682,0.728651534,3.964702146,1.021131146,0.926194275
10/17/2019,0.016737747,618.0308489,25.81050304,191135088,94965416108,0.201268099,59.06,41605000,23502,49.18975067,35.80952072,5.03000021,-0.004800613,-0.005033503,-0.008917767,-0.005243328,-0.002598981,,-0.003001814,-0.003200574,0.00030823,0.012511115,0,-0.000142156,0.032293655,-0.002888544,-0.012259521,0.002067878,-0.002502838,-0.000861224,-0.006113388,0.02238806,0.004733063,29.62948444,31.82083811,30.47554904,27.7680983,31.13126297,,29.20844917,33.21090114,29.91559542,28.84362745,27.74310945,33.32417713,28.33595429,32.29065415,30.86437594,33.35631551,34.41088784,30.72990813,32.44611963,27.97804753,34.54749324,0.739895459,0.72647509,1.364916104,1.209556469,1.184933879,,1.539320497,1.332053175,0.77307495,1.849250027,2.480870641,1.026238468,0.79100194,1.189522476,0.874257033,1.118714477,0.986726495,0.728266328,3.936329286,1.032257254,0.926842989
10/18/2019,-0.037682099,617.9350762,25.75559523,177196765,94965416108,0.186590837,59.73,41615000,23499.5,48.61513901,35.6762886,5.510000229,-0.005663679,0.01279358,0.014685297,-0.048538277,0.001797668,,-0.006226629,0.010831172,0.002552001,0.000799714,-0.039166716,0.004159407,0.01553308,0.002039425,0.013380247,-0.008605247,-0.002240317,-0.000486234,-0.012279712,0.009977324,-0.003024203,29.61473836,31.82638472,30.4829031,27.71118439,31.13697557,,29.20376231,33.21218246,29.91156774,28.83845699,27.70636533,33.32149738,28.3319232,32.28956281,30.87426759,33.3589902,34.405233,30.72855744,32.4418156,27.98901654,34.54969143,0.730780306,0.734738675,1.383923475,1.133572839,1.189476964,,1.531249439,1.344273712,0.777665342,1.875335217,2.460022989,1.029029479,0.786337338,1.191483805,0.890299086,1.119223878,0.984067718,0.729589127,3.898649246,1.040346047,0.925530551
10/21/2019,0.014172167,617.8891805,25.74169982,204614344,94993097302,0.215399171,59.36,41615000,23499,48.08501816,34.99621964,5.460000038,0.001412833,0.002911556,0.01019857,0.019567408,-0.00600931,,-0.025513095,0.002286459,-0.006199562,-0.006549189,0.035433924,-0.002380967,0.018326132,0.000117382,0.007856613,-0.002422769,-0.008869538,0.011381609,0.004662459,-0.043821554,0.001783207,29.62200947,31.81999573,30.48785626,27.7236639,31.12549357,,29.19878635,33.21118952,29.89895604,28.83854518,27.73687486,33.30477741,28.33613004,32.28542847,30.87435232,33.35986611,34.39267737,30.73137979,32.44235586,27.95007948,34.54876279,0.73597732,0.733792377,1.390119202,1.157602757,1.177515929,,1.52084311,1.34427679,0.77178875,1.87369445,2.464192519,1.023468409,0.78626195,1.194760315,0.90860907,1.120268687,0.975222988,0.732746419,3.921150603,0.983097918,0.926310258
10/22/2019,0.060530037,617.9568323,25.84934808,230902410,94993084302,0.243072863,59.12,41615000,23496,49.17749023,35.86545944,4.800000191,0.005283695,0.003449606,-0.008995623,0.003204369,-0.002155842,,-0.019859205,-0.00348273,-0.00425153,0.043477817,-0.001692047,0.001925429,-0.002644135,-0.011168786,0.001963113,-0.01675663,0.003058859,0.00355211,0.014977252,0.051802037,-0.001157722,29.63003014,31.81969214,30.47740939,27.71766331,31.12442403,,29.16855162,33.21141014,29.90020104,28.8608217,27.7350121,33.32306135,28.33142137,32.27231049,30.88976941,33.35113729,34.40183267,30.7306088,32.46856486,27.99650717,34.54640325,0.739620804,0.73396186,1.37788021,1.155134078,1.177585075,,1.480450265,1.336228035,0.775140538,1.954426685,2.455853458,1.028216443,0.779862906,1.183959491,0.903480899,1.106778401,0.979404337,0.732590966,3.980688202,1.041426695,0.926658732
10/23/2019,-0.087404483,617.8927914,25.78007264,178952053,94993084302,0.188384296,59.48,41615000,23499.5,48.1982193,35.58200836,4.880000114,-0.010294063,-0.00510686,-0.01221045,-0.022801303,0.005148183,,0.018446767,-0.000847745,0.006116844,-0.006695766,0.000848896,0.000567261,-0.017410723,0.004860124,-0.014661343,-0.006727172,-0.003144593,-0.006300839,0.000564548,-0.013888889,-0.003867361,29.62422832,31.81557443,30.48398594,27.70272344,31.12803833,,29.14933566,33.20933408,29.88582084,28.85594746,27.73594391,33.32470985,28.32709744,32.28823292,30.87103129,33.35592962,34.40207232,30.74057345,32.46617364,27.97890409,34.54713442,0.73396014,0.73400353,1.373779471,1.125491396,1.186181219,,1.463347022,1.331759294,0.785345977,1.944373525,2.460022989,1.028269829,0.777255848,1.185618772,0.895009225,1.104269929,0.977836689,0.730603831,3.983647023,1.03400929,0.925287637
10/24/2019,0.041535856,618.0312521,25.88973757,155153521,95039836131,0.16325104,60.83,41650000,23500,49.06256104,36.28268051,5.090000153,0.000851455,-0.003417006,-0.002791956,0.009310009,0.016475053,,0.011621647,0.00186237,0.0004624,0.002936858,0.000847458,-0.001626943,-0.015549884,0.00488681,0.001523298,-0.003261103,0.005998414,-0.001045354,0.002699418,0.006965094,0.002787819,29.61837582,31.82049917,30.48326969,27.70019483,31.15672736,,29.17780356,33.21829369,29.89869837,28.85807216,27.73687486,33.32826222,28.3198252,32.3229395,30.87247249,33.35740616,34.41048504,30.74004362,32.47315267,27.98588795,34.55196771,0.730960632,0.732611668,1.372978004,1.130080499,1.212864097,,1.51116894,1.339711073,0.785545139,1.948736526,2.464192519,1.0264448,0.778058457,1.193500158,0.894046702,1.097742467,0.983337141,0.729588601,3.98757339,1.041119751,0.929477011
10/25/2019,-0.051350295,618.0175519,25.86998731,172400591,95043659021,0.181390945,61.49,41740000,23500,49.30513,36.85713959,4.800000191,0.000641214,-0.001594048,-0.007347388,0.013295397,-0.004533767,,-0.015316134,-0.002765557,-0.005862443,0.003738764,-0.033612485,-0.003788305,0.004059928,-0.00470312,-0.004825905,0.007429442,0.002871591,-0.008316503,5.76673E-05,0.005617978,0.00360338,29.60984982,31.82526543,30.48605557,27.71669304,31.15274144,,29.16639524,33.21980007,29.90563457,28.86169311,27.70632615,33.33286665,28.31614792,32.31974832,30.8579384,33.36224437,34.41747143,30.74011012,32.47954731,27.99013012,34.55089288,0.729993596,0.734251955,1.368372891,1.145975693,1.209686128,,1.479991582,1.339543922,0.788764211,1.951773193,2.468362049,1.024309055,0.766687904,1.187842414,0.887600499,1.105994185,0.986417208,0.723607965,3.989297815,1.049879933,0.93163511
10/28/2019,-0.029432809,617.9574027,25.86865678,180775758,95046494263,0.190197187,62.04,41850000,23498.5,49.11174011,36.74285889,4.739999771,-0.005105346,0.003309949,8.48899E-05,-0.022222222,-0.002593556,,0.015024322,0.004028509,-0.002000216,0.000757576,-0.032209419,0.007233259,0.009094731,0.001088886,0.004279694,0.003630588,0.001749005,-0.000638964,-0.005758672,-0.011111111,0.001925288,29.60074125,31.82914249,30.48379116,27.70245578,31.15320963,,29.17295953,33.22234588,29.90738897,28.86199275,27.67880754,33.33911494,28.3174669,32.31296567,30.8586017,33.3598456,34.41604887,30.73690319,32.47108611,27.98162772,34.55090707,0.72462057,0.73448676,1.371165974,1.117744568,1.205570068,,1.501737512,1.351589521,0.794866205,1.952482413,2.480870641,1.033553348,0.772343558,1.188524458,0.890599792,1.106424547,0.988004474,0.722986983,3.967253409,1.032359569,0.931472413
10/29/2019,0.00323078,617.948157,25.82241245,246714162,94998687183,0.259702707,61.63,41760000,23496.5,48.25305176,36.63346863,5.199999809,-0.000244477,-0.006758613,-0.018444674,0.034696785,-0.001846416,,-0.009614619,-0.004152884,-0.00237813,0.017426112,-0.002521008,9.87593E-05,-0.011392187,-0.000471717,0.004132651,-0.007132462,-0.004639778,0.005380836,-0.001490127,0.013136686,-0.000553959,29.59631301,31.834059,30.46602374,27.72315275,31.14996746,,29.17017839,33.21512489,29.90169684,28.87000463,27.67584473,33.34356337,28.30920488,32.31601598,30.85770198,33.35802842,34.40893308,30.73695433,32.46617428,27.99232279,34.55689243,0.723979995,0.727266965,1.340351388,1.13186013,1.202062026,,1.487834105,1.343761127,0.792196988,1.969418148,2.468362049,1.034433295,0.769467262,1.186326872,0.897876896,1.103299859,0.983302506,0.723095619,3.957734798,1.050807109,0.928975319
10/30/2019,-0.058855175,617.935953,25.81389691,246934292,94998924971,0.259933775,61.48,41740000,23494.5,49.35467911,37.08937836,4.570000172,0.00400573,0.005455426,0.00651603,-0.002528736,-0.005406263,,-0.004578058,-0.000212607,0.002317328,-0.012856373,-0.034902597,0.003213048,0.000347574,2.05938E-05,-0.012784323,-5.97881E-05,0.004764338,-0.001775346,0.001626564,-0.01590106,0.003883345,29.59832092,31.85034961,30.46843206,27.72174034,31.1475488,,29.16594008,33.22203792,29.9106218,28.86054889,27.64648573,33.34659043,28.31819557,32.31495478,30.85312311,33.34849898,34.41520969,30.73754359,32.47075095,27.97241341,34.56664634,0.725873386,0.735147226,1.347648841,1.12056768,1.194677616,,1.483677024,1.341500997,0.791971128,1.95123246,2.468362049,1.041400121,0.778984909,1.188416248,0.891097036,1.098290769,0.989022872,0.725248777,3.966667572,1.042462528,0.931647667
10/31/2019,-0.09525013,617.8719275,25.68732977,224378510,95012098030,0.236157831,60.96,41790000,23494.5,47.502491,36.15591049,4.889999866,-0.008081757,0.000241803,-0.013581229,0.013202614,0.000774952,,-0.002915013,-0.000968075,-0.004837985,-0.011201386,0.025221393,-0.002850135,-0.004764587,-0.013156028,-0.005852796,-0.003139536,-0.001574711,-0.001322227,-0.004744934,-0.052214112,-0.003486382,29.588569,31.8502462,30.46581689,27.73756384,31.14882995,,29.18338099,33.22424579,29.90191031,28.85706182,27.66733754,33.3444896,28.31114827,32.29699477,30.84879092,33.34041108,34.41544383,30.73683611,32.46916295,27.91905172,34.56463591,0.717030872,0.737234323,1.342788626,1.135017856,1.196093685,,1.477288375,1.335341181,0.786684757,1.940817589,2.480870641,1.041106102,0.775149848,1.177407205,0.882763758,1.093932282,0.987477239,0.725854488,3.938177714,0.987433194,0.928860039
11/1/2019,0.083434343,618.0219052,25.76719903,231896200,95012098030,0.244070181,59.67,41980000,23491,47.21548843,35.58060074,4.630000114,-0.002000231,0.008066804,-0.007033689,0.030576682,-0.002542989,,-0.002808989,0.006100584,0.003076674,0.012880755,0.030044472,-0.000651935,-0.003588517,0.000830849,-0.004507948,0.000567299,0.005224825,-0.004371795,0.004730101,0.009615385,-0.000773994,29.58864884,31.85246294,30.46303001,27.76317816,31.15721505,,29.18213066,33.23598202,29.90040928,28.86612362,27.6911618,33.34326854,28.30945415,32.29453252,30.84198414,33.35711902,34.42472564,30.73816072,32.48343624,27.93076677,34.59811513,0.720868227,0.737529599,1.340765518,1.172052933,1.196092393,,1.475843748,1.344107415,0.786982802,1.958148933,2.47670111,1.036884899,0.772386633,1.174635672,0.887432359,1.102075089,0.995841875,0.728753179,3.934184074,0.992069072,0.933843498
11/4/2019,-0.031767799,618.0210386,25.75309398,231262346,95047298638,0.243312908,61.47,41970000,23489.5,46.83370972,35.46533966,5.150000095,0.001871099,0.002512064,-0.004192323,-0.014358218,0.004847081,,0.006941919,-0.001031443,-0.011450864,0.014855136,-0.000786164,-0.006889699,-0.007352041,0.000503469,-0.01611196,-0.007274163,0.007830283,0.000949762,6.66886E-06,-0.000965542,-0.001672865,29.58638599,31.85590925,30.46374914,27.73160976,31.17758442,,29.17972964,33.24317892,29.89635811,28.87743425,27.69049897,33.3439158,28.29461022,32.29459216,30.83593714,33.35271992,34.4484767,30.74006845,32.48221116,27.92736664,34.59870198,0.720715262,0.741394382,1.335335782,1.142817967,1.204042102,,1.48218729,1.342701976,0.780766731,1.981417502,2.47670111,1.033635736,0.763757745,1.17810813,0.878614119,1.090415301,1.007083783,0.7299508,3.933735251,0.996295691,0.933417317
11/5/2019,0.010587815,618.0670691,25.79763071,196989681,95650601319,0.205947143,62.16,41895000,23489.5,47.40961075,35.96390152,5.309999943,-0.005893358,-0.000751849,0.005652783,0.009376724,0.004953635,,-0.003943754,-0.0005864,0.002038003,0.016991379,0,-0.001723778,-0.005882353,-0.002822094,-0.001328399,-0.001267352,0.003368871,0.004498411,0.004429707,-0.020992366,0.004470004,29.57728202,31.85719198,30.4662373,27.74481215,31.17702053,,29.17685877,33.25380485,29.92209985,28.89026419,27.69049897,33.34321379,28.2925481,32.29341477,30.82209423,33.34365107,34.47533234,30.75013392,32.48434109,27.90132037,34.60494877,0.710390345,0.743372045,1.342474119,1.157268143,1.211635418,,1.474722522,1.340730374,0.785491703,2.008449856,2.47670111,1.02942563,0.763757745,1.175050124,0.870864509,1.084587682,1.010930902,0.735728847,3.952213624,0.986096759,0.937739254
11/6/2019,0.140625674,618.1657252,25.9086967,223721567,95650368219,0.233895145,62.73,41665000,23486.5,48.20267105,36.63346863,5.21999979,-0.000829504,0.009443303,-0.00065276,0.053811017,0.004150826,,-0.007187626,-0.00177674,0.010307868,0.017419355,0.001683502,-0.000243257,0.001949071,0.002246849,0.003540465,0.008310643,-0.000928225,0.002412666,-0.008301038,0.039687761,0.0055815,29.57839528,31.84960936,30.46628499,27.79939401,31.17363287,,29.17680326,33.2449864,29.91933441,28.90404151,27.69244643,33.34424878,28.28836594,32.30205572,30.83809373,33.34806589,34.47447963,30.74523541,32.47016168,27.94027084,34.60981907,0.712599958,0.746781507,1.339603591,1.214734235,1.215769231,,1.46959373,1.340301618,0.790376008,2.037900118,2.485040171,1.028226254,0.761845595,1.179037535,0.863993965,1.093746333,1.009801533,0.732030949,3.921058964,1.025153135,0.941102272
11/7/2019,-0.070165644,618.1326616,25.89696907,190247086,95652708691,0.198893569,61.88,41745000,23489,47.93289185,36.28878021,5.360000134,-0.009530298,-0.012735493,-0.012085318,0.004988616,0.00086918,,-0.002320203,-0.000211417,-0.000960034,0.014823285,-0.032967817,0.002808689,0.008068011,-0.001501669,0.001295789,-0.003260206,0.004068886,-0.011144631,-0.002959485,-0.013422819,-0.003988712,29.56746619,31.84438796,30.45277349,27.82796561,31.17362552,,29.17258111,33.2478099,29.91561531,28.91440917,27.6648984,33.3486799,28.29629799,32.29479658,30.84110624,33.34583702,34.4795817,30.73737261,32.47094094,27.9295344,34.6069816,0.705060373,0.736716183,1.31871437,1.237145649,1.213956066,,1.465631501,1.344148676,0.789988217,2.065296781,2.493379232,1.032093218,0.766725572,1.177560607,0.876986521,1.092861718,1.014299345,0.718516545,3.905554153,1.004128698,0.938205642
11/8/2019,0.033106095,618.1549943,25.91731653,182961272,95682399879,0.191217269,62.27,41390000,23488.5,48.43582916,36.50154114,5.360000134,-0.006448122,-0.002005914,-0.006488715,0.007067138,-0.000809777,,-0.002809623,-0.000918755,-0.001627044,0.015099784,0.032975117,0.002613541,-0.0048842,0.0039636,0.003103965,-0.002571745,0.003680893,-0.007950885,0.000906172,-0.000766284,0.000976951,29.5611763,31.84623384,30.45545055,27.83250108,31.17560803,,29.17065466,33.2448324,29.90729959,28.92683792,27.69170495,33.34756299,28.29443826,32.29967578,30.84224657,33.3474333,34.48076474,30.7307026,32.47019299,27.92810068,34.6015771,0.696885467,0.735399409,1.316059441,1.237145649,1.21552477,,1.462495995,1.340538609,0.788187213,2.095735029,2.501718293,1.029899944,0.7658045,1.182139525,0.877956706,1.091995554,1.016857832,0.71214227,3.908325929,1.004953558,0.937550837
11/11/2019,-0.046206584,618.0521831,25.90622561,208399843,95682399879,0.217803737,62.06,41430000,23487,47.58147049,35.90629959,5.539999962,-0.004814041,0.009310893,0.007706327,-0.005580978,0.001750408,,-0.00293539,-0.00362469,0.008831384,0.008723215,-0.034235669,-0.001123818,-0.020143483,-0.00119661,-0.001590727,-4.14579E-06,-0.007539202,-0.002531375,-0.000369921,0.004992943,-0.001831704,29.55288623,31.84814391,30.45859889,27.83082374,31.18134641,,29.16761901,33.23307721,29.90437347,28.92999924,27.66281465,33.33720585,28.27757002,32.29561613,30.8354611,33.33900913,34.47770103,30.72322441,32.46730168,27.93365714,34.59575381,0.693003457,0.741802013,1.327690395,1.231566346,1.215794716,,1.459040201,1.333667837,0.784862787,2.114546569,2.501718293,1.029141186,0.757046387,1.180504623,0.877044441,1.090533388,1.010725495,0.709585789,3.905310795,1.008559946,0.934080949
11/12/2019,0.054432302,618.0959749,25.93961998,211783091,95682399879,0.221339652,61.96,41335000,23491.5,48.79634857,36.67435074,4.849999905,0.00228803,0.006811262,0.007929148,0.017574692,0.003580542,,-0.002304698,0.004648057,0.015402979,-0.025446843,0.011132479,0.005902096,-0.001415545,0.001949871,-0.006653161,0.002176589,0.002293568,0.003537389,0.005571051,-0.003244712,0.002699507,29.55534415,31.85690153,30.46098576,27.86190686,31.19495239,,29.16599559,33.23914761,29.91038947,28.90435823,27.67131968,33.33935878,28.27022867,32.293685,30.83228046,33.33314511,34.48248182,30.72725778,32.47240199,27.92945099,34.59438306,0.691802254,0.743419781,1.336380171,1.274916875,1.221519249,,1.45734929,1.342607238,0.792520095,2.066468684,2.497548763,1.031537965,0.753173631,1.184296894,0.867543034,1.085113887,1.014106918,0.712645829,3.923260641,1.007581613,0.935827167
11/13/2019,-0.139856238,617.9093093,25.76927383,278996641,95663399879,0.291644078,61.95,41230000,23491.5,47.21994019,35.44618988,5.730000019,-0.011523458,0.015147313,0.007017749,-0.059653095,-0.003217701,,-0.010201621,-0.002810593,-0.003043708,-0.017491927,-0.034223706,-0.00105337,0.008616041,-0.005340386,-0.006804116,-0.005134582,-0.000426764,-0.004110873,-0.00623118,0.002285714,-0.001655976,29.54139155,31.85848743,30.45854851,27.79674651,31.18749054,,29.15486683,33.23886913,29.89384187,28.88775629,27.64321682,33.33065831,28.28286283,32.29390852,30.82761635,33.32094228,34.47869216,30.72384438,32.46925426,27.93124857,34.58906618,0.685811972,0.753663573,1.34098137,1.19026314,1.215918484,,1.439014686,1.338547749,0.791933049,2.031019295,2.497548763,1.032230299,0.761430825,1.179357268,0.862966881,1.075214505,1.012302612,0.710392892,3.906863097,1.011085686,0.932727688
11/14/2019,-0.006643508,617.9418905,25.69796759,199867167,95682399879,0.208886031,62.84,41290000,23494.5,46.77576065,35.23424911,5.369999886,0.005334669,0.02060534,-0.002860007,0.006799494,-0.012499268,,0.007321836,-0.008114075,-0.009373345,-0.019957259,0.029815224,-0.001208661,-0.005531318,0.003547484,-0.009645156,-0.00535335,-0.007492703,-0.00407102,-0.003335243,0.00967008,-0.000296231,29.54453604,31.86663879,30.45457518,27.82763401,31.15520353,,29.16359618,33.24825689,29.89079912,28.86490569,27.66461948,33.33211116,28.28056063,32.29840162,30.83173559,33.32551246,34.47478427,30.72535224,32.4662069,27.93885245,34.58760827,0.688770846,0.751947193,1.326598951,1.225345099,1.195173015,,1.453781354,1.327575615,0.785014862,1.99335396,2.480870641,1.031141691,0.761770207,1.185000219,0.850114934,1.074877362,1.006733934,0.709055951,3.89281486,1.025977996,0.932048904
11/15/2019,-0.022654178,617.9160958,25.70261662,207549306,95682399879,0.216914821,62.61,41345000,23494,46.07590103,35.19163895,5.230000019,0.000324537,-0.018392095,-0.005000694,0.004848485,0.000676939,,0.000891604,0.001159515,-0.009729424,0.009052088,0,-0.001294291,-0.005110858,-0.001258237,0.005000341,-7.71723E-05,0.001530603,0.007617926,-0.001734163,-0.008928571,-0.002230712,29.53839322,31.86167043,30.44814778,27.83066094,31.15913184,,29.16239141,33.25841556,29.89449874,28.87088518,27.66461948,33.33244737,28.28062798,32.29544,30.82822123,33.30907247,34.46963271,30.72884996,32.4625167,27.93169746,34.58877532,0.68675509,0.740823922,1.327170597,1.225345099,1.19632178,,1.452773947,1.334555353,0.782422449,2.00915836,2.480870641,1.03240379,0.766116951,1.188303881,0.854679511,1.067403765,1.006395631,0.713352118,3.893886741,1.011961704,0.931915287
11/18/2019,-0.021160753,617.7917183,25.58980074,176745359,95682353785,0.184720956,63.43,41360000,23494,46.13357925,34.94623947,5.150000095,0.002630466,0.012338534,0.007386166,0.004848039,-0.011352849,,-0.000526596,0.002630712,0.001653213,-0.003554211,-0.005882353,-0.00030952,0.00649684,0.002243839,-0.004467756,-0.005626875,-0.00698889,0.001519648,-0.003634206,-0.015515734,-0.00504922,29.53801683,31.85124186,30.44165252,27.801459,31.14257012,,29.15947136,33.26383628,29.89533779,28.86878146,27.65952366,33.33522283,28.28455011,32.2939949,30.81856862,33.2982126,34.45373288,30.72923389,32.45826997,27.91444493,34.58359672,0.68714601,0.745908153,1.328674839,1.191507389,1.186210771,,1.450498714,1.334953649,0.779813196,2.004540231,2.47670111,1.03530281,0.774406595,1.188220606,0.83267764,1.058684253,0.996353219,0.715495593,3.875009257,1.000266523,0.927430187
11/19/2019,-0.059676246,617.775493,25.56936848,222493792,95682353785,0.232533778,62.43,41300000,23489.5,45.50011826,35.05968094,5.900000095,0.004606547,-0.008222821,0.000636758,-0.041582357,0.006488374,,-0.006035311,0.001068101,0.010885969,-0.007784431,-0.03226521,0.000525838,0.001302622,-0.007750732,0.007862862,0.002814536,0.002183735,0.002029356,-0.001262997,7.21559E-05,0.004750759,29.54076878,31.86263405,30.43504841,27.77595269,31.15487572,,29.15699245,33.25796431,29.89445173,28.86193359,27.63352122,33.33147969,28.28376872,32.28756037,30.82689505,33.31373672,34.47018769,30.73187481,32.46039859,27.9129046,34.58254385,0.684399465,0.742746068,1.326481269,1.168922489,1.197227595,,1.444147772,1.337100631,0.783008552,1.990360475,2.480870641,1.030337029,0.774368901,1.177110907,0.841656985,1.067238851,1.001821476,0.718410389,3.868685019,1.004544299,0.929929667
11/20/2019,0.051956035,617.7471949,25.55364932,204798343,95682353785,0.214039825,60.99,41410000,23491.5,46.80529022,35.65621185,5.03000021,0.022591844,-0.009939611,-0.000662599,0.019851883,-0.008611629,,-0.013303161,0.000294189,0.005278598,-0.014845859,0.036928953,-0.004294208,0.004994684,0.006038663,0.002096729,-0.003824295,-0.002050406,0.003891262,-0.000381274,0.003968254,0.003934019,29.5575836,31.85795021,30.43863581,27.77844504,31.13159281,,29.14955332,33.24098927,29.88464187,28.84695394,27.66349609,33.3183114,28.29138699,32.30086397,30.82798437,33.31023244,34.45925182,30.72912909,32.46441659,27.91763603,34.57814024,0.703908252,0.742130183,1.334412558,1.155783485,1.182657297,,1.428837187,1.334076235,0.780246408,1.966158437,2.501718293,1.025763683,0.780046105,1.187461101,0.84461438,1.061726967,0.996537378,0.719101086,3.870359772,1.00639865,0.931711865
11/21/2019,0.015450072,617.6976199,25.5631,210009920,95682353785,0.219486574,62.37,41510000,23496,45.6160202,35.19163895,4.920000076,0.002326895,-0.010000308,-0.006582326,0.015873016,-0.001357448,,0.005295589,0.002631557,-0.00760561,0.000643501,0.028771331,-0.001788334,0.000537814,-0.000767029,-0.0008678,-0.005232436,-0.010081188,-0.009452169,-0.002237423,0.017492842,-0.002150402,29.55385027,31.85737046,30.43734346,27.78907422,31.12054856,,29.14569066,33.23723761,29.87962053,28.84749034,27.69014071,33.30014752,28.29271358,32.30449146,30.82727744,33.29227132,34.43964808,30.71836525,32.45817771,27.93617532,34.56998536,0.701282382,0.740503328,1.335850383,1.155783485,1.180494843,,1.434603022,1.336338384,0.775612679,1.967249187,2.551752659,1.022581578,0.784651463,1.175968041,0.850552191,1.054468389,0.982718151,0.704823092,3.859253067,1.020721886,0.927891787
11/22/2019,-0.164792668,617.4887967,25.37694815,229159604,95682353785,0.239500383,63.71,41485000,23498,44.09981155,34.3822403,4.46999979,-0.020847759,-0.017780742,-0.008198198,-0.005677282,0.001130395,,-0.008310924,-0.005458653,-0.000215093,-0.012529341,0.003267974,-0.007275383,-0.012633868,0.003197695,-0.012064792,-0.016964237,-0.008261704,0.007745308,-0.016052514,-0.021650821,-0.006212729,29.53606001,31.83532655,30.4241751,27.7842173,31.11943414,,29.13914301,33.2243402,29.85953136,28.83365766,27.69403324,33.28718575,28.285107,32.29894999,30.82396039,33.28293945,34.42354229,30.71324987,32.44566177,27.91398822,34.56429338,0.686159059,0.7278587,1.318509023,1.155750023,1.176292738,,1.426162338,1.329679808,0.775061159,1.946029153,2.568430781,1.017793566,0.779049646,1.187517089,0.838451668,1.043643782,0.973051154,0.707909054,3.79913759,0.999390505,0.921071317
11/25/2019,-0.069306879,617.4242186,25.26831816,182528324,95682353785,0.190764876,63.58,41335000,23499.5,43.22713852,33.65422058,5.110000134,-0.002942291,-0.001479691,-0.002523876,-0.018837019,-0.012238739,,-0.011567112,0.001493961,0.008722267,-0.016829049,-0.003246753,0.000876338,0.000905109,0.002027807,0.000803092,-0.000453449,0.000624141,-0.007702582,-0.012672043,0.011811024,-0.006078012,29.52928961,31.84513064,30.41169128,27.77596487,31.12662416,,29.12517832,33.22607133,29.85207373,28.8196283,27.69014071,33.28469915,28.28404189,32.2871783,30.81502905,33.29355289,34.41975014,30.70771474,32.44168521,27.92810068,34.56067357,0.684877195,0.733186214,1.301407243,1.165865147,1.169027699,,1.405150476,1.333418933,0.777245284,1.918142454,2.551752659,1.018827906,0.782658544,1.187249863,0.849129165,1.048529709,0.973704463,0.704548988,3.741989783,1.004953558,0.916652877
11/26/2019,-0.011969106,617.396494,25.30614495,184800982,95682353785,0.193140088,63.75,41185000,23501,43.40866089,33.63496017,5.300000191,-0.006596312,-0.011010149,0.000242441,-0.032470526,0.008896765,,3.99723E-05,0.00517989,0.010394113,0.021164011,-0.032905487,0.001852326,-0.003682075,-0.000705738,0.002417219,-0.004803759,0.000949819,0.003774822,0.007265482,0.017440014,0.000588065,29.52524505,31.84721805,30.4076849,27.73554162,31.13408559,,29.11923229,33.22017595,29.85175103,28.83431652,27.66389099,33.28111236,28.28954483,32.29053392,30.81489174,33.29482575,34.42338762,30.71188437,32.44629702,27.94495697,34.55991747,0.676185581,0.725591609,1.29823764,1.128294689,1.173269569,,1.402366045,1.335590077,0.771658555,1.947866564,2.56009172,1.018267903,0.787996367,1.190899062,0.852946114,1.046473122,0.974379336,0.70781258,3.766074969,1.023554571,0.918588872
11/27/2019,0.057361884,617.4143356,25.3477134,188099439,95682353785,0.196587387,63.98,41315000,23501,44.01092148,33.73656082,6.159999847,-0.003787727,0.002405811,0.007988332,0.017573557,-0.003028169,,-0.005178857,-0.00170976,-0.00622911,0.011145446,-0.002442997,-0.001046791,0.019142019,0.007147626,0.001565814,0.008738336,-0.00339728,8.5824E-06,0.011699018,-0.007013328,0.003781362,29.52742936,31.83821195,30.41481882,27.74639389,31.13164002,,29.11458744,33.21786125,29.85078673,28.84240174,27.66088358,33.2821449,28.29666985,32.29324632,30.81734713,33.28928416,34.43042161,30.71201829,32.45239869,27.93617532,34.55961452,0.674052423,0.721875431,1.31788608,1.132529357,1.165937057,,1.396945994,1.332191431,0.769105263,1.965858206,2.547583129,1.016935551,0.790161585,1.195496715,0.850708086,1.051901384,0.974147698,0.712267298,3.790871816,1.020721886,0.920537007
11/28/2019,-0.077796818,617.2959789,25.27450804,186490126,95682346785,0.194905468,63.97,41255000,23501.5,42.76501083,32.91091156,5.400000095,-0.034953029,-0.001050385,-0.004688195,0.013277428,-0.005444927,,-0.004655101,-0.006725725,-0.006032095,-0.007304952,-0.034387235,0.002793069,0.014224259,0.007798189,-0.002161139,0.003334998,-0.006348536,-4.69795E-05,0.000535763,0.001923077,-0.007885303,29.51753337,31.82842721,30.41263362,27.75509114,31.11659569,,29.10785174,33.2073489,29.846972,28.83506375,27.63355618,33.27964236,28.29495096,32.29062908,30.81415833,33.28358371,34.41826135,30.70675231,32.45735311,27.93848942,34.5510847,0.656115175,0.717330509,1.31165022,1.132529357,1.158850405,,1.389335243,1.323652226,0.768163058,1.954302562,2.543413598,1.016632039,0.785825603,1.201034933,0.854171965,1.054571789,0.966762891,0.710159383,3.795077484,1.021649062,0.913280534
11/29/2019,-0.013226748,617.2824804,25.23651144,164689845,95682336785,0.17212147,63.2,41215000,23503.5,43.92779922,33.53121185,4.96999979,0.005515406,0.008090318,-0.006098908,-0.001344086,-0.004597837,,-0.003260252,-0.006125072,-0.000431582,0.015089514,0.034783284,0.005091015,-0.032049373,0.001045205,-0.006410965,0.007696246,0.001025871,-0.004262556,0.001351403,-0.03258427,0.004249891,29.51944815,31.8228737,30.40378836,27.75417919,31.12158813,,29.10744809,33.20321148,29.85031521,28.85799322,27.65983806,33.2732831,28.26641818,32.2871252,30.81353079,33.28276447,34.41850797,30.71116336,32.46297471,27.9122957,34.55373335,0.659268196,0.722244111,1.303722879,1.132529357,1.15335973,,1.389119331,1.314074219,0.770463409,1.980549462,2.551752659,1.017667162,0.765702318,1.201582325,0.855497421,1.057412728,0.968162974,0.710579838,3.797749773,0.970840005,0.914233546
12/2/2019,-0.050315547,617.1332732,25.19356337,209580738,95682336785,0.219038064,61.21,41340000,23501,42.12213898,32.45008087,5.099999905,0.002618438,0.004501202,0.01118949,0.018218623,-0.032437895,,-0.017969261,0.004955485,-0.012919762,-0.007149081,-0.00245098,-0.00263006,-0.003923683,-0.001918836,-0.010491027,0.001892451,-0.013782301,-0.000107506,-0.010457442,0.032339099,-0.0097925,29.51705951,31.80891338,30.41457735,27.78021096,31.08787769,,29.09107025,33.18632179,29.83160257,28.84961582,27.65681842,33.27791638,28.25445696,32.26243416,30.80058488,33.26300654,34.3959093,30.70228521,32.46792227,27.93572844,34.54896131,0.662692752,0.7284037,1.320459185,1.16142971,1.104904244,,1.3715682,1.322240568,0.766210353,1.964007961,2.539244068,1.015149456,0.769930737,1.20484406,0.849216306,1.053475385,0.953445187,0.707132172,3.772334167,1.019845868,0.907029292
12/3/2019,-0.072124156,616.9810978,25.07937938,265080813,95682336785,0.277042579,61.15,41310000,23488,42.50514984,32.36190033,5.110000134,-0.001739065,-0.003388789,0.014192524,-0.022576361,-0.009706051,,-0.020273418,0.000310666,-0.007765541,0.005664942,0.029374364,-0.001348875,-0.023754673,0.006214672,-0.002471864,-0.005417659,-0.008042542,-0.008319254,0.00221133,-0.016310461,0.001021899,29.51936093,31.79484131,30.4126638,27.764984,31.08519394,,29.0805371,33.17853281,29.82093812,28.86761919,27.67888123,33.28198614,28.21344835,32.23594823,30.79741524,33.23383791,34.3853952,30.69023149,32.4678356,27.92268114,34.54876609,0.668026171,0.7144346,1.326216466,1.16142971,1.093309983,,1.343544098,1.322223705,0.761804784,1.976994772,2.535074537,1.015577957,0.74150702,1.207656899,0.853250704,1.038024057,0.943196955,0.700401053,3.774720658,0.99444134,0.907543911
12/4/2019,0.051825761,617.1302672,25.21168197,206905495,95704976950,0.216190946,61.12,41415000,23489.5,44.08591843,33.44070053,5.619999886,0.001385092,0.008894331,0.010167839,-0.017094017,0.010906735,,0.014280544,0.003009788,-0.005013821,0.005454702,-0.034338358,0.001810145,0.022188222,0.008142184,-0.00303064,-0.008167217,0.01678657,0.006529881,0.008893304,-0.003846154,0.004866632,29.52598793,31.81399012,30.42312453,27.75409423,31.10091251,,29.07586944,33.19503964,29.83516309,28.87001777,27.65099305,33.28782191,28.2538657,32.25333762,30.79870923,33.23754387,34.41366751,30.69651506,32.46973479,27.91797357,34.55590565,0.672689306,0.722649266,1.346332744,1.16142971,1.108856849,,1.354899064,1.32279728,0.759588724,1.985400325,2.535074537,1.018070059,0.766149375,1.215298549,0.844426876,1.033605127,0.960285893,0.707347637,3.792502439,0.992586988,0.911691219
12/5/2019,-0.04579748,617.0456822,25.1775619,195197070,95704976950,0.203957073,63.04,41480000,23493.5,44.08839035,33.69524002,4.690000057,-0.001302009,-0.002210246,-0.002711792,0.036803348,0.000782002,,-0.012053449,0.003758622,-0.008534064,-0.002081482,-0.034172662,7.58998E-05,0.001839636,-0.002957418,-0.002711973,-0.00320293,-0.00633811,0.007140132,-0.002116623,-0.019379845,0.003575481,29.52434027,31.80172002,30.42622419,27.7752623,31.09468424,,29.05991478,33.18685904,29.826231,28.86358353,27.62443204,33.2873471,28.26009872,32.2527614,30.79934016,33.23066697,34.40883728,30.70098624,32.47066154,27.8940975,34.55763393,0.672635247,0.720240053,1.360249964,1.181191212,1.10882886,,1.337384951,1.331957954,0.759601877,1.980627089,2.535074537,1.019246475,0.766472614,1.211522599,0.827930537,1.026836359,0.954719411,0.713525325,3.772808129,0.983315232,0.913393475
12/6/2019,-0.085839232,616.9487707,25.08330546,169437719,95726581061,0.177001745,63.33,41480000,23492,45.26853943,34.33919144,4.690000057,-0.002026435,0.004706255,0.024641701,-0.013405646,0.00264938,,-0.015605248,0.003468369,-0.002122344,-0.000987578,-0.036393772,0.000129117,-0.023557465,0.00625223,0.001479133,-0.000692688,-7.86139E-05,-0.003405845,-0.01502085,-0.017291823,0.001422891,29.52863167,31.80440765,30.43128062,27.75590498,31.09556046,,29.05476467,33.18817265,29.82418414,28.85917491,27.59646177,33.29503426,28.2349619,32.25714799,30.8002585,33.22568383,34.40742792,30.69557962,32.46028293,27.87362671,34.56022348,0.676738415,0.720718478,1.374258452,1.159770959,1.106914368,,1.314970356,1.336482338,0.757368874,1.973987883,2.526735476,1.020772821,0.749478694,1.216429795,0.833388389,1.024526235,0.954367935,0.711007924,3.735646717,0.97414579,0.915595565
12/9/2019,0.093537573,617.0496704,25.24143421,260399220,95732253525,0.272007824,64.25,41350000,23493.5,45.12517929,34.56529999,5.690000057,0.004319,0.02077922,0.033656858,-0.001483129,-0.003642136,,0.012898425,0.00689728,-0.020350977,-0.003560295,0.03588253,0.001490167,0.022146849,0.001281036,0.012588037,0.00274639,-0.002741016,-0.003716218,-0.004721624,-0.021678322,0.000745498,29.53032292,31.80373614,30.45205625,27.7794831,31.09911617,,29.05953628,33.20279586,29.81410998,28.85223132,27.62230476,33.30550755,28.26578074,32.25217726,30.81991368,33.22660125,34.4064977,30.69757834,32.45571109,27.84322054,34.56098945,0.67913575,0.726183484,1.429045474,1.208731538,1.104904393,,1.336304212,1.351093285,0.746688171,1.968105176,2.535074537,1.02545658,0.772149819,1.218664764,0.840451144,1.030610917,0.953093449,0.706812524,3.717102983,0.976831344,0.914994663
12/10/2019,-0.041315071,616.924406,25.1380056,239131193,95732253525,0.249791668,64.23,41310000,23491.5,44.4531517,34.7104187,5.730000019,-0.010700824,-0.012918562,-0.005325994,0.002086594,-0.004231951,,0.004459576,0.003347583,0.000589685,-0.016296985,0.024271845,0.002262941,-0.005859877,0.000381215,-0.004058325,-0.000653866,-0.001554703,0.002731985,0.00200874,-0.022321429,0.00046728,29.52658651,31.79127988,30.4376035,27.78086369,31.1011463,,29.05542004,33.1896809,29.80561808,28.83658997,27.63989533,33.30045156,28.26353727,32.25511535,30.80711627,33.21035833,34.403973,30.69551787,32.44924793,27.81746719,34.55693697,0.676582824,0.710227808,1.401372411,1.18896975,1.098924344,,1.347196746,1.356594157,0.74796703,1.944260207,2.535074537,1.024273703,0.770307676,1.217345087,0.831443534,1.026076467,0.952565941,0.708630913,3.719873001,0.967559588,0.912759874
12/11/2019,0.003999281,616.8655788,25.16192798,213480378,95731753525,0.222998504,64.05,41310000,23491.5,45.72718811,35.09819031,4.849999905,0.000549998,0.014648914,0.008970738,-0.011695906,0.018167073,,0.016398412,-0.00467945,-0.001195489,0.013237358,-0.031792154,0.002379127,0.004192449,-0.000473231,0.014192761,-0.007302097,0.004195166,0.000481365,-0.007723547,-0.030985886,0.002433678,29.52927607,31.77740179,30.43281278,27.77373161,31.11928727,,29.0542029,33.19022542,29.79724249,28.8425806,27.61690242,33.30146066,28.26747259,32.24460615,30.81295683,33.20803827,34.40961334,30.69481726,32.4477397,27.78746884,34.55774184,0.674744595,0.715449223,1.393669953,1.18896975,1.130426525,,1.362609546,1.348755853,0.74562633,1.963344097,2.547583129,1.02650853,0.774815957,1.208368333,0.849540283,1.024582712,0.955762279,0.710092719,3.693941727,0.930562193,0.916574242
12/12/2019,0.037227227,616.8836607,25.25965837,216849999,95731753525,0.226518361,64.03,41385000,23492.5,48.69104004,36.87258911,5.21999979,-0.004087575,4.71957E-05,-0.006021006,0.007239057,0.00156832,,0.034981098,0.00873526,0.007849968,-0.008337428,-0.033797217,-0.002820456,-0.020600503,0.002329541,0.010035657,0.012239767,0.00730347,0.008177379,0.007052647,-0.000952381,0.006284433,29.52766335,31.78651791,30.42712736,27.77726347,31.12541992,,29.05918233,33.18970289,29.81198762,28.83104747,27.59233759,33.2993531,28.25130867,32.24976754,30.80524174,33.22399305,34.42471333,30.70663493,32.45737223,27.77774268,34.5592835,0.674002579,0.7162898,1.371347613,1.205908425,1.131264066,,1.387230094,1.360796024,0.750336626,1.945767185,2.547583129,1.024245003,0.760526034,1.212618082,0.86561356,1.03558419,0.964059638,0.715395613,3.703458629,0.966267884,0.921364195
12/13/2019,0.081097153,616.938444,25.20875351,214895819,95731753525,0.224477053,64.74,41345000,23490,49.56504822,37.31227875,5.690000057,-0.001892939,0.004980861,-0.001897357,0.005426357,0.007391093,,0.014517312,0.001530571,0.004312058,-0.005532266,0.033296808,0.002344221,-0.017285462,0.000795676,0.006994252,0.002090989,0.001390096,0.000571802,-0.014715151,0.034253579,0.002524652,29.52016731,31.791127,30.4272782,27.78037901,31.12728335,,29.07562526,33.1909317,29.82422303,28.82303554,27.61442284,33.29711742,28.23243493,32.25289257,30.80653142,33.21482038,34.4339535,30.71266916,32.45181598,27.81347107,34.54826437,0.673792483,0.723035064,1.366040134,1.205908425,1.134312766,,1.401987983,1.36622684,0.753507899,1.939368482,2.543413598,1.022555975,0.750055002,1.211939408,0.86904524,1.033640352,0.966585045,0.71683507,3.633085141,0.978692037,0.918726561
12/16/2019,0.095560776,617.0028642,25.24647233,282167724,95671744425,0.294933186,65.1,41415000,23487.5,49.41716003,36.77035141,6.079999924,-0.011545546,0.017146184,0.004909779,-0.000762777,0.003150694,,-0.006063224,0.002429609,0.015263861,-0.002374122,0.026733418,-0.000929576,-0.003544372,0.006033707,0.00176215,0.003087738,0.000139238,-0.001507924,0.00527758,0.035724966,0.000629391,29.51952263,31.80542913,30.42971704,27.77993453,31.11852249,,29.09579362,33.19507169,29.83528034,28.81611864,27.62884241,33.29584581,28.23112962,32.25519977,30.808721,33.21315925,34.42588516,30.71833077,32.44429339,27.85143105,34.53463587,0.667587723,0.728134522,1.363673112,1.205908425,1.133069879,,1.423224965,1.373817691,0.761819324,1.934286278,2.501718293,1.021398782,0.749554082,1.214282423,0.862243341,1.035811721,0.966331825,0.716146041,3.675360213,0.995176569,0.916927119
12/17/2019,-0.05965204,616.9277252,25.13945113,282299315,95671744425,0.29507073,65.87,41480000,23491,47.70890045,36.50579071,4.789999962,-0.004849877,-0.001712517,0.009704922,-0.023499686,-0.009300601,,-0.039883856,-0.002031233,-0.012549018,0.000560117,0.000833333,-0.006295512,0.010739389,-0.000590193,0.009265614,-0.001223544,-0.008181962,0.000842164,-0.000271577,0.022521176,-0.003729178,29.5189264,31.7953363,30.4127819,27.76656196,31.10165704,,29.07588344,33.1873351,29.82431594,28.81839567,27.62987854,33.28937033,28.25194954,32.25321193,30.82249571,33.20212895,34.41640335,30.71384617,32.43872765,27.87914255,34.52937676,0.667578189,0.725777186,1.355109711,1.183323525,1.121859891,,1.380751735,1.376447662,0.757124693,1.93538851,2.505887824,1.01100412,0.764705859,1.216227777,0.86365965,1.031706849,0.95860225,0.716120625,3.663149754,0.99156384,0.913461483
12/18/2019,-0.096744107,616.7903231,24.99054911,331840304,95671744425,0.346852988,65.87,41510000,23489,47.52927017,36.73469162,5.599999905,0.005266013,-0.0013593,0.002520787,0.000431642,-0.00811915,,0.001242236,-0.004692871,0.006716387,-0.015053014,0.000831947,-0.003046675,-0.009627575,-0.000607615,-0.011673792,0.002757432,-0.00569023,0.002594244,-0.011622776,-0.039295264,-0.008316533,29.51468526,31.79500102,30.41573275,27.7643465,31.1020416,,29.05742012,33.17148134,29.8349758,28.80135166,27.6309136,33.28347633,28.23015174,32.23602039,30.81529872,33.2112336,34.42285109,30.71704158,32.43279978,27.83417236,34.51932783,0.670228452,0.731363977,1.359746154,1.178733471,1.11221963,,1.361876548,1.362444599,0.761167889,1.910508952,2.510057354,1.007267414,0.752742829,1.214213201,0.858882482,1.035182926,0.957395104,0.718473094,3.6145748,0.967968847,0.905501387
12/19/2019,-0.057234099,616.7816217,25.01955741,220579644,95705370050,0.230477813,66.19,41525000,23491.5,46.83251953,36.33037949,5.880000114,-0.015275562,-0.007859038,0.003722368,0.007536161,-0.012657599,,-0.014674654,0.000471269,0.004093904,0.008927554,-0.035243219,0.003072603,-0.003013346,-0.005739167,-0.001751094,-0.007561433,-0.001116238,-0.00251216,0.011736558,0.013513514,-0.002904521,29.50732223,31.7900912,30.41409174,27.76790478,31.10192203,,29.05560769,33.17527635,29.841124,28.80037592,27.60312657,33.28572481,28.23951094,32.23071682,30.80193243,33.21200411,34.42573523,30.71901776,32.44108383,27.84944848,34.51960478,0.666801369,0.726360946,1.366533357,1.198495258,1.092927823,,1.359852153,1.363473529,0.768008344,1.916761285,2.501718293,1.00872145,0.761544017,1.201851531,0.866962509,1.032674285,0.955822218,0.716449679,3.636748141,0.973531901,0.904319318
12/20/2019,0.109427156,616.8249102,25.08585489,244972947,95648870050,0.256116927,66.67,41530000,23490,49.66592026,37.56256866,5.960000038,0.017662017,0.009021696,0.014048874,0.005396825,0.007071095,,0.002974488,0.003022535,0.012276576,0.026133842,0.0125,4.01682E-05,-0.014781638,0.005253966,0.005321465,0.004407207,0.008254962,-0.000831318,-0.013003937,-0.003024803,0.007683138,29.51660137,31.81588654,30.41671172,27.77177008,31.11397585,,29.03422822,33.17619211,29.83966472,28.81531847,27.61895571,33.28816825,28.21915217,32.22639888,30.80732045,33.21257649,34.43526152,30.71542439,32.43529053,27.84420068,34.52181203,0.669329798,0.730945165,1.377994326,1.205671502,1.103369755,,1.337645699,1.364896831,0.774736943,1.947943597,2.564261251,1.00492848,0.745261175,1.20578319,0.868715973,1.03866757,0.962798839,0.714743783,3.578877754,0.978583381,0.910699882
12/23/2019,-0.037209508,616.7096968,25.03088193,242784709,95648870050,0.253829145,65.04,41545000,23489.5,50.8805809,37.86481857,4.829999924,-0.00435883,-0.002967022,-0.001748601,-0.022813688,0.000234815,,0.004916923,-0.004350045,-0.006597949,0.013631738,0,0.006857266,-0.012698966,-0.00690423,0.000407794,0.001934607,0.003643327,0.006023453,0.004944185,-0.017045455,-0.000318827,29.52041853,31.80269181,30.41127939,27.72828385,31.10736806,,29.04080666,33.17371368,29.82656943,28.81580126,27.61895571,33.2924063,28.2089992,32.19331684,30.80825338,33.18789358,34.45607616,30.72520679,32.44192322,27.82939683,34.52033614,0.667696297,0.723325679,1.378731736,1.15059085,1.101658561,,1.358254323,1.359794513,0.772728542,1.959646262,2.564261251,1.012087991,0.739583971,1.190409823,0.868661616,1.032292587,0.970911957,0.723382304,3.596127611,0.952302834,0.908433223
12/24/2019,-0.020723005,616.718405,25.06838497,224615358,95697594547,0.234713693,65.59,41545000,23492,49.01491928,36.93050003,5.590000153,0.006152978,0.004499426,-0.008450008,-0.003846891,-3.13194E-05,,0.018933014,-0.002478722,0.0052029,0.001869658,-0.024,0.007092257,-0.006882069,-0.005218905,-0.005700078,-0.002171136,-0.002701898,-0.007888455,-0.003804506,0.009894958,-0.001194209,29.51912472,31.80271043,30.40732663,27.74985807,31.11142222,,29.05214022,33.17658668,29.8288989,28.81290868,27.60171443,33.28973637,28.22398205,32.16397244,30.80558771,33.20321424,34.45385785,30.71935924,32.44081821,27.83497807,34.52020782,0.66550089,0.728567642,1.378780382,1.175199587,1.099723817,,1.385722139,1.347177119,0.773337755,1.955924559,2.564261251,1.016514115,0.739190614,1.184683821,0.867232541,1.034901467,0.967104814,0.713292919,3.584517808,0.976626715,0.910125018
12/25/2019,0.017061741,616.7298705,25.11861325,251362326,95697594525,0.26266316,66.01,41910000,23491.5,49.16981125,37.19676971,5.690000057,-0.013190371,0.003486444,-0.00531993,-0.023494972,-0.001027653,,0.008550751,0.005581988,0.000542199,-0.010126752,0.040354922,-0.000714664,-0.004351074,0.004242778,-0.009461802,0.003844228,0.00041095,0.005272769,0.004946457,0.003365286,0.004150187,29.50717037,31.80231802,30.41039866,27.70696115,31.12750872,,29.06053405,33.18018653,29.82948506,28.80287752,27.63260103,33.28896315,28.21734589,32.18003489,30.8002223,33.20535412,34.45536973,30.72181592,32.44453484,27.83384136,34.52234722,0.655432006,0.732986762,1.385855014,1.120355859,1.106092757,,1.395204207,1.357352079,0.778279669,1.945606565,2.593447964,1.018373654,0.736777544,1.188735358,0.862004253,1.037197247,0.966831191,0.720284068,3.602503639,0.999921104,0.915372312
12/26/2019,-0.042192119,616.76184,25.07710069,274759787,95704883955,0.287090664,66.4,41965000,23491,48.66613007,37.13121033,5.380000114,0.019047017,-0.014920994,-0.006790844,0.009156574,0.005898989,,-0.022772804,-0.005242731,0.000333979,-0.028121264,0.012321619,-0.002122057,0.011976726,-0.007009721,0.006078837,0.000106487,-0.003747006,0.002709396,-0.004829447,-0.014084507,-0.000180369,29.51559676,31.79746809,30.40855303,27.7246137,31.12609555,,29.10980679,33.17476551,29.82962754,28.7864509,27.63500108,33.28939291,28.22240413,32.17262452,30.80488897,33.20999793,34.44816905,30.72263995,32.44089687,27.81832308,34.52452365,0.662961814,0.724771743,1.384491168,1.142541122,1.106731561,,1.465104273,1.351688689,0.772572946,1.909793145,2.535074537,1.017850845,0.750087151,1.182131973,0.85536908,1.038805554,0.962199405,0.720614981,3.585654804,0.994358051,0.914297846
12/27/2019,-0.015158249,616.7489178,25.12319421,184642987,95704883955,0.192929534,66.84,42160000,23494.5,47.84563828,36.7760582,5.110000134,9.59741E-05,0.004986435,0.010721132,0.000333667,0.000481635,,0.01488792,0.000224521,0.004381287,-0.008261979,-0.033064456,-0.001351489,-0.004694985,-0.008459515,0.005678877,0.000400955,0.009603715,-0.007862461,0.001303823,-0.006249604,0.001686299,29.50599037,31.80592794,30.40739261,27.72523308,31.12907484,,29.10470332,33.17689193,29.83386027,28.7829918,27.6108391,33.28596934,28.23346429,32.15983382,30.80774226,33.21453492,34.46338578,30.72051357,32.44055162,27.814855,34.52516197,0.661070878,0.730606964,1.395600049,1.143306131,1.107597219,,1.493036141,1.356736842,0.775339972,1.901973006,2.543413598,1.014820279,0.759858031,1.175093173,0.863076076,1.044747344,0.972425244,0.714299011,3.58884997,0.966632412,0.914711868
12/30/2019,-0.053074224,616.7289817,25.10333605,188985748,95707122955,0.197462573,67.04,42300000,23493.5,48.62065125,37.21601868,4.96999979,-0.011934836,-0.013056887,-0.006707659,0.00071085,-0.016087198,,-0.007357401,-0.005326647,-0.003048768,-0.033446578,0.046195386,0.00357227,0.001759972,-0.009761312,-0.002688344,0.001662138,0.004731066,0.001126757,-0.000808958,0.001138952,-0.003747027,29.48630466,31.79756741,30.41251691,27.70462884,31.13979949,,29.1020127,33.16713135,29.84306245,28.76423627,27.65094818,33.28589429,28.24462672,32.14176531,30.79990093,33.20619685,34.47207979,30.72022069,32.44376668,27.81586332,34.53045888,0.647149583,0.722054958,1.393392165,1.131993709,1.09190203,,1.495718553,1.346804606,0.777445507,1.860966701,2.614310345,1.020163356,0.77546241,1.160921017,0.860426987,1.044255524,0.978696439,0.709955927,3.588812881,0.968384448,0.914518899
12/31/2019,0.012359048,616.6965923,25.14781547,188898594,95755994583,0.197270776,66.59,42300000,23487.5,48.72455978,36.72922134,4.639999866,-0.027345107,0.007812767,0.00141105,0.047112614,0.006104688,,-0.014339234,0.001765293,0.008516641,-0.010960787,-0.034090909,-0.004074504,0.023686999,0.001900516,-0.014194518,0.001761162,0.00329565,-0.002147571,0.02201302,-0.0033344,-0.002534322,29.4785873,31.79820651,30.41313553,27.73321051,31.1383543,,29.08805505,33.14829049,29.83710105,28.76846638,27.6258017,33.27831115,28.25783641,32.15722169,30.79084701,33.20473368,34.46927056,30.7160443,32.45179732,27.81343428,34.52788705,0.635414409,0.728875354,1.39400753,1.161754853,1.101417942,,1.46045235,1.345093121,0.783152379,1.848400678,2.614310345,1.014264915,0.795375674,1.162019288,0.838320703,1.046662898,0.979284025,0.712710819,3.655138774,0.960551442,0.910607969
1/2/2020,0.081925165,616.8330108,27.49575826,205804140,95755994583,0.214925594,66.36,42525000,23485,48.05603027,36.94316101,5.380000114,0.015068787,0.016016242,0.00021488,-0.007501953,0.010514679,,0.009593362,-0.002365535,0.002518752,0.009275106,0.025062009,0.001885794,-0.003945773,0.007749937,-0.009109659,-0.001517698,0.004464393,-0.004557351,-0.004905443,0.012869266,0.000595369,29.4917049,31.8071636,30.40475811,27.74556159,31.14305992,,29.10578106,33.15824585,29.837535,28.77564006,27.63801956,33.274283,28.24275648,32.18567973,30.79510875,33.21472367,34.48099042,30.71342247,32.46250596,27.8280329,34.52803775,0.723611784,0.722096013,1.486285248,1.178828742,1.098670261,,1.645792101,1.306208083,0.791378864,2.286601182,3.093401337,0.960582105,0.77116191,1.120402683,0.865110571,1.168076561,0.914279144,0.702442462,4.667571917,1.107625982,0.885631315
1/3/2020,0.104409703,616.928411,27.59442915,172441374,95755994583,0.180084155,66.95,42705000,23488.5,47.89464951,36.75912094,5.570000172,0.003636586,0.001616464,-0.004536451,0.039226601,-0.000638609,,0.009435869,0.001518615,0.007421509,0.018499731,-0.032471264,0.002900082,0.024659907,0.001799837,-0.002366245,-0.000185559,-0.005413458,0.003606171,-0.00463331,0.042218266,-0.001885038,29.48916454,31.81731684,30.40240308,27.79307487,31.12818063,,29.10400338,33.15760863,29.84299339,28.78679252,27.61437658,33.27715793,28.24811942,32.20435001,30.8062101,33.2182666,34.4738209,30.70446047,32.46093598,27.87158037,34.52759475,0.726537985,0.724250825,1.476029312,1.232921707,1.091429419,,1.642729371,1.306149074,0.792176602,2.310958707,3.098734787,0.963671167,0.777525051,1.125374027,0.854609603,1.168646503,0.90778677,0.705133924,4.661705166,1.143562279,0.884496871
1/6/2020,-0.180915687,616.7691948,27.46269249,184574775,95755994583,0.192755321,70.2,44025000,23493.5,46.41820908,35.84725952,5.570000172,-0.017298193,-0.01408112,0.004575572,-0.04252455,0.003130206,,-0.000698185,0.002531085,-0.006439383,-0.027947413,-0.000860585,0.004806441,-0.030036421,-0.0033281,-0.000876675,-0.007726212,-0.007833514,-0.002996958,-0.000725921,-0.018180065,-0.014405695,29.4713506,31.81965695,30.4111142,27.73884088,31.12051048,,29.11041986,33.17679215,29.8681138,28.76044046,27.61325822,33.27724265,28.22312738,32.19302493,30.80383304,33.20885044,34.4542374,30.69880238,32.44835073,27.85735854,34.51386967,0.716137823,0.721259838,1.512612437,1.18018645,1.093573665,,1.657097533,1.313546301,0.790823626,2.271322963,3.093401337,0.969759925,0.762923741,1.122301893,0.865901229,1.161848979,0.898755695,0.703641091,4.650282269,1.105375402,0.871940293
1/7/2020,0.016234122,616.8121466,27.41156853,180734333,95759616230,0.188737529,68.61,43855000,23497,47.69309998,36.60713959,5.349999905,0.00223416,0.004392274,-0.006813389,0.008335515,0.00927734,,-0.03278271,0.001406201,0.010384147,-0.01337105,0.034693878,0.003453466,-0.001554095,-0.005690179,-0.001153573,0.004111142,0.003138663,-0.001531699,-0.009551227,0.009361702,-0.002106446,29.47134944,31.80690166,30.40553001,27.76424882,31.13687558,,29.10477165,33.17098888,29.86401093,28.77586979,27.63732054,33.27663813,28.22864784,32.177367,30.80137765,33.21713306,34.46205474,30.68687828,32.44617925,27.86125355,34.51674982,0.71393012,0.719274816,1.491969795,1.193810726,1.102917736,,1.622595046,1.315221386,0.7995214,2.254116084,3.093401337,0.97430032,0.762709227,1.11820053,0.862777009,1.168247211,0.900890453,0.700075753,4.611507043,1.13433917,0.871763375
1/8/2020,-0.150387339,616.6489512,27.17798447,283998747,95884178865,0.296189372,68.61,44450000,23492.5,46.6777916,35.88526154,5.260000229,-0.005348386,-0.012862096,-0.010507541,0.004601571,-0.007263123,,-0.01418897,-0.008717084,-0.005576727,-0.016274728,0.023947091,-0.007145488,-0.008772639,-0.010030066,-0.02213773,-0.012941052,-0.00764361,-0.01224274,-0.006116856,0.004347826,-0.01551499,29.45788537,31.79266953,30.39122966,27.76599897,31.11687633,,29.08254426,33.16483197,29.8615804,28.76450312,27.65426477,33.26798505,28.23492412,32.14822252,30.78692651,33.22631925,34.45458872,30.67376811,32.43300414,27.86623516,34.50459323,0.707170834,0.711362546,1.46198507,1.1901181,1.090755091,,1.591388489,1.306142766,0.797178333,2.236052202,3.088067886,0.96556935,0.764298356,1.100657738,0.847906098,1.162417952,0.894217274,0.693682901,4.573965129,1.136457399,0.858590957
1/9/2020,0.064718852,616.7397487,27.25845214,169423836,95959178865,0.176558239,68.61,43700000,23496.5,48.17618942,37.21504974,5.480000019,0.002348641,0.005373972,0.003971144,-0.01984127,0.007774385,,0.001390582,0.001030471,0.003371941,0.021597936,0.030863558,0.006670998,-0.010418158,0.007373247,0.013596173,-0.000411038,0.005334764,0.001166666,0.010642048,-0.027851459,0.00073425,29.46121411,31.80144182,30.39687776,27.75466445,31.12681441,,29.09046033,33.15355068,29.84104441,28.77711966,27.67774903,33.28027004,28.22679229,32.16407063,30.79871776,33.22982952,34.47897647,30.68395062,32.44123054,27.83965542,34.51531881,0.706552582,0.714493509,1.467660393,1.166862571,1.092879518,,1.602316837,1.304675496,0.799830619,2.261796876,3.093401337,0.971807574,0.760622756,1.112903863,0.863954591,1.163276627,0.901496154,0.695456903,4.620786795,1.097961601,0.859715533
1/10/2020,-0.051395062,616.7341732,27.2145689,232200844,95959178865,0.241978773,65.26,43175000,23493,47.248909,36.9174881,5.130000114,-0.001662411,-0.011183309,-0.010573839,-0.018648019,0.006303735,,-0.001075637,-0.002354197,-0.009449963,-0.010453959,-0.000862069,0.000757695,0.002794349,0.001438755,-0.017478662,-0.00034785,0.015469584,0.007294189,0.003583062,-0.002192982,-0.002753533,29.46295727,31.79231994,30.38057359,27.743717,31.12624386,,29.0841558,33.15878819,29.8326179,28.77757914,27.67669938,33.29675389,28.22414758,32.17032177,30.79234433,33.22932323,34.4987068,30.68836722,32.44204517,27.83710062,34.5194105,0.704566364,0.709840786,1.455031532,1.151950773,1.098907139,,1.593284165,1.29948688,0.787609861,2.248664412,3.088067886,0.978594907,0.758884786,1.110044678,0.851464832,1.163948503,0.915659832,0.701494829,4.640634145,1.096902486,0.859530108
1/13/2020,-0.096539125,616.6622903,27.18344677,151922285,95960038697,0.158318282,65.11,43350000,23491,46.81607819,36.59281921,4.710000038,-0.008871044,-0.01254063,-0.004442976,-0.002469136,-0.008982943,,-0.017662591,-0.005267866,0.003344238,-0.021844246,-0.000863558,-0.003941797,0.000901862,-0.001457225,-0.008033461,-0.009686697,-0.001403455,0.001921423,0.01434156,-0.00660793,-0.002972653,29.45368221,31.79451668,30.3777866,27.7423401,31.11962867,,29.0724088,33.15098688,29.82780101,28.76955574,27.67564862,33.2975291,28.22552894,32.17357159,30.78498611,33.22251861,34.4903184,30.68363222,32.44596725,27.82939683,34.52448592,0.694907387,0.704948195,1.45202247,1.150086799,1.092417788,,1.568021845,1.288603239,0.794913373,2.22642865,3.082734435,0.976134588,0.758841884,1.110663916,0.852961836,1.15271295,0.9143316,0.701640314,4.709045726,1.093725143,0.858304632
1/14/2020,0.041106774,616.6627299,27.25484885,195608451,95941668697,0.203882686,64.66,42800000,23488.5,47.12181854,36.79999924,5.119999886,0.014332917,-0.008960663,-0.000277379,0.023231942,0.014772219,,-0.010981815,-0.004770725,-0.006973304,0.01436134,0,0.003262492,-0.012836121,0.001148879,-0.001825661,0.002271755,0.004129874,0.002276186,0.000441281,0.008114496,-0.000610937,29.46440796,31.78748021,30.38217229,27.7551203,31.12057758,,29.07520341,33.1437297,29.81341487,28.77152241,27.67564862,33.29971054,28.21217758,32.17335681,30.7830468,33.2231247,34.49267099,30.68391304,32.44146531,27.83691765,34.52706911,0.70833872,0.700217683,1.461658568,1.167792792,1.112266001,,1.566721377,1.279295212,0.788613171,2.236922072,3.082734435,0.976504913,0.75039184,1.113901157,0.852655429,1.155536734,0.916262749,0.7018126,4.719723913,1.104860534,0.858638946
1/15/2020,0.025074316,616.6869824,27.24845771,154125017,96192925287,0.160224899,64.4,43125000,23489,46.2405014,36.32707977,5.269999981,0.010710743,-0.010991929,0.002930953,0.042942243,0.000862814,,0.015846073,-0.000435254,0.005055265,-0.017905209,0.020635123,0.002999371,-0.007054361,-0.002466606,-0.018637978,-0.005698289,0.002169324,-0.00535929,-0.003320045,-0.002222222,-0.004986409,29.46390688,31.78555356,30.37719165,27.78562375,31.13765387,,29.08139032,33.13907396,29.81112565,28.7620985,27.69427381,33.305196,28.20475658,32.16839571,30.77091075,33.22266592,34.49697231,30.6798803,32.43820119,27.83435584,34.52775589,0.717533805,0.697567261,1.465986071,1.211371093,1.058438197,,1.583860507,1.273953793,0.795933511,2.219739365,3.12006859,0.977938054,0.745660299,1.112413806,0.840148003,1.151829677,0.917806163,0.697318874,4.702888879,1.103801419,0.854200345
1/16/2020,-0.081591947,616.6572732,27.24483546,203740505,96192925287,0.211804043,64.56,43125000,23488,46.32685852,36.44197845,4.690000057,-0.006559865,-0.006868566,0.004313216,-0.030043604,-0.007161951,,0.009671657,-0.001499763,-0.016311942,0.022037074,-0.035,-0.000786524,-0.019262461,0.003715915,-0.009542609,-0.003130534,0.010550272,0.006560562,0.011023912,-0.008928571,-0.004368166,29.46073189,31.79026526,30.3765338,27.73689031,31.15085538,,29.08412945,33.13465386,29.80983734,28.77670744,27.66613835,33.30500261,28.20004302,32.17187845,30.77480761,33.2221359,34.51840086,30.67778524,32.44894152,27.82404246,34.52749243,0.710364887,0.696657517,1.469928354,1.172999928,1.056251513,,1.589603834,1.267802668,0.779394587,2.242583622,3.12006859,0.978929174,0.737723313,1.112706338,0.83132785,1.145625308,0.928407279,0.701068668,4.751971102,1.099564961,0.851855963
1/17/2020,0.051878774,616.7387261,27.25358753,171690451,96199674714,0.178473006,64.7,43125000,23488.5,46.33057022,36.05805969,5.409999847,-0.004908975,1.51113E-05,-0.001370064,0,-0.011920057,,0.017946767,-0.007692266,0.00594934,0.004149073,0.035800937,0.004973184,-0.006784249,-0.004073077,0.00030028,-0.006796732,0.002550564,0.010660692,-0.006618461,0.023255814,-0.003559108,29.45597599,31.79859016,30.37867005,27.73689031,31.14456664,,29.091147,33.13045711,29.80991479,28.78087976,27.6933236,33.30926344,28.19177674,32.18003709,30.77706186,33.21794777,34.53575126,30.68278141,32.45321369,27.84383729,34.52664012,0.705087242,0.698598431,1.469994093,1.172999928,1.049997517,,1.602797002,1.255108348,0.783223055,2.247303298,3.12540204,0.986893655,0.732112722,1.110941093,0.819879158,1.138165937,0.934229767,0.707599444,4.724664536,1.139870067,0.848720194
1/20/2020,-0.005224265,616.7030014,27.24834023,155670715,96199674714,0.161820417,65.1,43500000,23487.5,46.65415955,35.80978012,4.960000038,-0.004627582,-0.008499135,-0.001377173,0,0.018137627,,0.015184874,0.000581927,0.007718995,-0.008780062,-0.001706485,0.004361217,-0.014616179,0.001974696,-0.002175534,-0.00227119,0.000494014,0.002627473,-0.004534333,-0.007828283,0.000110866,29.4569239,31.79496916,30.38187745,27.73689031,31.14376447,,29.101334,33.13058966,29.80571265,28.77061544,27.69125568,33.3152304,28.18802092,32.18426549,30.76487457,33.21708276,34.53502034,30.67724182,32.44445885,27.83636853,34.52650493,0.699261294,0.695771974,1.4742008,1.172999928,1.065124318,,1.630147903,1.259545031,0.785550491,2.235022423,3.114735139,0.993217588,0.727232341,1.113284071,0.821977157,1.139999473,0.933564423,0.708451718,4.70011099,1.128734676,0.849408495
1/21/2020,0.046587718,616.763247,27.29589082,158035294,96209674714,0.164261333,65.05,43775000,23489,47.49200058,36.84109879,5.360000134,0.007092829,0.01132801,0.005051322,-0.009886564,0.006099829,,0.000789797,0.009920761,0.011040295,-0.003459405,-0.030913701,0.006701138,0.018336954,0.000854161,0.005690023,0.013203591,0.007512687,-0.000828404,-0.001175784,-0.017033503,0.006263684,29.46935746,31.80983259,30.38359837,27.73767723,31.11607942,,29.09212183,33.14749407,29.82434627,28.77055657,27.66796194,33.30982324,28.20067707,32.1964658,30.78113085,33.22902177,34.54583447,30.67964784,32.44874101,27.81847288,34.53440638,0.7016632,0.69569294,1.477617863,1.169082198,1.067160343,,1.622311535,1.266495438,0.79307463,2.233582031,3.136068941,0.997390269,0.730372544,1.116277435,0.827759502,1.149214253,0.941670946,0.709301482,4.694069881,1.113362827,0.853722558
1/22/2020,0.249628947,617.0253241,27.53529595,151887696,96234474711,0.157830857,64.49,43475000,23495,49.87010956,37.21105957,4.429999828,0.014247731,0.015164228,0.003285907,0.032925586,-0.00542484,,0.017355336,0.002979365,0.009784225,0.016776018,0,0.009707459,0.025304073,0.01173468,0.011197779,0.013444679,0.021790067,0.004494121,0.000204782,0.036745964,0.007911786,29.5243474,31.81783523,30.39342099,27.75645125,31.13243219,,29.10127997,33.14845273,29.83595517,28.78468761,27.66796194,33.31329314,28.2475656,32.2120563,30.78571212,33.22739301,34.55255905,30.68161683,32.44710733,27.85358968,34.54160654,0.713300306,0.701254975,1.483675485,1.198881067,1.071067064,,1.647999071,1.269424714,0.803363052,2.255613209,3.136068941,1.002047315,0.759065177,1.127817062,0.820633711,1.161611136,0.956649852,0.712927566,4.694377243,1.16002262,0.85949638
1/30/2020,-0.37209806,616.4496865,26.8674497,202852007,96270806095,0.210709783,59.6,43525000,23503,46.45851135,36.0381012,5.409999847,-0.007778669,-0.010198856,-0.033581521,-0.013981481,-0.029711329,,-0.003139139,-0.003955594,-0.02538233,-0.001748252,-0.067335927,-0.013326995,-0.024060565,-0.004151707,0.001188403,-0.016011033,-0.023167313,-0.00469077,-0.020740864,-0.05583004,-0.014494077,29.52049899,31.78525579,30.36713414,27.74775891,31.09926121,,29.09829066,33.12725121,29.79383795,28.78404004,27.59851781,33.26849763,28.22230852,32.19307257,30.77440525,33.18573519,34.50597913,30.6604539,32.39801265,27.79473798,34.52463697,0.704632099,0.69333365,1.437870899,1.180280175,1.031979071,,1.641699014,1.256489677,0.782160878,2.254050546,2.928064369,0.986278072,0.740909489,1.130271926,0.808544574,1.134226248,0.929118194,0.706022508,4.572319533,1.103830797,0.845367984
1/31/2020,-0.260344972,615.9814128,26.47520913,271895695,96270806095,0.282427982,59.27,44700000,23508.5,44.44886017,35.41194153,4.869999886,-0.008299525,-0.020104579,-0.016167249,0.017906251,-0.043242186,,-0.014227672,-0.013634947,-0.005006773,-0.016962888,0.000910747,-0.017123349,-5.03024E-06,-0.008085935,0.004119841,-0.012299345,-0.015365137,-0.021928496,-0.039983332,-0.0095898,-0.021255568,29.51878381,31.74207709,30.35937674,27.7708079,31.04880028,,29.08855409,33.07299368,29.74739789,28.77425893,27.59965278,33.237382,28.22674213,32.16960155,30.74201255,33.13729103,34.48794376,30.62670072,32.33012176,27.78462205,34.51629208,0.701033234,0.677572956,1.410084456,1.199906082,0.979890952,,1.633048169,1.238247713,0.784360215,2.233820919,2.933397819,0.972180173,0.749574047,1.135779486,0.816863368,1.109499676,0.910619452,0.690032773,4.373216765,1.096622943,0.82945793
2/3/2020,-0.410566245,615.5789748,25.84100573,301771101,96271806095,0.313457401,55.86,44350000,23511,40.83494186,33.67346954,4.869999886,-0.014356501,-0.021191693,-0.004811667,-0.003236246,-0.038107866,,-0.007698867,-0.012734804,-0.023454487,-0.00646965,-0.022727273,-0.017738106,-0.018433087,-0.018995976,-0.055336917,-0.026297361,-0.011192854,-0.018315231,-0.049713683,-0.01826484,-0.021489138,29.49693088,31.70525154,30.33907034,27.76487432,31.03124521,,29.06188389,33.0416876,29.69903181,28.76661037,27.57088499,33.22462201,28.22354697,32.14583808,30.72080847,33.12960583,34.49370527,30.60689922,32.28701448,27.7678454,34.50161808,0.693963715,0.664278459,1.409359915,1.194782267,0.942808038,,1.606346957,1.223963778,0.773775915,2.226204674,2.800061555,0.961173661,0.747707369,1.118944006,0.778915817,1.086759301,0.901976629,0.678934167,4.153140858,1.064378858,0.81352979
2/4/2020,0.008717078,615.5086291,25.90269717,202350773,96271806095,0.21018695,54.7,44000000,23513.5,42.37070847,34.82614899,4.889999866,-0.010408056,-0.002869682,0.004293031,-8.65688E-05,0.012906068,,0.011761317,-0.003745025,0.008266478,0.001081111,0.047129987,0.000470024,-0.021645022,-0.018570879,-0.00267213,-0.010947265,0.016615555,0.004581315,0.006286034,-0.02970297,-0.004026245,29.48519406,31.69983571,30.32730754,27.77270458,31.04096564,,29.07481164,33.02596251,29.68446245,28.76031656,27.61210313,33.20933515,28.19725914,32.13706387,30.72137469,33.10768224,34.5128685,30.60284137,32.3012841,27.73439407,34.50086219,0.687859016,0.659871016,1.389600489,1.199437974,0.961245327,,1.619880604,1.218407344,0.774465547,2.224562791,2.869396412,0.96044466,0.737370084,1.100701385,0.796589816,1.068755758,0.914946316,0.685464814,4.171020711,1.051669484,0.811007628
2/5/2020,0.075863682,615.5402288,25.96875076,200374612,96275766095,0.2081257,54.5,43500000,23508.5,41.13024139,34.2364502,4.889999866,0.004388813,0.010451919,0.012602256,0.015079365,-0.004889414,,0.008194961,0.004796227,-0.004774124,-0.000143716,0.042660341,-0.002340903,-0.004167174,-0.007647984,-0.018949101,0.010939352,0.005842748,0.003321167,0.000465079,0.001184834,-0.001150962,29.49130245,31.71506749,30.34067271,27.78117694,31.04167035,,29.08810911,33.02567862,29.70008688,28.75625479,27.64875647,33.18937899,28.19078716,32.13140949,30.67661024,33.11850191,34.50819918,30.60957569,32.28993668,27.73548683,34.50156685,0.69089816,0.668019955,1.403319966,1.217112176,0.957076464,,1.637241679,1.224240101,0.773076058,2.222952597,2.917397467,0.960506579,0.726075741,1.085645923,0.768970382,1.08106742,0.917253365,0.685413041,4.169449494,1.053684739,0.809349452
2/6/2020,0.138353181,615.77275,26.07369622,222568309,96283867090,0.231158465,55.95,43625000,23511,43.26840973,36.0381012,4.849999905,0.023674565,0.010448683,0.016889675,-0.045599446,0.01918727,,0.000725713,0.015326958,0.010836724,0.01093231,-0.004084009,0.011138442,0.009320256,0.004773836,0.023513198,0.008397841,0.015820969,0.012197622,-0.00032165,-0.019335573,0.014509796,29.5146442,31.72470869,30.34702317,27.72417324,31.07160618,,29.090228,33.0684878,29.74720617,28.76358402,27.64607358,33.18844131,28.19998268,32.15016115,30.74097793,33.12624536,34.52497037,30.62841698,32.29127008,27.71501219,34.5095369,0.704551135,0.672023667,1.411804622,1.161580957,0.982459174,,1.647377402,1.246032126,0.778219385,2.235745099,2.928064369,0.970466199,0.722872934,1.083776195,0.787274668,1.089215025,0.931841246,0.694223209,4.165722714,1.041284286,0.81916181
2/7/2020,0.106117048,615.8852395,26.28841538,196185669,96283867065,0.203757571,55.37,43800000,23511,44.36645126,36.93333054,4.619999886,0.018541549,3.30191E-05,0.016087042,-0.000698686,0.006131106,,0.005322611,0.004951083,0.004880421,0.016155089,-0.028205128,0.00348666,0.039814704,0.000183995,-0.007152071,0.000433425,-0.00620321,-0.005993444,0.028220791,0.003804348,0.006323744,29.53125012,31.72081327,30.35243922,27.72879445,31.06896636,,29.09910261,33.06965869,29.74688742,28.77518039,27.62293313,33.19397109,28.22741743,32.15570965,30.74065572,33.14203525,34.51707889,30.63106298,32.3267798,27.71905036,34.51545271,0.718006072,0.670478181,1.417620819,1.164001586,0.990729574,,1.650023082,1.250472218,0.785049685,2.25811146,2.928064369,0.979033664,0.742957894,1.088054079,0.782979231,1.097527076,0.928010632,0.690704915,4.280277534,1.042767047,0.823546261
2/10/2020,-0.001848341,615.8245658,26.22792525,163439940,96305303925,0.169710217,54.53,44025000,23516,43.55139923,36.28419113,5.019999981,0.00947993,-0.009484083,-0.006663299,0.044806875,-0.009966253,,0.00985532,0.00904592,-0.000282755,0.004274872,-0.013601806,-0.003738175,0.00487388,0.009116221,-0.017149629,-0.006061064,-0.007917498,0.002768199,-0.018026978,0.000500848,-0.003678864,29.54181489,31.71680984,30.33526178,27.7629403,31.05480308,,29.09428745,33.07529783,29.73265073,28.7787238,27.61102504,33.19351976,28.23940863,32.15842113,30.73809934,33.13343691,34.49468518,30.62715247,32.3080391,27.72118699,34.5070015,0.73184138,0.668326981,1.409294005,1.210559635,0.974776516,,1.647377539,1.264580537,0.785196676,2.267860832,2.912064017,0.975017088,0.748374103,1.101740485,0.775010713,1.093778177,0.914996121,0.691777951,4.208413772,1.027486421,0.819452298
2/11/2020,0.036135322,615.882063,26.23208182,173127071,96305303925,0.179768989,54.83,44025000,23519.5,43.73749924,37.5,4.349999905,-0.004083429,0.009455464,-0.012111642,-0.017241379,0.012585296,,0.015312595,0.011961102,0.006733268,-0.016042196,0.010989011,0.002214071,-0.002766473,0.006341729,-0.00586154,0.004012591,0.010271045,-0.005588255,-0.001035631,0.005571245,0.00541845,29.54270939,31.7390379,30.33706753,27.75276558,31.07212983,,29.11309824,33.06978105,29.75272871,28.76622903,27.62439317,33.188425,28.22306527,32.16460403,30.73640946,33.12441427,34.51119573,30.62311577,32.30697721,27.72613966,34.50777613,0.730827171,0.677976291,1.396894895,1.196579824,0.990827245,,1.669138995,1.280018649,0.78109682,2.177449557,2.976065424,0.976411165,0.742321848,1.105734658,0.768821169,1.087340818,0.923708325,0.687435677,4.203743721,1.037350874,0.822338691
2/12/2020,0.165586006,616.0041775,26.36652149,241093243,96348561364,0.250230247,56.07,44025000,23519.5,45.62039185,38.91625977,4.989999771,-0.00231526,0.013533625,0.000388605,-0.022450593,0.005119323,,0.020383438,0.000922171,0.006151931,0.000661376,0.019414576,0.007963426,0.031958607,0.011773068,0.006855124,0.020686315,0.00915643,0.006191655,0.002142229,0.014759988,0.012289973,29.54205689,31.74109729,30.34132919,27.73212102,31.0800587,,29.14319064,33.07827358,29.76486158,28.76779083,27.63955164,33.18451013,28.23410924,32.16690251,30.74262688,33.13668124,34.51675808,30.62937749,32.31495286,27.73920123,34.50872653,0.728952786,0.67883671,1.396258249,1.177926645,0.996594031,,1.692794494,1.282383665,0.78455145,2.178507176,2.981398874,0.980460636,0.753843351,1.115311888,0.770757587,1.106657879,0.931455333,0.691395669,4.22061984,1.064717157,0.833098072
2/13/2020,0.08773419,616.0995029,26.35092928,193272842,96348561364,0.200597538,57.07,44075000,23513.5,45.70254135,38.85110092,4.760000229,0.003466873,0.005280164,0.018838399,-0.004465869,-0.006955161,,0.015921807,0.00083068,-0.001076077,-0.017567127,0.03303252,0.003256985,0.035839682,0.001151019,0.005910935,0.008318191,0.002882575,0.007285362,0.00046634,-0.020771821,-0.003911287,29.55417195,31.74849364,30.35570551,27.72692816,31.08072355,,29.16107249,33.09129679,29.76069305,28.75040184,27.6642743,33.19050614,28.27945534,32.16466046,30.74001808,33.13811698,34.51625349,30.63595532,32.31136623,27.72011961,34.50928991,0.727789689,0.679640898,1.418245643,1.16120739,0.987618501,,1.722254464,1.28497826,0.783140788,2.15125221,2.970731973,0.986143919,0.77801411,1.1102979,0.771366464,1.114996487,0.932676579,0.695976975,4.219917436,1.023879556,0.830800032
2/14/2020,0.099588171,616.2141536,26.35756615,213147496,96348561364,0.221225406,56.25,44255000,23518,45.65420151,38.92668152,4.670000076,0.004638,-0.003569775,0.005405814,0.007482993,0.024326982,,-0.002648264,-0.008268012,-0.003143779,-0.015165136,0.041405035,-0.000763203,0.022043011,0.009178431,0.01297732,-0.002875619,0.007495343,5.52162E-05,-0.006975698,0.012429972,-0.004440458,29.55989214,31.74880624,30.35706497,27.74043555,31.08942746,,29.1767049,33.09576086,29.75555602,28.74064849,27.70004121,33.18786456,28.29600886,32.18452642,30.74180421,33.13469065,34.51928831,30.64372167,32.30521443,27.73110862,34.50558805,0.73193337,0.681805247,1.424871862,1.172479785,1.002940043,,1.738332556,1.273831447,0.780576962,2.069563278,3.013399578,0.987559076,0.785410853,1.111941425,0.782128762,1.102699042,0.938066398,0.696028587,4.189496836,1.045623718,0.828877329
2/17/2020,-0.14475711,616.0448112,26.11360948,189140230,96436705348,0.19612888,57.18,44225000,23520,44.15205002,37.72555923,4.860000134,-0.003016241,-0.001008784,0.007033555,-0.053525217,0.006697253,,0.003115482,-0.00958075,-0.003287255,-0.016712174,-0.03125,-0.004350497,-0.01793938,-0.00495578,-0.003978069,-0.000336449,0.003147306,-0.003358299,-0.007142145,-0.00477327,0.000463602,29.56040336,31.744765,30.35315912,27.67780951,31.08492955,,29.17761312,33.08519654,29.76332003,28.72491048,27.6734197,33.17843996,28.27423327,32.17551903,30.73465776,33.13939368,34.5271694,30.64881694,32.29897037,27.72671115,34.49537322,0.730060087,0.676704213,1.423364837,1.103114516,1.004861141,,1.740877589,1.25923624,0.777044851,1.991629739,3.013399578,0.987848915,0.774315739,1.107058255,0.776167293,1.094493669,0.942271176,0.690065234,4.154972425,1.037562697,0.828561283
2/18/2020,0.033050881,616.0796173,26.05306638,202352017,96436705348,0.209828837,57.08,44225000,23517.5,42.44636154,36.48294067,4.960000038,0.001405677,0.000405334,0.001603126,0.020955261,0.008132458,,0.001122046,-0.001696572,-0.018162697,-0.026763342,-0.004424779,0.002697059,0.004076087,0.005370253,-0.003015145,0.000639369,0.001133338,0.00178187,-0.002683383,0.034210526,0.006264394,29.56609598,31.73961077,30.34790393,27.71063375,31.11261062,,29.18158521,33.07489807,29.75427119,28.70684265,27.6681375,33.15662958,28.28400992,32.19202816,30.73538812,33.12957939,34.52911263,30.64578988,32.30097988,27.76317431,34.48033576,0.728330001,0.678217543,1.40881,1.130504793,1.015995224,,1.746894049,1.258822768,0.767330056,1.90871456,2.986732325,0.995278217,0.779863296,1.110080705,0.777195064,1.092233752,0.943794831,0.692638356,4.150084686,1.051331186,0.830214968
2/19/2020,-0.001913181,616.1260971,26.00477674,199267013,96436705348,0.206629843,57.73,44875000,23525,45.85800171,38.13909912,4.579999924,0.012468203,-0.005675406,0.008288961,0.007059191,-0.000384718,,-0.002587326,-7.64713E-05,0.014789598,-0.020849028,-0.035,0.002398048,-0.004363626,-2.99544E-05,-0.007339806,-0.0009268,0.000611304,-0.004043395,-0.002458147,0.028458662,0.007747528,29.57974965,31.74162868,30.35841216,27.71465771,31.11066952,,29.18571848,33.06995185,29.75564326,28.69419588,27.63924612,33.16077376,28.28212478,32.21286458,30.73275782,33.13745649,34.52708916,30.64442318,32.29912669,27.79588256,34.48372477,0.735844772,0.674552999,1.397326128,1.136094951,1.025143809,,1.757651474,1.25487113,0.776293118,1.83841963,2.986732325,0.99986686,0.785120227,1.114084007,0.763331512,1.096814395,0.944971053,0.687918305,4.138809693,1.056082512,0.834847836
2/20/2020,0.17262747,616.2463731,26.08570121,202868120,96436705348,0.21036401,59.63,44875000,23528,50.49729156,40.46363068,5.039999962,-0.00842935,0.001193057,0.010889687,0.022058824,0.007177128,,0.003248211,0.006364093,0.007606617,0.004433973,0.034053379,0.005939558,0.013402678,0.012981908,0.01150541,0.006957766,0.001193157,0.006140412,0.001376028,0.015583905,0.00895103,29.56087617,31.74706357,30.36306306,27.72732581,31.1156925,,29.18112915,33.07778931,29.76174452,28.70492124,27.66503933,33.17062733,28.28435016,32.21957846,30.73444786,33.14043424,34.52891952,30.64689552,32.30059782,27.81036199,34.50551553,0.727565002,0.67831073,1.405668201,1.152870723,1.03739105,,1.755295367,1.262243452,0.776946423,1.813968928,2.981398874,1.001444028,0.783185236,1.126656914,0.77369649,1.107564044,0.946266044,0.691130551,4.145161545,1.076338039,0.842599569
2/21/2020,-0.038011886,616.2313776,26.03468486,212426460,96436705348,0.220275526,59.09,45100000,23530.5,54.73960876,41.55672836,4.929999828,-0.000668448,-0.00626923,-0.012090506,-0.013417781,-0.007556321,,-0.006154754,-0.002669411,0.001506482,-0.007549451,0.036304808,-0.001739534,0.003489815,-0.003343236,-0.005423505,0.000426106,-0.010161878,-0.009625808,-0.000966112,0.010532797,-0.00263592,29.55838221,31.73877895,30.36727271,27.72655871,31.09793616,,29.18051837,33.0741732,29.75638961,28.69348279,27.69511927,33.16639673,28.29798173,32.20599205,30.73820031,33.16113957,34.51523126,30.63673485,32.29988653,27.82063072,34.50057187,0.723687637,0.674103585,1.379573044,1.146249806,1.02413153,,1.75391061,1.259055427,0.782195113,1.804497887,2.998118384,0.999677065,0.794451961,1.119523664,0.774470669,1.111650086,0.936440909,0.684991831,4.139541766,1.088532544,0.839881341
2/24/2020,-0.431652745,615.6812531,25.42524467,319006178,96436705348,0.330793319,56.78,48400000,23530.5,49.11603928,39.75563812,4.829999924,-0.018397193,-0.014491226,-0.021911856,0.004331006,-0.040771295,,-0.007555628,-0.007277075,-0.02676305,-0.021130923,-0.018731799,-0.019834469,-0.014075533,-0.011335375,-0.03723979,-0.01970059,-0.033727798,-0.016583765,-0.027412279,-0.048663878,-0.030380229,29.53513969,31.69770403,30.34574046,27.72988954,31.05324233,,29.16454239,33.05311486,29.70007129,28.67635752,27.67291142,33.14466675,28.27952019,32.18062242,30.71733815,33.13625828,34.46985791,30.60505944,32.27559723,27.77198934,34.47162986,0.713884736,0.661893366,1.346780581,1.150070531,0.975506275,,1.732012712,1.249768706,0.767618301,1.775451502,2.881091459,0.980473937,0.784604412,1.106340245,0.761223408,1.09327736,0.899971059,0.671690188,4.028227642,1.030634387,0.814723859
2/25/2020,0.017433615,615.7489409,25.37807155,240953188,96436705348,0.249856304,56.63,47150000,23533.5,49.47703171,40.02624893,4.71999979,-0.003484032,0.00975855,-0.003154042,0.02294686,-0.006735991,,0.015502505,-8.63767E-05,0.011620211,-0.001330532,0.002901354,0.004134595,-0.00386283,0.00070613,0.002427095,-0.009141058,0.009349966,-0.001406646,-0.019004585,-0.021226415,0.007518857,29.53387677,31.70280663,30.34435025,27.74305599,31.07625085,,29.16807296,33.04676344,29.7161055,28.6700992,27.67621041,33.15171554,28.2939455,32.1958695,30.71961898,33.14336946,34.49291142,30.6021814,32.25682615,27.74711094,34.46779998,0.712424617,0.668012122,1.314749648,1.167778291,0.980210826,,1.736082513,1.247849299,0.773114119,1.772523245,2.897809591,0.990352106,0.795063038,1.103991172,0.7578643,1.086253523,0.910043417,0.670086855,3.951523972,1.021102356,0.821236544
2/26/2020,-0.080380865,615.6150444,25.21853181,179577309,96436705348,0.186212613,55.41,46950000,23530.5,45.8132515,37.57030106,5.179999828,-0.000596871,-0.010658369,-0.009729739,0.013559322,0.000603793,,0.014164703,-0.005320573,-0.011529302,-0.004112619,-0.004807692,-0.003494159,0.002496626,-0.00361105,-0.003258047,-0.00696251,-0.007929936,-0.005495503,-0.018956146,-0.005809729,-0.008933065,29.53280748,31.68824039,30.33176718,27.75128321,31.08963186,,29.18867749,33.02332237,29.69610093,28.65108572,27.67070602,33.1449977,28.28853972,32.21534899,30.7147256,33.12095265,34.4783412,30.59349321,32.2370465,27.74545094,34.45252526,0.717490843,0.659972121,1.28492988,1.178962139,0.982087549,,1.764274041,1.239619827,0.766392288,1.763738472,2.869946037,0.993474561,0.791364667,1.100994661,0.765796577,1.07553706,0.899913188,0.668100001,3.886734493,0.997176727,0.812026673
2/27/2020,0.12710049,615.7097172,25.31651855,181363550,96436705348,0.188064855,52.79,46550000,23528,46.5450592,38.57143021,4.360000134,0.00841555,0.020920289,0.004504061,-0.007600434,0.023041936,,0.014864671,0.004656232,0.017442471,-0.003190414,0,0.007604703,-0.007654484,-0.000282706,0.011635658,0.010030232,0.016303544,0.005192604,0.006805397,-0.016748977,0.011160157,29.54359445,31.71030914,30.32470338,27.74649223,31.10862957,,29.21267451,33.01742989,29.7152342,28.64682927,27.67070602,33.13896514,28.28676753,32.23323924,30.71950404,33.13528301,34.48336885,30.60439092,32.22965999,27.72814029,34.45379551,0.722740203,0.675114169,1.259516323,1.172438228,1.003823637,,1.792470736,1.243566073,0.782785733,1.760060571,2.869946037,1.000507544,0.784728823,1.101475567,0.768711113,1.08951944,0.911318998,0.675974029,3.900817335,0.981856365,0.819147626
2/28/2020,-0.13719419,615.4540836,25.08526776,280023773,96436705348,0.290370531,50.93,46300000,23523,45.13727951,38.00751877,4.21999979,-0.003465025,-0.011596341,0.005591995,-0.010668297,-0.025112861,,0.007494854,-0.004574361,-0.004455381,-0.021523818,0.026119244,-0.007990233,-0.000968321,-0.004285697,-0.003059902,-0.010205612,-0.010103509,-0.006440833,-0.011715974,-0.029411765,-0.010822352,29.54149555,31.7173706,30.32215338,27.73624093,31.09157854,,29.22941433,32.98592982,29.68449762,28.63404796,27.69117272,33.10216666,28.25654396,32.21916484,30.71902859,33.11233818,34.46116005,30.59174625,32.21745366,27.69331019,34.44726984,0.719308925,0.675170901,1.284715159,1.158942422,0.980529277,,1.81280218,1.233860564,0.78534628,1.699640379,2.830937062,0.996606191,0.771928087,1.100555138,0.770369039,1.077637878,0.896643372,0.668706043,3.840633724,0.969146991,0.811788147
3/2/2020,-0.028322657,615.5155602,24.89471573,270620856,96687646197,0.279891865,45.22,45750000,23520.5,44.5198288,37.44816971,5.349999905,0.007079998,0.004872582,0.003791081,-0.026700337,-0.002561897,,0.010974531,0.004762063,-0.002185874,0.009383206,-0.004979157,0.001341318,0.003590018,-0.001817503,-0.015990525,-0.00799659,0.011653409,-0.009394906,-0.024035747,0.00625,0.003641673,29.55264401,31.70265983,30.33243142,27.71534415,31.10063581,,29.25099885,33.01433926,29.69225928,28.64049046,27.68275859,33.12074348,28.25800218,32.22156192,30.7153868,33.11243352,34.46280349,30.5903912,32.19938497,27.70037394,34.44991701,0.724745024,0.672741067,1.301296594,1.134246872,0.983013835,,1.839898347,1.242220694,0.781350664,1.71393211,2.719482847,1.00179577,0.773863078,1.094659721,0.752108713,1.070384364,0.902532474,0.662800092,3.737906904,0.971688866,0.814047697
3/3/2020,0.154531359,615.6928389,25.12220646,264713856,96751956778,0.273600519,53.15,46000000,23515,44.38571167,37.04887009,4.510000229,0.017717062,0.001365234,0.001795194,0.025238339,0.002727037,,0.020527783,0.001726025,-0.003499656,-0.005988024,0.012295082,0.006671706,-0.00566868,0.003031659,0.022033441,0.004637948,0.011349026,0.010477512,0.015148836,0.001651505,0.011294331,29.58018189,31.69356062,30.34052905,27.73767348,31.10554226,,29.28177081,33.02108465,29.70513289,28.62620946,27.69576193,33.12290749,28.25153145,32.25280504,30.72150244,33.1172168,34.47903414,30.5980465,32.20630235,27.70409619,34.45194951,0.743701516,0.666833157,1.303322684,1.158381537,0.987158198,,1.87915744,1.238915893,0.777378939,1.705471157,2.786355376,1.012557676,0.769154308,1.095602781,0.771426591,1.074175986,0.911006489,0.669691608,3.786908292,0.965001756,0.820005074
3/4/2020,0.019102164,615.6632523,25.1331881,294025061,96752452964,0.303894167,52.46,47075000,23512.5,44.97901154,37.51879883,5.019999981,0.017025861,0.029486738,0.009533205,-0.021468927,0.004800666,,0.013563299,0.007314109,-0.005245136,-0.018672919,-0.038,0.004257301,-0.013257825,-0.001012617,0.005611622,-0.002754121,0.011665031,-0.00122157,0.01373823,-0.001381916,0.005121133,29.59339556,31.69477043,30.33560516,27.72443549,31.09957324,,29.30929453,33.00688427,29.72588997,28.61475827,27.65956578,33.12074374,28.24909805,32.23428342,30.72842865,33.11298474,34.47678231,30.59547411,32.22683783,27.7016721,34.4527746,0.763351567,0.671385414,1.300404621,1.140673778,0.986163038,,1.911232233,1.244232835,0.768492915,1.649379902,2.769637244,1.022122921,0.760318139,1.092382842,0.761782296,1.066061022,0.918471352,0.669356662,3.848869703,0.967337683,0.821531937
3/5/2020,0.095420024,615.7339011,25.35420006,303274550,96752452964,0.31345412,51.87,46700000,23512,45.74628067,37.74436188,4.900000095,-0.007257723,0.02308006,-0.006319096,0.020274849,-0.003238508,,0.008427575,0.003039713,-0.003142936,-0.003895689,0.004024145,0.001098849,-0.001218225,0.005618679,-0.002442361,0.003570504,-0.001715475,0.017557996,0.032809797,0.00397878,0.001169091,29.58905998,31.69567336,30.33979536,27.73276923,31.08606673,,29.33442799,33.00869828,29.7190098,28.61246765,27.66402096,33.12177202,28.23700959,32.23879759,30.72478137,33.12035218,34.48363609,30.6086432,32.25663248,27.70505553,34.45523175,0.757930066,0.678300047,1.295164333,1.154282485,0.983042097,,1.946301517,1.245010408,0.770964788,1.62411834,2.791928087,1.029095968,0.757690562,1.099320138,0.763497416,1.071844514,0.918510617,0.6799378,3.992210647,0.973383449,0.821666779
3/6/2020,0.016699676,615.7025587,25.38319074,232996653,96775663816,0.24075955,49.86,46700000,23509,46.66292953,38.08271027,4.96999979,0.013171667,0.022151374,0.006929712,-0.016949153,-0.008835573,,-0.016099187,-0.002310176,0.01510326,0.001065341,-0.033564208,0.005943795,-0.002155172,-0.004725396,0.001951343,0.007208645,-0.00416814,-0.000372726,-0.001911953,0.030612245,0.003653978,29.60173275,31.68525687,30.34104549,27.72228121,31.07574014,,29.35271014,33.00216348,29.71194437,28.61457538,27.63404957,33.10635982,28.23189795,32.23547123,30.72951275,33.13351368,34.4859091,30.61094858,32.23658667,27.73948586,34.45137367,0.780198015,0.684050211,1.27970388,1.140302675,0.974987839,,1.971705413,1.241544983,0.775722984,1.627105492,2.797500797,1.028082898,0.754916784,1.09245072,0.761869794,1.078281874,0.916876853,0.678233709,3.991703963,0.986092823,0.821859033
3/9/2020,-0.778197379,614.7269313,24.30831852,330030676,96775660716,0.341026528,34.24,47775000,23508,38.75439835,35.82706833,4.929999828,-0.03316328,-0.03283907,-0.018770986,-0.003333333,-0.076042035,,-0.035808571,-0.038730489,-0.025166764,-0.020181256,-0.03187251,-0.038801193,-0.057164917,-0.02532078,-0.047570494,-0.041793666,-0.058350771,-0.040209959,-0.066178137,-0.041194332,-0.045704835,29.56891401,31.61644726,30.29398666,27.72039556,31.00112638,,29.30702232,32.93803114,29.6536936,28.59792826,27.59671717,33.05240255,28.16863194,32.20969553,30.70110428,33.07163726,34.41432735,30.56398987,32.17272816,27.69233951,34.38581247,0.783052687,0.662285832,1.234628129,1.13658179,0.890074806,,1.892737923,1.196645472,0.75651672,1.599338898,2.619174053,0.999509715,0.713103393,1.063741692,0.741640414,1.030858836,0.863705232,0.651769199,3.727273277,0.960765298,0.784915156
3/10/2020,-0.017633413,614.6051357,24.3740891,298960050,96775660716,0.308920702,36.33,47425000,23505.5,39.19422913,36.26084137,4.079999924,0.013090381,0.007421263,0.008832622,-0.021885484,0.027113882,,-0.028610583,0.007073118,-0.006578069,-0.012465254,-0.01337687,0.004100709,0.020873614,0.006282756,-0.005625011,-0.006120531,0.007507329,0.001141228,0.019350707,-0.046246556,0.000487336,29.57968215,31.56673483,30.30238635,27.68586565,31.02956711,,29.27402866,32.91008044,29.61188625,28.58984814,27.5898813,33.05857114,28.194097,32.2145227,30.70085172,33.10103725,34.41617986,30.56305196,32.17851153,27.64808405,34.39026764,0.807577862,0.65801611,1.22989581,1.105381414,0.920745292,,1.842668463,1.200768744,0.750144534,1.554243658,2.730628268,1.010254271,0.734899265,1.065698857,0.72899619,1.035526288,0.86560732,0.652281415,3.790568433,0.905088343,0.785098557
3/11/2020,-0.283415245,614.0872083,23.96030243,346191444,96775660716,0.357725735,38.42,47150000,23509.5,36.7105217,34.11233139,3.920000076,-0.012342174,-0.008603152,-0.01807236,0.003187456,-0.029359788,,-0.015204259,-0.005711779,-0.005931379,-0.011449506,-0.010204082,-0.016194749,-0.029730283,-0.003638122,-0.015949796,-0.014347048,-0.023375564,-0.020055474,-0.023684993,-0.003711559,-0.019036635,29.55921125,31.50387621,30.28902961,27.68809421,31.0062367,,29.23113657,32.85823778,29.56422246,28.58149572,27.57784069,33.03069103,28.14786826,32.21034522,30.69610833,33.08305234,34.36710497,30.54575398,32.12669252,27.64374824,34.37646223,0.803948187,0.647578257,1.204007072,1.10578796,0.890898888,,1.771530511,1.192880743,0.75052985,1.543012887,2.674901161,0.99831494,0.708101359,1.06308012,0.732345243,1.020076681,0.839231341,0.642806218,3.696817497,0.903605583,0.770847933
3/12/2020,-0.721702601,613.2224468,23.10844438,363693567,96775663123,0.375810979,33.81,46950000,23509,33.60276031,32.84960175,4.5,-0.030212302,-0.034336684,-0.037702634,-0.05541866,-0.072650275,,-0.017026135,-0.019551124,-0.022716144,-0.034650969,-0.060616135,-0.0265789,-0.031028207,-0.027532647,-0.03248401,-0.030492491,-0.044751322,-0.027518113,-0.055596083,-0.0253663,-0.035473466,29.53440006,31.43556446,30.24621856,27.62472939,30.94603689,,29.24308467,32.79921737,29.50757374,28.52380691,27.51678807,32.98357633,28.10492021,32.1883119,30.67732045,33.07191023,34.30153762,30.50275453,32.06860894,27.62332367,34.32276279,0.804722883,0.619435354,1.147592402,1.043661795,0.819600148,,1.776096265,1.168131292,0.734999128,1.496260588,2.535583392,0.978759895,0.69057436,1.033862598,0.72689298,0.998416309,0.800204284,0.632266085,3.494103986,0.864571415,0.742709221
3/13/2020,-0.388829675,612.8528804,22.59846969,379506005,96775663070,0.39215025,32.64,46200000,23516.5,34.67189026,33.94271088,4.309999943,-0.02874107,0.006570858,-0.003402865,-0.057090372,-0.034034391,,-0.029655979,-0.002861472,-0.013629073,-0.017924177,-0.053516484,-0.010601923,-0.030630006,-0.007141107,-0.028565119,-0.015871962,-0.009435062,-0.017379099,-0.036034349,0.017351863,-0.016237886,29.48546852,31.38887247,30.22353603,27.5731298,30.93834996,,29.26209584,32.77806722,29.49896616,28.48247772,27.46451395,32.97181405,28.08697252,32.18707885,30.66744315,33.05440619,34.28873738,30.48100523,32.0603476,27.63863686,34.32096084,0.741513764,0.612535025,1.139560823,0.986725462,0.792762386,,1.789929718,1.160072579,0.717332262,1.47402816,2.438060954,0.965952021,0.678034541,1.021801081,0.6998455,0.978270479,0.79036102,0.62446999,3.367919458,0.884191473,0.735102998
3/16/2020,0.006544806,612.8016422,22.51463065,297516918,96775663070,0.30742948,32.79,46350000,23522,33.87921906,32.87593842,3.920000076,0.002284296,0.026638398,0.002752697,0.025345748,-0.01143492,,-0.006870097,-0.003231657,-0.00354451,-0.007739295,0.035336255,-0.003555235,0.013318828,0.004477241,0.004866809,-0.001798145,-0.024992206,0.007189817,-0.007117257,-0.03655921,-0.008822752,29.49174135,31.40692699,30.20710965,27.61484319,30.92739338,,29.23724238,32.80374214,29.48893504,28.47335766,27.49304147,32.97967956,28.10253223,32.18381538,30.66675635,33.03783814,34.23640455,30.48192623,32.05071879,27.60454974,34.31308801,0.748341477,0.623151595,1.127723981,1.021618374,0.784242692,,1.754151579,1.157334687,0.719829724,1.464682126,2.440847309,0.963120014,0.697339462,1.022881232,0.713839891,0.968061522,0.765104201,0.623544476,3.348212698,0.843892243,0.726711369
3/17/2020,0.164320926,612.8244254,22.56485873,294539274,96776409902,0.304350279,30.67,45800000,23524.5,35.45038986,34.39849854,4.849999905,-0.009142389,0.038990418,0.02455593,0.04016354,0.003728971,,0.000874354,0.004400218,0.004433194,-0.011759778,0.02428582,0.008259107,0.025676198,-0.001582261,0.004497564,0.008662472,0.007925965,-0.001179876,0.004082477,-0.023063009,0.010512011,29.48768965,31.47083587,30.22243474,27.63743075,30.94230389,,29.21787677,32.80847803,29.4901245,28.4691509,27.51318083,32.95700807,28.11367965,32.12828872,30.65427563,33.03343239,34.25307259,30.48777837,32.06897442,27.57710931,34.29130033,0.734100116,0.649146722,1.138283414,1.054938389,0.788073138,,1.734110834,1.165742137,0.7128025,1.450575169,2.438060954,0.962883881,0.705799631,1.017905964,0.707614475,0.973535718,0.772850959,0.625291857,3.367790426,0.833404071,0.731948374
3/18/2020,0.159247932,612.8603772,22.65301465,264033914,96805209902,0.272747628,28.93,46050000,23527,35.54150009,34.05010986,3.609999895,-0.000800353,0.018397846,0.027053784,0.011172072,0.011797339,,-0.000135106,0.009565716,7.45613E-06,-0.015502708,0.012875358,0.008251973,0.037806318,0.010039434,0.023747135,0.007033331,0.006801759,0.001905275,0.004026854,-0.024683989,0.009888437,29.48240406,31.53987283,30.23111847,27.66730035,30.94142586,,29.2010505,32.79051791,29.45262232,28.46089277,27.52504938,32.95044313,28.14887549,32.10479936,30.6616054,33.0288823,34.2663402,30.49507363,32.06390538,27.55564889,34.29254897,0.7079828,0.675666726,1.168112903,1.075695993,0.794088103,,1.714746035,1.173283618,0.710342982,1.43283697,2.451992731,0.970057691,0.724061137,1.023782142,0.722718308,0.976995296,0.779695812,0.626627693,3.384973886,0.804131383,0.735222447
3/19/2020,-0.366350529,612.3094294,22.22513514,330314412,96805209902,0.341215532,26.37,45450000,23532,34.8786087,33.569561,4.690000057,-0.026733483,-0.024045961,-0.016682432,-0.007383041,-0.013168976,,-0.010990789,-0.013694831,-0.015162931,-0.034991763,-0.034821429,-0.01631464,0.002700859,-0.022312567,-0.018022194,-0.015954973,-0.023889508,-0.008678517,-0.035794837,-0.015497951,-0.014910565,29.4459352,31.49318108,30.18736979,27.63987953,30.92770201,,29.17768098,32.75829469,29.41264721,28.43968202,27.49406243,32.90731197,28.16568112,32.06606783,30.65387405,32.98652848,34.22919693,30.48312095,32.02714575,27.53421148,34.27985587,0.680290934,0.661620433,1.141083629,1.060360166,0.783715697,,1.686569805,1.153488016,0.701058503,1.368917993,2.451992731,0.954284051,0.73339551,1.005094843,0.718503336,0.954021968,0.759212406,0.621139627,3.261605253,0.803931311,0.724848925
3/20/2020,-0.055976301,612.241926,22.27908732,235133576,96805209902,0.242893514,28.45,46175000,23537.5,34.4383812,32.88690186,4.53000021,0.004968426,-0.009310247,-0.00684981,0.031880342,-0.000797332,,-0.014529762,-0.007788446,0.004941442,0.02609498,-0.034548944,-0.005107745,-0.02102762,-0.006845482,-0.008411449,-0.007813183,0.001809571,-6.11798E-05,0.010536759,-0.003546099,-0.009570522,29.44691516,31.50334718,30.17898002,27.68638011,30.92747608,,29.15232142,32.78292161,29.45052046,28.44859714,27.46458098,32.90043055,28.14112444,32.03297109,30.64583609,32.99102003,34.20435384,30.46884671,32.05886498,27.5300472,34.2263909,0.691781581,0.663997728,1.13471546,1.101942417,0.783451873,,1.658208265,1.147261941,0.704595617,1.41937325,2.451992731,0.954181902,0.713464227,0.998709709,0.713782484,0.951755698,0.755907951,0.619785257,3.294534673,0.802660373,0.716984184
3/23/2020,-0.847105568,611.2053254,21.38159599,305752044,96804817341,0.315843831,26.35,46050000,23541,30.05603981,29.89211082,4.849999905,-0.016367259,-0.035771432,-0.035299987,-0.012784219,-0.073555881,,-0.017235641,-0.037763899,-0.054011755,-0.03422876,-0.060156982,-0.04210026,-0.055264117,-0.037848475,-0.030210564,-0.038433897,-0.056608855,-0.039839836,-0.068275835,-0.057104455,-0.044243457,29.43016459,31.43515386,30.12129063,27.69147674,30.85350757,,29.11887798,32.72183628,29.38429838,28.39309954,27.40416312,32.83607831,28.08417079,31.97624445,30.63534247,32.94121732,34.13524078,30.42314337,31.98709478,27.46911176,34.1638127,0.705326936,0.642243225,1.090824839,1.100080088,0.719610019,,1.625650871,1.108852144,0.665854475,1.38082624,2.323820383,0.910538356,0.6764761,0.966314543,0.719218166,0.911300263,0.71438211,0.60068841,3.069013897,0.762161071,0.688413851
3/24/2020,-0.016144707,611.1322565,21.3321565,253627150,96804751341,0.261998659,27.98,46050000,23541.5,29.73703003,29.46429062,5.050000191,-0.009548593,-0.015041663,-0.014029174,-0.014141414,0.020572026,,0.01372745,-0.009190466,0.009129388,-0.015749386,0.043884362,-0.003915119,-0.002109773,-0.001242653,-0.007871073,0.007724197,-0.000858422,0.003310032,-0.015295873,0,-0.005498553,29.43524683,31.42691767,30.09049909,27.6756319,30.85831913,,29.0896593,32.73852536,29.38435125,28.35491724,27.44232379,32.83206497,28.08865355,31.98790453,30.63167499,32.95583601,34.14520901,30.42982401,31.98469176,27.46911176,34.1108943,0.721373649,0.638040755,1.083335365,1.090981444,0.734774489,,1.601849873,1.09836967,0.669500397,1.364860248,2.368402069,0.901506024,0.683006006,0.967137389,0.717804961,0.917394667,0.717122786,0.601719613,3.010856072,0.762161071,0.681959954
3/25/2020,0.331802233,611.700404,21.77012534,275158633,96854751341,0.284094099,28.06,46925000,23412.5,32.16204071,31.6566906,3.650000095,0.033841717,0.006845353,0.0097217,-0.018999471,0.047189268,,0.019164656,0.006290758,0.009460558,0.003544438,0.00381196,0.014502234,0.032556037,0.016327801,0.00972443,0.019094768,0.03554666,0.025080008,0.029910933,0.009590793,0.018597634,29.47610264,31.48767027,30.12358055,27.66829496,30.89522759,,29.11634003,32.77983889,29.41642284,28.36096948,27.44754617,32.85959281,28.13233476,32.01319215,30.62208211,32.99568387,34.19704954,30.4565525,32.00579629,27.48013861,34.16598796,0.755252381,0.649506468,1.114541508,1.070059066,0.770018923,,1.649955265,1.108410341,0.687472786,1.366280016,2.396265623,0.920298751,0.710447886,0.990066445,0.715959679,0.937494873,0.744373176,0.615877324,3.107482357,0.765338415,0.695024062
3/26/2020,-0.113233201,611.5384226,21.67604886,224443232,96854739541,0.231731801,27.15,47100000,23412.5,31.21528053,30.83395958,2.849999905,-0.036533748,-0.017093267,-0.004065292,-0.000332076,-0.031960664,,0.014717347,-0.000259381,-0.002301096,0.031715307,0.013936566,-0.002838391,-0.004169663,-0.012804948,-0.037696646,-0.00604711,-0.02058003,-0.009592595,0.018897662,0.008638814,-0.014863991,29.42034463,31.47126966,30.10703296,27.63543303,30.85936725,,29.13813696,32.76932768,29.38740321,28.39083975,27.45666747,32.86777005,28.10720626,31.99297322,30.59473637,33.00972287,34.19035043,30.44803393,32.00941844,27.48794087,34.19444751,0.682849479,0.645372311,1.094998178,1.049976435,0.745851374,,1.67775239,1.110672973,0.678803761,1.395973227,2.368402069,0.923354426,0.704339091,0.979264523,0.69670053,0.940466356,0.733857963,0.613803868,3.17030394,0.774034905,0.689271059
3/27/2020,-0.191354035,611.4168664,21.62363753,248932375,96854739541,0.257016204,25.13,47700000,23412.5,34.71178818,32.04027939,4.96999979,0.000108819,-0.015231302,0.001196702,-0.039090153,-0.003198975,,-0.000873737,0.000994242,-0.021761969,0.012215886,-0.040294118,-0.009351971,-0.029550248,-0.015401253,-0.002567221,-0.000492697,-0.015622533,-0.003052215,0.002117309,-0.004166667,-0.007331933,29.41392793,31.47172822,30.10292091,27.58790395,30.8376409,,29.16378152,32.76502603,29.35145541,28.39965283,27.42054944,32.87059856,28.09853721,31.98109931,30.60094379,33.01269651,34.18731371,30.44911673,32.00852424,27.48524315,34.20820607,0.699421124,0.646122671,1.097808883,1.001152646,0.738640578,,1.714078283,1.110615529,0.669165922,1.406522568,2.343324871,0.917687627,0.693588062,0.96790662,0.714095205,0.943311676,0.723558455,0.614103934,3.168936504,0.766821175,0.686775195
3/30/2020,-0.532257979,610.8138256,21.18482478,229902570,96854739541,0.237368425,23.32,47700000,23412.5,31.42227936,29.37336922,4.360000134,-0.025267106,-0.026486316,-0.040141638,0.023172594,-0.035645006,,-0.041061861,-0.025212831,-0.017911007,-0.023012612,-0.042137496,-0.022562357,-0.040734806,-0.025193735,-0.033179112,-0.025517487,-0.045729325,-0.025717612,-0.018077856,-0.004353234,-0.037489178,29.40250587,31.42743895,30.07226611,27.62941574,30.77925813,,29.12601558,32.71536626,29.30655748,28.3827398,27.38283932,32.82569775,28.06819631,31.95752242,30.58552663,32.98805548,34.12879083,30.41646452,31.9881867,27.48013861,34.15084314,0.707081937,0.634581804,1.05389695,1.024285822,0.708986803,,1.654273321,1.084627952,0.66031948,1.384900868,2.307102251,0.891861325,0.671829923,0.94565323,0.705973484,0.919962663,0.691286586,0.600815406,3.108088425,0.765338415,0.663958131
3/31/2020,-0.025676546,610.801708,21.14827626,260385522,96857960775,0.26883234,23.05,47700000,23412.5,32.5605011,30.54829979,4.440000057,-0.011033584,-0.000506108,0.010332338,0.035852079,-0.00406636,,0.004612233,-0.012673137,-0.007943258,-0.00970266,0.033042418,-0.003463524,0.004148754,-0.006643762,-0.032001127,-0.021253581,-0.013854338,0.010096647,0.008703258,0.0020993,-0.011422135,29.37412318,31.44491025,30.08533423,27.64976346,30.79178446,,29.09922632,32.7056602,29.27135277,28.3748384,27.40960791,32.82997706,28.0815134,31.95656726,30.57656238,32.98395724,34.12458978,30.41634175,31.98899464,27.48230337,34.15429996,0.674193863,0.644693176,1.066451215,1.055535028,0.708899728,,1.624332441,1.073002429,0.664288878,1.375571609,2.321034028,0.891830234,0.689241862,0.935511173,0.690656127,0.903627156,0.684139932,0.602588301,3.114507044,0.766769688,0.66140235
4/1/2020,0.212204708,611.110939,21.40506909,240339011,96857960775,0.248135527,26.08,47560000,23412.5,37.7015419,34.75563812,5.139999866,0.006399593,0.021004811,0.028170321,-0.038265637,0.021473724,,0.01888015,0.014784151,-0.012328774,0.038859558,-0.023453826,0.010944845,-0.008971886,0.018868311,0.028901098,0.014876539,0.031095616,0.002476018,0.018289821,0.000625782,0.019574493,29.38956963,31.50558642,30.11362309,27.60177771,30.81934366,,29.12305197,32.72634851,29.28502483,28.40604083,27.39501924,32.84396744,28.07413899,31.97698705,30.60003943,33.00747508,34.16751285,30.40804462,32.01357193,27.48303261,34.17078309,0.679454637,0.661747985,1.08887523,1.008749618,0.727118958,,1.656189122,1.088157697,0.644125638,1.412126941,2.37397478,0.901389933,0.670357034,0.951504952,0.702857648,0.916104263,0.705042836,0.597770686,3.181326773,0.766981511,0.671212846
4/3/2020,0.414268046,611.5915512,21.68497535,249611608,96861352565,0.257699899,29.31,47550000,23412.5,41.3850708,37.73902893,4.039999962,0.015953138,0.032542884,0.014161837,0.005071359,0.043137995,,-0.00027223,0.019283778,0.025341497,0.017876117,0.037481721,0.018047049,0.034933913,0.017607322,0.016487568,0.022713859,0.023148772,0.017834417,0.011339045,0.020436341,0.021141665,29.40563189,31.5310872,30.13768674,27.60639263,30.87593067,,29.12529492,32.76816189,29.33575229,28.42185727,27.42532061,32.85826811,28.10148165,31.99550784,30.59462991,33.03247709,34.19634391,30.43117251,32.02918285,27.50604086,34.21333038,0.683788658,0.683530912,1.104611019,1.008683307,0.762451338,,1.648372569,1.106892826,0.657854735,1.429416016,2.396265623,0.914923285,0.686901496,0.97110825,0.686547511,0.937132491,0.722151022,0.606449348,3.220281436,0.775351453,0.682262056
4/6/2020,0.549318839,612.2738125,22.42579104,365065859,96862240565,0.376891818,32.67,47500000,23412.5,45.5454216,40.70116043,3.660000086,0.041152479,0.020773897,0.015184033,-0.001449373,0.049653497,,0.014858353,0.028361218,0.025953815,0.045182111,-0.007513417,0.024959983,0.026875047,0.027896967,0.036261849,0.028462922,0.047927737,0.018295953,0.045620601,0.029761061,0.031100106,29.44641635,31.53655349,30.17152066,27.60270576,30.93980083,,29.15181361,32.82166561,29.38387708,28.4566325,27.42932791,32.90597201,28.13159017,32.03219899,30.63149351,33.06416882,34.25133175,30.46514701,32.05219862,27.52900297,34.27039489,0.720216922,0.700760329,1.137925499,1.010141403,0.814344923,,1.670171043,1.137310447,0.672817368,1.503012361,2.507719838,0.935029003,0.701693711,0.989525014,0.712096598,0.961041667,0.75619444,0.612372007,3.36736225,0.813589817,0.702466399
4/7/2020,0.130312302,612.4161024,22.55247658,316839813,96892239766,0.327002259,33.92,47600000,23412.5,45.68265915,40.51982117,4.059999943,0.003292115,-0.016506591,-0.009298558,0.002271477,0.013720273,,-0.010580662,-0.000144694,0.004982161,0.014311972,-0.002162373,0.005138363,0.007074277,0.005342908,0.0363166,0.032783685,0.002854529,0.002132064,0.005982001,0.025337922,0.007464835,29.44517389,31.50648779,30.18016068,27.60240606,30.94098992,,29.15268318,32.82455082,29.42017287,28.47126586,27.42596737,32.92457615,28.13655417,32.0252319,30.64677557,33.08985383,34.25893901,30.4665606,32.04423871,27.55632569,34.29718833,0.718834119,0.699435011,1.125538967,1.016820898,0.823329767,,1.670750835,1.140102484,0.673090216,1.51893013,2.491001706,0.946093796,0.710759733,0.995152016,0.727739203,0.989009954,0.761557057,0.614651842,3.392590513,0.826837561,0.710250775
4/8/2020,0.014359584,612.4473199,22.53148895,250302559,96892239766,0.258330863,32.68,47500000,23412.5,44.934021,39.72628021,4.170000076,0.006007454,0.017847511,0.006239111,0.05535331,-0.005877845,,-0.017288713,0.009808632,-0.008866887,-0.03781858,-0.0305228,0.001028807,-0.001024407,0.010524795,0.018616853,0.007233563,-0.002757245,0.0058501,-0.006132745,-0.016298021,0.002436691,29.44917809,31.49782581,30.19052551,27.64708433,30.92876664,,29.12740003,32.8305761,29.452428,28.44697686,27.40492621,32.9233635,28.15487591,32.0383871,30.64801643,33.1015458,34.2565746,30.47123373,32.03727749,27.53717474,34.30318302,0.724745125,0.715080371,1.116469107,1.069189521,0.812449044,,1.633916845,1.147311525,0.668971977,1.447946755,2.507719838,0.946040215,0.719962758,1.015051087,0.726656289,0.997316195,0.760632505,0.618394444,3.371341162,0.82090652,0.711387664
4/9/2020,0.243942804,612.78745,22.80226647,304134249,96902868870,0.313854742,33.76,47500000,23412.5,48.79080963,42.68841171,4.610000134,0.014249798,0.020049585,0.011359365,0.045994302,0.008209407,,0.011634879,0.007160058,0.019035767,0.017141707,-0.007777778,0.007843372,-0.00872187,0.020964067,0.012955398,0.006142653,0.014584024,-0.007245923,0.023912874,0.01143201,0.015019111,29.46410628,31.53648228,30.19718066,27.69143401,30.9318641,,29.1422386,32.87374558,29.49014001,28.46638254,27.39479509,32.9349224,28.15982781,32.07313564,30.64904427,33.11147807,34.27543014,30.46562676,32.06821101,27.55020994,34.3111948,0.732950871,0.737882949,1.135304197,1.119858407,0.819423256,,1.656007741,1.154071405,0.679841335,1.466944995,2.468710863,0.957585287,0.714890247,1.039338734,0.739885317,1.005092116,0.771115081,0.610314507,3.44871285,0.824931155,0.719405162
4/10/2020,0.018270685,612.8783736,22.94667542,369903272,96912775454,0.381686801,31.89,47500000,23412.5,49.70269012,43.41957092,4.5,-0.0066392,-0.011714572,-0.021014804,0,-0.007718558,,0.004128724,0.003624555,-0.002788664,0.02960416,-0.024938192,0.006763992,0.000204529,0.013936243,-0.001619056,-0.011972849,-0.002258414,0.008276076,0.027153143,0.011948529,0.003295045,29.45725742,31.55339666,30.19323097,27.69143401,30.9230585,,29.13571908,32.87265555,29.47742343,28.48416441,27.37623662,32.94480023,28.17562776,32.11014389,30.64455737,33.11054881,34.26539504,30.47203383,32.12917834,27.56298114,34.29853057,0.729145146,0.727042773,1.137639447,1.119858407,0.813374138,,1.649329515,1.155731949,0.677141472,1.525280769,2.463138152,0.96582953,0.723766084,1.052333266,0.729540202,0.996711282,0.76607487,0.613973515,3.548830314,0.832139009,0.719795577
4/13/2020,0.193084304,613.0837253,23.24346949,228542667,96912775454,0.235823054,33.09,47500000,23412.5,57.09679031,46.54076004,4.599999905,0.004631658,-0.005384641,0.012619248,0.01610306,0.005131364,,0.001948238,0.004325964,0.020574023,0.023550729,-0.002262443,0.005315067,0.010500389,0.005448739,0.01332386,0.007493481,0.011550707,0.00105158,0.034746578,0.013000395,0.00941631,29.46894002,31.54246687,30.20545184,27.70110156,30.92610955,,29.14741266,32.8855265,29.51938672,28.48714677,27.37326841,32.95398216,28.18332189,32.11522137,30.64601049,33.09895905,34.27648625,30.48256073,32.18612852,27.57397577,34.31026823,0.734867205,0.710307666,1.158079073,1.138462831,0.820484438,,1.662232979,1.161354834,0.686537638,1.578911694,2.451992731,0.968449462,0.730974606,1.060735152,0.741690659,0.997441347,0.772625842,0.613373613,3.680879423,0.848472874,0.725595422
4/14/2020,0.019189009,613.0881967,23.18384514,282380578,96912775454,0.29137601,31.74,48200000,23412.5,57.3468895,46.52206039,4.440000057,0.015222866,-0.007048545,-0.006944996,-0.042598884,0.023874464,,-0.009687383,-0.001798076,0.006408615,-0.009524087,0.026315789,0.000964405,0.000595903,0.006683897,0.011287344,0.00822054,-0.000346205,-0.007276612,-0.008863686,0.013636364,6.72978E-05,29.48793145,31.52509186,30.19734111,27.65785064,30.98238887,,29.13474316,32.87835476,29.50839228,28.459988,27.39131626,32.96834261,28.17994509,32.14335655,30.64414502,33.11514936,34.27168647,30.4765422,32.16842449,27.58546195,34.31174456,0.749150512,0.699845124,1.135868634,1.088306326,0.850788919,,1.63965954,1.15672513,0.694889607,1.598319265,2.451992731,0.965789124,0.725386686,1.059496804,0.742005384,1.008922172,0.770684478,0.609782793,3.644844855,0.866610172,0.724776882
4/15/2020,0.234751648,613.2531605,23.42763563,296668193,96912775454,0.306118767,29.94,48200000,23412.5,56.33375168,46.12939072,4.559999943,0.012586876,-0.007447192,0.004060684,0.001333333,0.028448581,,0.028399239,0.008776953,0.018223181,0.014184633,0.003409091,0.014478729,0.017725009,0.002748227,0.005936956,0.017369336,0.020301174,0.010595631,0.011241357,0.010450517,0.011929334,29.50003423,31.53081902,30.19785041,27.65863944,30.99688938,,29.15007283,32.87838025,29.49862172,28.45940796,27.39568588,33.00736434,28.18728883,32.16296481,30.65460336,33.11842702,34.29383951,30.484945,32.16786728,27.59281321,34.31664603,0.756939962,0.68641644,1.13615825,1.089287366,0.870629756,,1.665408681,1.163387779,0.703588785,1.650109516,2.468710863,0.981373423,0.727160325,1.069206083,0.730300685,1.019500544,0.78688878,0.612491335,3.690382414,0.886659751,0.733034894
4/16/2020,0.104632417,613.4328786,23.6074019,254121275,96912775454,0.262216487,28.57,47925000,23412.5,58.22492981,47.56917953,4.849999905,0.00451457,-0.016897314,0.00206627,0.045340589,0.008251849,,0.016770371,0.002400784,0.001031708,0.003472828,-0.003386005,0.001666687,-0.00030537,0.008972992,-0.011444362,0.010078111,0.001952548,0.006336342,0.018308098,-0.004609479,0.010111199,29.49468194,31.55506511,30.23542331,27.68572721,31.00308547,,29.17407678,32.88475127,29.51275521,28.45990591,27.39131626,33.0247101,28.1783691,32.15135494,30.65368118,33.12047873,34.29556407,30.5038421,32.19905415,27.58832431,34.32071143,0.751283594,0.67760389,1.149668758,1.132011229,0.876856325,,1.693297315,1.163743413,0.707029548,1.692080357,2.451992731,0.988141629,0.712927196,1.078995839,0.732356783,1.024179008,0.78739357,0.61383622,3.753254805,0.881993772,0.738755919
4/17/2020,0.335688893,613.7400368,23.99733339,305098309,97020657383,0.314467369,28.39,47850000,23412.5,61.36743927,50.33570099,4.070000172,0.025291638,0.009781464,0.010023371,0.006722768,0.017339124,,0.019383667,0.007147239,0.023916138,0.034257982,0.000681818,0.016488808,0.021191144,0.019479802,0.014164615,0.019175045,0.018873053,0.017638413,0.024778064,0.011079894,0.018274846,29.53396702,31.56403588,30.25326678,27.68903797,31.02149212,,29.20559522,32.89060769,29.53037603,28.48248256,27.39148068,33.05903621,28.18353584,32.15933827,30.65563717,33.12285296,34.3031422,30.53435326,32.22481375,27.59997252,34.33501263,0.769521957,0.674445208,1.172233176,1.136872703,0.892478645,,1.729991415,1.172626156,0.717828507,1.772566107,2.449206375,1.007029142,0.724113791,1.094323291,0.73812954,1.040515955,0.797640492,0.623526395,3.843897857,0.888989803,0.751396872
4/20/2020,0.228348276,614.0156158,24.2716226,358346142,97020657383,0.369350355,27.65,47750000,23412.5,67.63813782,53.31966019,4.099999905,0.018565531,0.011352649,0.025420948,-0.019416128,0.01560149,,-0.008562067,0.011648637,0.033166772,0.018787752,0.03537232,0.011286133,0.006083458,0.007898885,0.007900901,0.000138321,-0.002676712,0.003357817,0.023211267,0.017877739,0.011332561,29.54343305,31.61821039,30.27182365,27.67694814,31.02529968,,29.21392169,32.90559556,29.58687177,28.50460499,27.41747129,33.09940262,28.17542721,32.16261164,30.65337353,33.12177185,34.29823273,30.54053236,32.24415189,27.61987728,34.33605449,0.779043439,0.680496293,1.217203386,1.113199333,0.902173936,,1.748072668,1.188229602,0.742257156,1.815920483,2.457565441,1.025081488,0.733869473,1.095935749,0.725044313,1.040709863,0.794230231,0.628077869,3.931472941,0.895556313,0.757482627
4/21/2020,-0.400268525,613.3819922,23.73340972,415645326,97020582633,0.428409431,28.65,47725000,23412.5,64.12940979,51.71577835,4.590000153,-0.032959552,-0.032984054,-0.002403916,-0.003224435,-0.034894825,,-0.017849236,-0.012642798,-0.015596214,0.002192384,-0.002834467,-0.021431974,-0.042645462,-0.031626922,0.003480058,-0.0335176,-0.037121922,-0.012224796,-0.029043273,-0.016608336,-0.026331184,29.49873973,31.54937978,30.24177496,27.67511512,30.9816398,,29.16829084,32.86205069,29.54342026,28.5116156,27.41390985,33.05892912,28.1263917,32.12097309,30.64387915,33.08232455,34.25866443,30.51166361,32.22467733,27.60279453,34.30575804,0.742021654,0.652454046,1.201755155,1.107821279,0.857606375,,1.6857989,1.170539677,0.731537242,1.801408981,2.443633665,0.997530483,0.70582111,1.058899536,0.737171572,1.003744939,0.76711094,0.623515528,3.825649204,0.881879047,0.737510384
4/22/2020,0.154607325,613.5713234,23.92057356,266888944,97020582633,0.27508487,18.77,47725000,23412.5,62.96485901,50.804039,4.150000095,0.006396073,-0.015375847,0.020714811,-0.020383693,0.014344398,,0.00922371,0.005717293,0.01385014,0.00973889,0,0.01047401,0.0033915,0.016694874,0.008272458,0.005326036,0.0113715,0.007166599,0.006863945,0.03461975,0.006200879,29.50479995,31.54556029,30.26559042,27.66184209,31.01528898,,29.19371029,32.85955114,29.53009069,28.5136312,27.41390985,33.08478966,28.15440552,32.13797712,30.6475692,33.0954324,34.26632996,30.52056206,32.22586197,27.64148469,34.29293596,0.74412869,0.639661491,1.225384169,1.091143609,0.881472586,,1.722213565,1.175132423,0.736579733,1.829340299,2.443633665,1.009520248,0.713104483,1.076935842,0.735482037,1.013614344,0.774218315,0.62731187,3.847958386,0.894800244,0.738937563
4/23/2020,0.086521876,613.6945298,24.05813782,215382163,97024014748,0.221988508,21,48025000,23412.5,61.44689941,49.28759003,3.789999962,0.003542742,-0.012017309,0.0035865,0.011494253,0.009388276,,-0.003476392,0.003004494,0.02285756,0.009291899,-0.000570125,0.011253267,-0.000726996,0.000986152,0.003115304,-0.002666851,-0.001347807,0.011809928,0.01189896,0.004246285,0.000851737,29.51034963,31.54357179,30.28815984,27.66889093,31.01625477,,29.1892623,32.87526141,29.54600285,28.52121341,27.41319603,33.11262777,28.15338129,32.14246426,30.64739769,33.08667219,34.26528392,30.52587797,32.23977022,27.64644955,34.30244199,0.752038379,0.62557998,1.233781236,1.099972964,0.888104873,,1.72091815,1.179795198,0.748310901,1.875922023,2.440847309,1.022583906,0.711169492,1.078352739,0.735355071,1.007137301,0.772864977,0.632976478,3.894487876,0.896494827,0.741444135
4/24/2020,0.091098232,613.7594551,24.14112158,273883950,97024014748,0.282284701,21.93,48075000,23412.5,58.16926956,47.06766891,4.78000021,0.004254847,0.027439922,0.019679216,0.012229593,0.006339821,,-0.011388522,0.002701801,-0.011927866,-0.001356908,0.007990868,0.002178315,0.018923611,0.002386341,0.001469705,0.007395086,-0.00127659,0.005915405,-0.007144917,0.000930587,0.004357916,29.5191516,31.56113068,30.29303511,27.64914231,31.01872423,,29.17944153,32.87525927,29.52931819,28.52347241,27.42314335,33.11556178,28.17619608,32.13697516,30.6625005,33.13181349,34.26463849,30.52988452,32.22780058,27.64498896,34.29727683,0.762612045,0.643691244,1.239870078,1.103549513,0.896412889,,1.710239481,1.181735876,0.744950617,1.865357977,2.479856284,1.023357234,0.727807082,1.080654467,0.738619999,1.027562651,0.772282936,0.638100716,3.858194345,0.904029229,0.742236917
4/27/2020,0.127803859,613.8156539,24.15408457,310901332,97024014748,0.320437505,21.02,48325000,23412.5,58.17802811,47.03007889,4.670000076,-0.001623164,0.002845598,0.002248379,0.007594491,-0.001661877,,0.004291361,0.004924053,0.017722298,0.014760605,0.030195317,0.006445874,-0.002085764,0.015204444,0.001121984,0.009883539,-0.006991438,0.006094672,-0.005140972,0.010426439,0.01154802,29.52572255,31.53508161,30.29701498,27.67735847,31.01231327,,29.15802767,32.87243393,29.5131591,28.55059458,27.44755714,33.11354306,28.19206691,32.16861649,30.67441205,33.12842957,34.24677242,30.53748619,32.21027588,27.66071871,34.29406928,0.756386543,0.6426099,1.224526342,1.11466322,0.892507392,,1.687764977,1.186261163,0.751539061,1.883977052,2.502147127,1.03037035,0.73823756,1.095823186,0.72768216,1.032130628,0.766394887,0.641036918,3.83430338,0.896591926,0.7491308
4/28/2020,-0.021699356,613.7257885,24.06986353,216492722,97024014748,0.223133131,19.2,48125000,23412.5,58.21035004,46.89849854,3.829999924,0.009222436,-0.005936099,0.006377987,-0.022619048,0.007928697,,-0.00098607,0.004584687,-0.000201951,-0.022632981,0.006656768,-0.003054849,0.009741983,0.014745644,-0.001026061,0.004170018,-0.00073525,-0.010714949,-0.00586353,-0.009173641,-0.002183149,29.54083524,31.52255786,30.30508921,27.66254578,31.01238503,,29.16764055,32.86375211,29.49523701,28.51074241,27.45048715,33.07853256,28.20141699,32.18703989,30.68201979,33.12197854,34.24899779,30.53528161,32.20168083,27.64565306,34.29191506,0.758879523,0.631938411,1.232943163,1.096023471,0.8960953,,1.696866436,1.188726696,0.751167785,1.854118877,2.479856284,1.020585789,0.741893028,1.112710205,0.716987436,1.032403339,0.765134722,0.632764065,3.810003091,0.902649442,0.748116463
4/29/2020,0.138533486,613.8474561,24.23192864,242046225,97014259318,0.249495514,19.2,48250000,23412.5,57.48722076,46.15673065,4.190000057,0.007299228,0.013241376,0.009963525,0.005907661,0.016054965,,0.000899807,0.005531588,0.021546557,0.008582138,0.010979482,0.008350708,-0.00712713,-0.006548894,0.017708918,-0.002160081,0.006142781,0.010884097,0.013164191,-0.004412181,0.002524751,29.54435573,31.53726236,30.31239984,27.6597219,31.01591482,,29.17159131,32.87287294,29.52480318,28.53254225,27.46046521,33.06134642,28.19974571,32.19659526,30.6776566,33.10944462,34.25940432,30.55557455,32.2251639,27.64001682,34.29057841,0.766321301,0.635510489,1.249992377,1.097167102,0.906752646,,1.708958227,1.192043261,0.761429611,1.866463069,2.496574417,1.021113939,0.737980143,1.104620764,0.732539623,1.024126857,0.769825873,0.641782444,3.866062357,0.902334646,0.750329489
5/4/2020,-0.13190899,613.5930387,24.03269196,332125922,97013619318,0.34234979,25.78,48000000,23412.5,55.84183884,45.33182907,4.460000038,-0.008821695,-0.023170687,-0.022845355,0,0.008540932,,0.013648524,-0.010826369,-0.017100675,-0.012975276,0.020251797,-0.005810403,-0.021500753,-0.008417509,0.019077214,-0.003786368,-0.01238017,-0.008487501,-0.009613209,-0.02218126,-0.005510228,29.53115256,31.53000524,30.28199669,27.6597219,31.01066579,,29.16404668,32.86575871,29.51558695,28.50949704,27.47515785,33.03199892,28.16530262,32.16834535,30.6758713,33.09468228,34.25114093,30.54296558,32.20910932,27.61769569,34.29233732,0.755896745,0.622198742,1.227797507,1.097167102,0.909061999,,1.729566855,1.185148289,0.737028452,1.837855883,2.485428995,1.019607882,0.719935194,1.0986925,0.746790168,1.015139848,0.759620598,0.636684341,3.819405523,0.881976145,0.747689189
5/5/2020,-0.002819413,613.6584364,24.03456538,234761871,97013619318,0.241988571,28.25,48025000,23412.5,55.27967834,44.6194191,4.21999979,-0.004954309,-0.008931791,0.003664894,0,-0.010283866,,0.009129231,0.010451624,0.014275379,-0.006578947,-0.035957142,0.002873695,0.002196325,0.004060961,0.005615769,-0.001031707,0.006081218,0.003529748,-0.007192389,0.002188163,0.00804373,29.53341863,31.53503967,30.30544911,27.6597219,31.01612499,,29.16287803,32.88441515,29.54598491,28.50593891,27.44541682,33.02373764,28.16860641,32.1864042,30.68185401,33.10877737,34.24916721,30.54392214,32.19237508,27.6188326,34.29037158,0.746774127,0.610261459,1.227229167,1.097167102,0.904317697,,1.742641058,1.197565259,0.760984601,1.831344788,2.479856284,1.020680451,0.720784241,1.105658077,0.749293291,1.012870929,0.76397696,0.636696807,3.788913443,0.88717462,0.750375019
5/6/2020,0.109964979,613.9231333,24.19200725,259933821,97012802418,0.267937648,30.98,48050000,23412.5,56.85477829,46.20301056,3.559999943,0.006275812,0.012983362,0.014805311,-0.012345679,0.014210008,,0.009893358,0.008127537,0.014162734,0.000886618,-0.034140969,0.006997711,-0.014019621,0.012824747,0.00437564,0.00999348,0.009616823,0.005355527,0.010813781,0.014972646,0.014176155,29.53889031,31.57279003,30.31356711,27.65181433,31.04984815,,29.16716756,32.92164129,29.56460097,28.50641466,27.41880253,33.05411652,28.15497193,32.22230586,30.6858902,33.12588803,34.26419109,30.5541521,32.2012586,27.63376667,34.32105536,0.737087784,0.630631922,1.235223115,1.087356708,0.923367141,,1.749366996,1.205702729,0.765539317,1.841680078,2.479856284,1.035122273,0.708163121,1.112251264,0.752547304,1.02394455,0.771297731,0.641408567,3.828567174,0.900216417,0.762676772
5/7/2020,0.068916252,614.1184426,24.37542164,243952075,97012802418,0.251463795,29.86,47950000,23412.5,55.81515121,45.30075073,4.059999943,-0.004674954,-0.00348323,0.014465155,0,0.015075698,,-0.013722667,-0.003319469,0.000800357,-0.004634678,-0.004130475,0.006930476,0.01329047,0.003537513,0.00365619,0.018116859,0.014989026,0.002534821,0.004677246,-0.00068323,0.005491143,29.54191081,31.57390728,30.3290383,27.65181433,31.06332023,,29.16952959,32.92466225,29.55921443,28.50398903,27.42168921,33.09862394,28.18006216,32.24968565,30.67807439,33.1440842,34.28928916,30.55607565,32.22109692,27.63385635,34.32851875,0.748907937,0.626183696,1.25720236,1.087356708,0.942396982,,1.746509666,1.200912986,0.766630277,1.837252533,2.535583392,1.040927994,0.725136988,1.119760109,0.751981174,1.046138561,0.784908608,0.639762411,3.855137772,0.897033198,0.765698288
5/8/2020,0.166391417,614.3595484,24.56004807,378976645,97017742974,0.39062612,29.88,47950000,23412.5,56.30376053,45.48181152,4.019999981,0.017608583,0.006033394,-0.00209423,0.017542214,0.011477818,,0.00069562,0.000901548,0.011546788,-0.000192499,0.037443045,-0.002037494,0.00010585,-0.001204534,0.003687275,0.010754645,0.017901754,0.016512594,0.011572803,0.004683535,0.00345271,29.55837607,31.61198575,30.32949739,27.66265627,31.06657965,,29.17053423,32.93129411,29.57454445,28.50845442,27.44982896,33.10671131,28.18398816,32.22881288,30.68484867,33.16312268,34.32590741,30.56340414,32.24930784,27.63881453,34.35087947,0.781161688,0.635249523,1.262131559,1.106942171,0.949006985,,1.748428126,1.200827264,0.778283993,1.82800655,2.552301524,1.044073099,0.723662875,1.11689677,0.747054713,1.060284702,0.801430803,0.652399123,3.902398704,0.90031939,0.76918851
5/11/2020,0.189462874,614.6322062,24.72706521,320215804,97315936890,0.329047651,29.88,48025000,23412.5,55.06927109,44.9248085,4.429999828,0.012752788,0.003068075,-0.008914266,-0.003787879,0.01556075,,0.013438962,0.00239855,0.023613367,0.030928891,0.003275109,-0.000846207,0.005939561,0.01158444,0.025457513,0.017279366,0.020714269,0.00544352,0.001464113,0.002688172,0.007403776,29.5603293,31.62261973,30.31933715,27.65604274,31.07230212,,29.17799878,32.96184627,29.62285064,28.53429094,27.45395075,33.11444324,28.16423628,32.24898609,30.7410223,33.19287363,34.35286608,30.58744819,32.24195307,27.64192875,34.36488018,0.776514907,0.635189984,1.245409882,1.101818355,0.958740315,,1.7718845,1.207487394,0.795292934,1.860104454,2.569019656,1.044289371,0.726758861,1.131200393,0.771222199,1.08039745,0.8161914,0.656562445,3.903233163,0.901378505,0.774369047
5/12/2020,0.175349375,614.8446701,25.0452199,318392152,97315936890,0.327173701,29.88,47975000,23412.5,55.29973984,44.96240997,4.650000095,0.015797121,0.010656812,0.00204559,-0.01532567,-0.004148685,,0.008107875,0.007281851,-0.001059789,-0.009446388,0.026030369,0.013483988,0.024340848,0.010360856,0.024832185,0.022649339,0.013114588,0.005247782,0.003533822,0.010160428,0.007686456,29.57131078,31.64943685,30.32223617,27.642197,31.0793188,,29.19284838,32.96798229,29.63009274,28.52953419,27.48632742,33.12066734,28.20129012,32.26276535,30.75665956,33.21774239,34.36428026,30.59710615,32.23760982,27.65367512,34.36158936,0.793179508,0.646608635,1.267863114,1.087865185,0.957637905,,1.783959725,1.215220534,0.794242326,1.849840719,2.702764715,1.052069443,0.752076348,1.147958274,0.794052422,1.106826504,0.826309437,0.6606549,3.922566646,0.90540314,0.778120417
5/13/2020,0.130670876,614.9549752,25.16419858,366690967,97315936890,0.376804641,29.53,48150000,23412.5,62.19906998,47.50656128,3.980000019,0.018861205,0.007916858,0.015410258,0.02503999,0.002838223,,0.010749343,-0.001552356,0.003377741,0.005618812,-0.002061856,0.0100326,-0.001067109,0.003644726,-0.005253456,0.012883763,-0.001612613,0.008488725,0.011786919,-0.00234122,0.007910323,29.58900583,31.65196568,30.325869,27.66156128,31.13084733,,29.20462929,32.96046946,29.63849047,28.53756412,27.48366905,33.12354498,28.19379509,32.26643437,30.75714534,33.21711068,34.3715948,30.60557038,32.23763103,27.65191766,34.34615934,0.80231893,0.649137797,1.282137974,1.108685631,0.971630887,,1.798484538,1.211589253,0.796687825,1.856330259,2.691619293,1.056395817,0.750540281,1.144866136,0.779659053,1.111496114,0.82760997,0.661552544,3.981896865,0.901584452,0.779974957
5/14/2020,-0.029318785,614.8600202,25.06517204,344714241,97330100973,0.354170228,29.16,48275000,23412.5,61.00931168,46.66415024,4.599999905,0.003922133,-0.000851645,0.002245031,-0.019900498,-0.001350343,,-0.001500505,0.004260749,-0.003964837,0.014520279,-0.042421793,-0.001172168,0.006660273,0.000668099,0.00438822,0.005876059,0.007217257,0.003952666,-0.003906554,-0.00838149,0.000420283,29.59375713,31.65130049,30.3373901,27.64890243,31.11889427,,29.20593886,32.9503984,29.61464539,28.54595409,27.44739358,33.12204741,28.19528291,32.25185927,30.75439086,33.22265969,34.37054048,30.61030927,32.22989085,27.64405897,34.34440573,0.798669728,0.647323825,1.278385341,1.092989001,0.969379123,,1.800352447,1.213509717,0.783953024,1.870218711,2.641464896,1.0462471,0.751507777,1.141398227,0.785697799,1.114219614,0.830914063,0.667259615,3.962907759,0.892464317,0.776309959
5/15/2020,-0.096199751,614.721504,24.92071825,379311927,97330100973,0.389716977,31.3,48450000,23412.5,58.83784866,44.76940155,4.019999981,-0.014560492,-0.007237881,-0.008497764,0,-0.001371348,,0.01424297,-0.008405687,0.008160019,0.016603943,-0.004219409,-0.003983761,-0.003705399,-0.011109635,-0.01343465,-0.017127389,-0.008640781,-0.008519724,-0.005363886,-0.014615621,-0.004413255,29.5722506,31.62793832,30.32706574,27.64890243,31.10664359,,29.19952087,32.94201313,29.62452289,28.55356588,27.44185779,33.11524189,28.18119191,32.23739065,30.77788183,33.20256746,34.35821771,30.60126226,32.22563408,27.62720725,34.35062772,0.774584377,0.639984734,1.259509399,1.092989001,0.964890436,,1.796582373,1.204881375,0.804960923,1.887392158,2.619174053,1.042565805,0.734174951,1.131352624,0.788641861,1.092808375,0.822365818,0.660781251,3.94265429,0.885153489,0.775270955
5/18/2020,0.203637036,614.9313573,25.07656239,255636520,97330100973,0.262648983,33.77,48875000,23412.5,59.32041168,45.14435959,3.839999914,0.006987987,0.004452585,-0.000202154,0.020936385,0.015432271,,0.027422105,0.004350903,0.015828775,0.002204197,0.036198824,0.006426151,0.024743295,0.010022324,0.014644896,-0.001017433,0.006902762,0.002672768,0.000427714,-0.000540541,0.00574322,29.58025194,31.64634008,30.33494947,27.66134655,31.11262591,,29.23486815,32.96248309,29.65583996,28.55228907,27.46861594,33.13129695,28.1866977,32.2491863,30.76940785,33.20783088,34.37779076,30.59995366,32.2197678,27.62657595,34.35323929,0.792633273,0.644790073,1.257818668,1.107806228,0.974531143,,1.850442887,1.214610354,0.808616397,1.888848453,2.635892185,1.047457859,0.739829328,1.137093726,0.79374582,1.094840031,0.830292071,0.662282942,3.930847721,0.884941666,0.779241565
5/19/2020,0.088927592,615.0858484,25.22976649,340783419,97309010073,0.350207467,34.76,48750000,23412.5,58.75669098,45.35057831,4.619999886,0.002467714,-0.000332276,0.00556569,-0.021028037,0.00624268,,0.014016913,0.00348688,0.009215752,0.029850877,0.019226293,0.004350052,-0.019248188,0.000872938,-0.008684136,0.017695297,0.013016614,0.004575571,0.006276791,-0.000759474,0.00211964,29.58581724,31.675489,30.33796743,27.64773934,31.12967588,,29.2595522,32.97320101,29.67216372,28.57206653,27.48413712,33.13833458,28.17514783,32.24874777,30.75934552,33.22047198,34.38927018,30.60113737,32.22756899,27.62666628,34.36134848,0.796002249,0.65072383,1.264818276,1.082690257,0.987483093,,1.885468271,1.219026495,0.819290478,1.92329513,2.652610318,1.049852021,0.735206364,1.137234954,0.784209681,1.112739181,0.839091589,0.664370876,3.96000037,0.881758447,0.78389461
5/20/2020,0.102115937,615.2096766,25.29845575,273093323,97309010073,0.280645464,34.53,48800000,23412.5,59.1925087,45.57555008,3.599999905,-0.000750787,0.001265286,0.018870615,0.025124984,-0.011553245,,-0.00463012,-0.002778325,0.00386276,0.011785833,0.004747899,-0.00023173,0.017647059,0.017192579,0.008811912,0.011961,-0.003183147,0.006732757,-0.0023251,-0.003581389,0.003147096,29.58577895,31.67734018,30.34484253,27.67617207,31.12295851,,29.26920196,32.96853498,29.66343411,28.57924511,27.48482044,33.14123681,28.19026797,32.27511349,30.77929327,33.23257559,34.3890964,30.60115522,32.22316061,27.62499637,34.38045201,0.783188792,0.651515974,1.286671774,1.108853137,0.982398523,,1.896633638,1.216117389,0.822535705,1.946690881,2.624746764,1.049351541,0.743613505,1.154339797,0.789793145,1.125717658,0.836725577,0.668180353,3.95148972,0.873164931,0.786726942
5/21/2020,0.019250812,615.3993188,25.35740604,368396495,97411187081,0.37818705,36.01,48725000,23412.5,58.46110153,44.93812943,3.700000048,0.015981893,-0.005414502,0.006975587,0,0.008477225,,-0.019217749,-0.001305553,0.003819381,-0.023679245,0.014636499,-0.000600993,-0.013422157,-0.001227134,0.006844705,0.013282768,0.004046338,0.002723777,0.005853375,-0.002985075,0.004461674,29.60398982,31.67986084,30.35397423,27.67617207,31.24991352,,29.25835094,32.97333439,29.65705208,28.56230942,27.49702832,33.15038317,28.17646212,32.2736581,30.7992174,33.23941955,34.40699277,30.59737529,32.231502,27.62255389,34.38976889,0.805182033,0.649334481,1.295200607,1.108853137,0.988329863,,1.872177012,1.2157457,0.828617587,1.91745308,2.638678541,1.050369259,0.733402621,1.155049006,0.810151505,1.136291076,0.844031502,0.669758953,3.979085134,0.86913442,0.790560525
5/22/2020,-0.061956715,615.2932454,25.26698664,308657327,97411187081,0.316860246,35.28,48625000,23412.5,59.89112854,44.93812943,4.039999962,-0.001250465,-0.0045766,-0.016878808,0.004444444,-0.00984753,,-0.014730102,-0.00082788,0.007095011,0.009156687,0.001583949,0.001200694,-0.006523835,-0.004202968,-0.004836165,0.000942355,-0.004696104,0.003180816,0.000482873,-0.012855101,-0.008817988,29.60335319,31.66764133,30.35792706,27.68394563,31.23394407,,29.23998886,32.96304549,29.6631339,28.56855128,27.49899633,33.15025889,28.17775441,32.26270071,30.79431137,33.22886385,34.39619201,30.59585716,32.22287469,27.61002159,34.37388359,0.798954884,0.644541857,1.273719335,1.115001716,0.978747723,,1.832050687,1.215075362,0.835510669,1.928253546,2.647037607,1.048308699,0.736262205,1.148532718,0.807980067,1.128291383,0.836920434,0.671095793,3.980876507,0.856939915,0.782885529
5/25/2020,0.05883762,615.3767753,25.30755398,312241915,97409687081,0.320545034,34.85,48625000,23412.5,60.82117081,45.54973984,3.180000067,0.000851707,0.012285483,0.00567385,0,0.00284386,,-0.003031855,0.010987583,0.01020508,-0.005674113,-0.035095185,0.008071156,0.003334017,0.016976188,-0.003053875,0.016094127,0.007679005,0.007619835,0.002320722,-0.011654581,0.012404616,29.59965943,31.66688491,30.38040858,27.68394563,31.23486414,,29.25189015,32.96693481,29.67706912,28.56367267,27.47161811,33.15587111,28.18897938,32.29501133,30.7870871,33.24748996,34.4014802,30.60160438,32.21819492,27.60071521,34.38339415,0.793376553,0.64727767,1.283668854,1.115001716,0.982568467,,1.841037183,1.227872467,0.831865389,1.90143621,2.641464896,1.053171005,0.74371211,1.158857249,0.791022703,1.14845753,0.842466641,0.675323918,3.995249257,0.841029696,0.792694471
5/26/2020,0.204057043,615.584943,25.47582668,349942275,97409687081,0.35924792,35.91,48700000,23412.5,61.09572983,45.85974884,4,-0.001209847,0.016532067,0.018827397,0.02078138,0.007982982,,0.018905215,0.011741253,-0.014109972,-0.010487388,0.034159875,0.010315724,0.006200014,0.000178749,0.010562306,0.01485347,0.01543692,0.022244904,0.007134926,-0.001333018,0.015340088,29.59799625,31.6780808,30.40437211,27.69610571,31.24126249,,29.26296944,32.98358765,29.68474669,28.55691639,27.49658441,33.16895674,28.20019328,32.29603112,30.7944354,33.25267897,34.42415835,30.63171423,32.22443607,27.60224187,34.3874751,0.788948986,0.65168863,1.303147607,1.138257245,0.987688263,,1.859348526,1.23947828,0.824644095,1.883375796,2.647037607,1.06389472,0.75193357,1.160346677,0.802930192,1.158189781,0.858170464,0.691719828,4.027632777,0.833495294,0.80389834
5/27/2020,-0.063246495,615.4381589,25.42323583,417203657,97409687081,0.428297913,35.77,48550000,23412.5,58.72422028,44.57292175,4.53000021,-0.005936448,0.007837134,-0.009902326,0.00312989,-0.011090156,,0.005498889,-0.002932443,-0.008197214,0.000750186,-0.031103347,-0.00239031,-0.012168561,0.003298318,-0.010052116,-0.008806979,-0.011658436,-0.011471053,-0.002254497,0.049407723,-0.005204749,29.58666105,31.67812941,30.39660785,27.69803767,31.22553866,,29.25922418,32.98545695,29.65945629,28.5559854,27.47452638,33.15881266,28.17691217,32.27844126,30.78777803,33.23657007,34.404797,30.61737392,32.23068816,27.6514788,34.37568296,0.782793715,0.652307112,1.291062857,1.14197813,0.975301408,,1.859001881,1.23409682,0.812930395,1.884363456,2.663755739,1.06234619,0.738946368,1.160380378,0.798304697,1.139714913,0.845954162,0.685097161,4.026083604,0.872511836,0.796305008
5/28/2020,-0.038241234,615.4216347,25.4010815,312253029,97391412131,0.320616595,35.33,48550000,23412.5,58.06858063,43.95748138,4.550000191,0.014104585,0.012797936,-0.005239594,-0.015227021,-0.003978442,,0.013955103,-0.002201759,-0.016759801,-0.011097331,-0.035425384,0.0027308,-0.010739854,0.001426095,0.007138231,0.00844263,0.005713876,0.005450693,-0.001531587,-0.008116639,0.000316228,29.60548688,31.67636339,30.3886747,27.68820512,31.22544497,,29.28065189,32.97664137,29.65319761,28.54112839,27.44761722,33.15627463,28.17550355,32.28266494,30.79223814,33.23808237,34.4170259,30.61742147,32.22986853,27.64755586,34.38158779,0.804739139,0.655157442,1.276969815,1.13176119,0.973722806,,1.882302315,1.229666831,0.803311238,1.871614936,2.652610318,1.062308969,0.735023224,1.160678948,0.801294091,1.146746619,0.851794379,0.685562537,4.021307432,0.85670459,0.797804684
5/29/2020,0.133918633,615.5138726,25.45263548,311038894,97434007046,0.319230322,35.08,48565000,23412.5,57.69131088,42.78253937,3.819999933,0.005150187,0.023014957,0.013263297,0.016812483,0.003309789,,0.006925412,0.002616493,0.024011102,-0.004307757,0.001774848,0.005432394,0.01320768,0.003280606,0.014323681,-0.004183411,0.002897444,0.001146752,-0.001231413,-0.00125,0.007724089,29.61528721,31.66436133,30.39428554,27.69803767,31.22489213,,29.28371337,32.97985026,29.65841759,28.53787789,27.44685885,33.16166789,28.18094238,32.28427895,30.84853149,33.23999105,34.41724053,30.61241771,32.22518965,27.64896854,34.39106257,0.806596118,0.658167601,1.294412081,1.14197813,0.976845558,,1.886854494,1.229862359,0.815023458,1.873177536,2.635892185,1.062069607,0.738904736,1.16444829,0.816671018,1.145254715,0.853931042,0.684503083,4.013158762,0.850761798,0.804122909
6/1/2020,0.222923476,615.6886341,25.60677978,478634548,97434007046,0.491239725,37.57,48825000,23412.5,57.50566864,43.6217804,4.440000057,0.018157483,0.023289509,0.005084039,-0.019925541,0.016407997,,-0.011255793,0.007504818,0.019939106,0.021172733,0.008211726,0.009937735,0.00267646,0.016550285,0.030115172,0.01294762,0.021655854,0.006638183,0.003470151,0.011279609,0.019066331,29.62472691,31.6685268,30.39302805,27.65913669,31.23255858,,29.28082445,32.99210111,29.68550506,28.55888666,27.45382615,33.16912817,28.17594797,32.29640128,30.8898457,33.25001734,34.44486188,30.61721038,32.22952848,27.65984772,34.40672476,0.814373578,0.66334458,1.298711084,1.113418976,0.99147383,,1.875089754,1.235965032,0.82926222,1.897646026,2.647037607,1.067779359,0.73090531,1.17951128,0.835744187,1.156799617,0.872482244,0.687495631,4.031175833,0.860941048,0.81762258
6/2/2020,-0.070022532,615.6287459,25.52159167,505619087,97434007034,0.518934921,38.47,48650000,23412.5,55.06222153,42.29618835,4.480000019,-0.016932511,-0.012408595,0.005997655,0,-0.010008007,,-0.014754918,-0.006267908,-0.013331833,-0.002812551,0.007006975,6.53762E-05,0.01981212,-0.013403814,-0.01373224,-0.007252791,-0.004171381,-0.006856317,0.002578212,0.018964461,-0.002514462,29.60481601,31.66954162,30.39587609,27.65913669,31.22660594,,29.26417243,33.00009751,29.69232902,28.55485138,27.45711341,33.1750506,28.19573499,32.28001089,30.84626537,33.25243476,34.43929444,30.60917204,32.23421921,27.67641973,34.39560379,0.800670369,0.660986479,1.309609485,1.113418976,0.984624702,,1.851781989,1.229684236,0.816312424,1.885716386,2.63310583,1.071402212,0.743257483,1.169485398,0.817489213,1.152991788,0.867596386,0.68257255,4.037654271,0.881196575,0.81203492
6/3/2020,0.037877442,615.7210633,25.51726128,370528482,97434007034,0.38028661,40.15,48695000,23412.5,55.41316986,42.78253937,4.199999809,-0.011475476,0.014048056,-8.84852E-05,0,0.011550544,,-0.011266276,-0.001895342,0.005590979,-0.005186722,-0.000529101,-0.000611223,0.001888369,0.003801083,0.007491412,0.0027746,0.009884101,0.006080839,-0.003953634,0.008188981,0.001584736,29.60221766,31.67645271,30.38432975,27.65913669,31.2385394,,29.2577383,33.00573973,29.71169219,28.55145129,27.45642979,33.16738813,28.19988231,32.30018919,30.85782834,33.25713146,34.45506037,30.62564826,32.22825784,27.68721844,34.39873139,0.788874706,0.668539085,1.301165718,1.113418976,0.991788385,,1.837875972,1.231144017,0.82160608,1.879205291,2.630319475,1.071662735,0.745635175,1.174458386,0.819363924,1.157358038,0.877609386,0.688357555,4.022113224,0.883417778,0.81334738
6/4/2020,0.089739436,615.7684656,25.66322493,449786435,97434007025,0.461631877,39.3,48595000,23412.5,58.67752075,44.54985046,3.930000067,0.014067158,0.015303382,-0.000694749,-0.008345953,0.000855758,,0.001794872,0.00544702,0.018436836,-0.001468542,-0.033219638,0.006129883,-0.009933987,0.005711118,0.017375031,0.017247873,0.014753482,-0.002400801,0.010426278,0.008761614,0.0094928,29.61978983,31.68592486,30.40018964,27.65480701,31.23502171,,29.26062324,33.00653757,29.71144014,28.55048733,27.43323071,33.16408499,28.19406227,32.29216781,30.87080992,33.26304281,34.46452526,30.62827781,32.23795597,27.69846862,34.39701807,0.796151769,0.674512617,1.303653117,1.107107806,0.992955322,,1.841558089,1.237178879,0.839917429,1.886523545,2.635892185,1.075137112,0.741964069,1.17689173,0.825842278,1.174993084,0.887878885,0.687515859,4.073568058,0.886646608,0.817336484
6/5/2020,0.208120556,615.9,25.85554623,492000453,97446030323,0.504895327,41.28,48650000,23412.5,59.29293823,45.16970825,3.329999924,0.011658079,0.025782039,0.025697454,-0.004608295,0.004528419,,0.009299824,0.004488559,0.008619766,0.007322176,0.001585624,0.011253985,0.002486507,0.008670981,0.027169454,0.022635968,0.006675784,0.008397854,0.014254645,0.000856103,0.01134563,29.63504554,31.68442072,30.41148992,27.65177939,31.24079973,,29.26438146,33.00066215,29.71941758,28.55524879,27.43532822,33.17101791,28.20381984,32.30367907,30.89486215,33.27222087,34.46751337,30.64581489,32.24557783,27.70150753,34.39541303,0.797783454,0.68275387,1.325278061,1.101526479,0.997514595,,1.849040184,1.24157418,0.843198727,1.895639078,2.644251252,1.081696098,0.74742455,1.185428109,0.826082015,1.193619327,0.893008715,0.691561321,4.151480053,0.883726699,0.822959462
6/8/2020,0.374349617,616.2403169,26.19655748,565603706,97446030323,0.580427652,42.85,48485000,23412.5,61.44049072,46.93342972,3.849999905,0.016849282,0.019056537,0.018857584,0.003573392,0.040820963,,-0.015516597,0.005534332,0.01039357,0.030546555,0.034575535,0.012539798,0.018226626,0.013524752,0.043431971,0.032319513,0.021513598,0.011655789,0.007931796,0.03238604,0.016128578,29.65132672,31.7051246,30.42887306,27.65408513,31.25882795,,29.26507414,33.0193493,29.75639702,28.57471426,27.45938249,33.19055571,28.20781566,32.3103648,30.92255708,33.29780142,34.4827884,30.65606115,32.25526881,27.73813784,34.40581135,0.804307111,0.688889357,1.357045758,1.101933025,1.028690234,,1.840899585,1.245609943,0.849268968,1.977928767,2.652610318,1.093262116,0.748946548,1.197581848,0.845197356,1.233437785,0.909075677,0.697877455,4.189061967,0.904445607,0.830488061
6/9/2020,0.139435789,616.3073402,26.31548571,501125275,97446030323,0.514259302,42.85,47570000,23412.5,61.45394897,46.98661041,4.269999981,0.015130612,0.000592415,-0.016448167,0.002380952,0.026309443,,-0.004487249,0.005218184,0.007016339,0.013580336,0.040686275,0.011293891,0.019536849,0.001426852,0.022178466,-0.004063927,-0.001513738,0.001112992,0.022176663,-0.029834284,0.007142884,29.65533562,31.6967908,30.42564762,27.65566806,31.25630559,,29.25727434,33.01849032,29.74798318,28.60728724,27.49179004,33.17882396,28.21487963,32.33289536,30.93853408,33.30563506,34.47854669,30.64941288,32.28488495,27.70755778,34.40359704,0.792472317,0.689519278,1.347397216,1.103895103,1.045115996,,1.829345618,1.248986274,0.851137781,1.993734159,2.691619293,1.100051061,0.751763229,1.195378668,0.85994949,1.231980177,0.907493644,0.697488953,4.268159903,0.87788688,0.832110665
6/10/2020,0.206611382,616.4445063,26.44293475,570448851,97453112150,0.585357244,40.78,48595000,23412.5,61.73458862,47.80506134,4.119999886,0.019673674,0.027171077,-0.009131465,0.000765824,-0.019507041,,-0.010112527,-0.000841803,0.019115421,0.055365138,0.024715321,0.005541161,0.025827238,0.004819845,0.023812583,0.001903147,0.017465589,0.007834152,-0.007820324,0.003125,0.01688937,29.67973693,31.69975646,30.422623,27.6593898,31.24886292,,29.27229262,33.01645765,29.74862271,28.66478773,27.50842205,33.17648918,28.23817826,32.31897179,30.95826594,33.29383445,34.48564019,30.65635199,32.28136119,27.70980145,34.40466,0.802610577,0.698479486,1.341830414,1.106032077,1.021236748,,1.835478241,1.245233818,0.859257018,2.112161359,2.680473871,1.100692055,0.763051841,1.195039584,0.879879191,1.22205521,0.918661296,0.700947545,4.236663235,0.881917391,0.841233794
6/11/2020,-0.390886039,615.7546969,25.80026772,711511702,97461662275,0.73004265,38.33,48675000,23412.5,57.06922913,47.24702072,3.230000019,-0.02657721,-0.006341832,-0.028312595,-0.002380952,-0.042598363,,0.00686062,-0.014818782,-0.015203245,-0.001496083,-0.011434511,-0.02015112,-0.014617444,-0.02543086,-0.016341446,-0.031682801,-0.037157404,-0.018561948,-0.036536092,-0.026665726,-0.021438245,29.65748331,31.6320438,30.39192255,27.65781275,31.1898134,,29.26394955,32.95988602,29.69463942,28.65612206,27.49403649,33.15177594,28.19671908,32.27341196,30.92170959,33.26633593,34.44280356,30.61206455,32.23460701,27.67869219,34.37886769,0.766171053,0.684573494,1.29109231,1.104069998,0.968341247,,1.828482824,1.226713778,0.847790075,2.107266148,2.619174053,1.082104373,0.739550023,1.16577328,0.877564813,1.178287961,0.88370222,0.687782789,4.05656276,0.864324339,0.820940183
6/12/2020,-0.102356245,615.661422,25.61236591,629959248,97461662275,0.646366205,37.96,48595000,23412.5,54.2895813,45.58000946,3.24000001,-0.009466701,-0.011220904,-0.008050709,0.016533484,0.016140034,,-0.008751373,-0.011451303,-0.002595002,0.010200216,-0.004277858,-0.009669515,-0.01700987,0.007352272,-0.023860712,-0.028916111,-0.005061084,0.003126528,-0.009583825,-0.005514322,-0.00027949,29.65788339,31.64822659,30.39066235,27.6766217,31.21107767,,29.25514004,32.971865,29.67382756,28.64861344,27.48618568,33.14097305,28.17485961,32.26427848,30.88871618,33.24044374,34.44579026,30.61154997,32.23082084,27.67336893,34.37051756,0.759888542,0.678068097,1.279764745,1.122064308,0.984146578,,1.816439906,1.215371897,0.835054934,2.12119317,2.569019656,1.069069883,0.719986391,1.172027152,0.857802182,1.143793863,0.881708156,0.688510688,4.021342321,0.859234714,0.817878729
6/15/2020,-0.263850468,615.204196,25.37212205,506166488,97461662275,0.519349328,39.79,48630000,23412.5,48.83731079,42.61405945,3.150000095,-0.01321387,-0.027409332,-0.019968911,-0.015151515,-0.020770296,,0.000718778,-0.003033348,-0.028108142,0.013628424,0.005495755,-0.0135749,-0.017474531,0.00128896,-0.010991146,-0.031299216,-0.032960085,-0.005777185,-0.009339063,-0.016666667,-0.019244177,29.64091879,31.62227576,30.36486092,27.65027652,31.18928991,,29.24323532,32.95165802,29.62774849,28.65392896,27.493823,33.10828804,28.15345436,32.26929907,30.86287228,33.19391288,34.40305783,30.59143332,32.20182016,27.65205135,34.32999102,0.763634874,0.658427579,1.243527418,1.101569046,0.961370996,,1.791105706,1.211489236,0.818461799,2.143007073,2.608028632,1.057539045,0.712935411,1.171481007,0.848402078,1.104487499,0.851167095,0.684091875,3.990947172,0.851820913,0.798627592
6/16/2020,0.270887204,615.5655383,25.64388036,398155547,97462042275,0.408523706,40.67,48575000,23412.5,52.0884819,45.1137619,3.450000048,0.01442107,0.008782921,0.027921055,0.015611415,0.023528597,,-0.008726214,0.006887364,0.014729535,-0.002126573,0.022042285,0.009172418,-0.000407925,0.01824588,0.027757634,0.021230981,0.019891608,0.017810879,0.009943531,0.013196047,0.010974697,29.65278557,31.62914919,30.38215561,27.67349425,31.20292586,,29.25516096,32.96434264,29.66113188,28.64943303,27.50862213,33.1190558,28.16738638,32.29234019,30.88639998,33.2293746,34.42487393,30.61545663,32.20534743,27.6691849,34.37691736,0.773998082,0.661229103,1.271224163,1.126701372,0.983189525,,1.799656055,1.216676041,0.832758859,2.142615598,2.585737789,1.065443262,0.723834486,1.193366059,0.873936913,1.132666598,0.867994707,0.694455667,4.031654048,0.856160344,0.810581687
6/17/2020,-0.055751519,615.4750051,25.60344162,371715877,97462042275,0.381395534,40.53,48505000,23412.5,51.95631027,44.57292175,3.690000057,-0.007629991,-0.002456432,0.023401787,-0.020594966,-0.00562029,,0.010201537,0.001859204,-0.004889351,-0.011359213,-0.029,0.001333646,0.016726401,-0.007221303,-0.009883304,0.000282613,-0.009356191,0.000558052,0.008238438,-0.007936508,-0.002405649,29.64320307,31.65909937,30.38966319,27.63764784,31.19855345,,29.24577013,32.96239529,29.65598101,28.64204478,27.48528797,33.12168634,28.16640708,32.27660693,30.87960795,33.22213131,34.41869066,30.61586768,32.21572182,27.66333267,34.37530659,0.770050271,0.663023714,1.289646476,1.099032768,0.980394231,,1.797489688,1.220760277,0.828519621,2.125618596,2.585737789,1.067162109,0.722221702,1.181748774,0.868949787,1.135380129,0.860478231,0.697807272,4.052782274,0.846084068,0.810553836
6/18/2020,0.022669889,615.5385988,25.68106473,289466166,97462042275,0.297004002,41.46,48505000,23412.5,51.69340897,44.66146088,3.25999999,-0.008929418,-0.00201877,0.000812524,0.015159071,0.011829851,,0.005855664,0.001300856,-0.005669075,0.006215156,0.022341039,0.004191229,-0.005934032,0.000940515,-0.014609477,-0.001598687,-0.003753702,0.00194129,0.00040578,-0.008789937,0.002980013,29.64246705,31.6780624,30.40901252,27.64777324,31.20626777,,29.25080654,32.95546976,29.65519367,28.64852663,27.50375635,33.12761857,28.16584011,32.27654236,30.86728973,33.21867142,34.42072192,30.61798624,32.21796582,27.65297474,34.37565197,0.764490223,0.664938196,1.297930159,1.11510062,0.993259141,,1.804484535,1.222625123,0.836526729,2.132766265,2.602455921,1.072026544,0.722037292,1.187794266,0.861475028,1.132538629,0.858790001,0.703168748,4.054036989,0.840891469,0.813728855
6/19/2020,0.2195796,615.7071054,25.85712654,410415906,97462042275,0.421103331,41.94,48675000,23412.5,51.90621185,44.90327072,3.400000095,-0.0028693,0.018045328,0.02319552,0,0.020040783,,0.017501253,0.004196421,0.021578149,0.024153904,-0.036370822,0.008649329,0.010559618,0.012229043,0.026938913,0.021402705,0.021388225,0.003535214,0.00532655,0.003236246,0.016842521,29.63492284,31.6646095,30.43501216,27.64777324,31.21766803,,29.26524239,32.95816731,29.67471212,28.68022272,27.47419447,33.13773969,28.17554804,32.29395275,30.89213248,33.22056731,34.43657843,30.62487196,32.2106611,27.65921564,34.40331323,0.7418898,0.666003093,1.323190841,1.11510062,1.015898314,,1.827034845,1.225983502,0.843783665,2.159828123,2.594096855,1.077690899,0.727425164,1.194973534,0.888992647,1.148011014,0.876134336,0.704857399,4.061955533,0.839030674,0.825245686
6/22/2020,0.089409051,615.7733445,25.87449919,384388487,97469218946,0.394369106,43.03,48775000,23412.5,53.2417717,45.96353912,4.070000172,0.010473574,0.003416,0.00273322,0.017558123,0.01829833,,0.006365911,0.004995459,-0.008640878,-0.00669426,0.036726431,0.000823407,-0.014417857,0.01394627,0.000441896,0.009407611,-0.004933029,0.007861299,-0.008534755,-0.006361373,0.005943672,29.64353965,31.66459896,30.42364985,27.67355362,31.21929099,,29.26969199,32.96726636,29.67876238,28.67312754,27.50316839,33.13745212,28.16666182,32.29566598,30.88811948,33.23005773,34.43551935,30.64154826,32.20066653,27.65059972,34.41040379,0.737688773,0.669620044,1.32262033,1.13726724,1.028837418,,1.832942894,1.231547138,0.843985804,2.150267373,2.613601342,1.077061475,0.714951703,1.206137583,0.869544916,1.15958531,0.872056133,0.709785921,4.030791798,0.836860959,0.829345039
6/23/2020,0.059637381,615.824795,25.91819452,469664664,97469218946,0.481859472,42.63,48825000,23412.5,53.19644165,45.79613113,4.139999866,0.012461671,0.018166487,-0.010531278,-0.002509143,0.009803117,,-0.001018716,-0.002284981,5.58643E-05,-0.009664799,0.015463918,-0.004698987,0.007892475,0.003886657,-0.004932359,-0.003316196,0.017020831,0.004130405,0.002442589,0.001628664,0.005641162,29.65654378,31.6722435,30.40993419,27.67222683,31.23058956,,29.27695625,32.97356939,29.68766562,28.66180325,27.51509193,33.12928923,28.16855345,32.29907717,30.90364321,33.23199955,34.43423179,30.64680284,32.2041804,27.65178794,34.39860514,0.757694951,0.683527326,1.308768592,1.134058737,1.039589403,,1.840089884,1.230696713,0.848665192,2.137840868,2.613601342,1.073753664,0.722909893,1.20715859,0.857850368,1.155923844,0.881123251,0.714910098,4.038019018,0.838876214,0.833136567
6/24/2020,-0.157159747,615.7050908,25.84987534,397059330,97631009455,0.406693869,40.26,49030000,23412.5,51.03675842,43.9174118,4.53000021,-0.01718977,-0.007034566,-0.010624181,0,-0.016960936,,-0.004846272,-0.000536778,-0.016976932,0.00419668,0,-0.006786011,-0.007507563,-0.012245271,-0.014886472,-0.008666468,-0.001640037,-0.004929271,-0.006297418,-0.01461039,-0.009618093,29.64408261,31.70646289,30.39580365,27.67222683,31.2219021,,29.27223752,32.96042474,29.66657377,28.6648842,27.51509193,33.11712162,28.16991863,32.28498021,30.89080986,33.23053178,34.42146419,30.64083805,32.19775088,27.64104284,34.39094253,0.745700679,0.74813382,1.291906871,1.134058737,1.022041384,,1.832303804,1.229481754,0.841556934,2.144168062,2.613601342,1.070194735,0.724178581,1.194557923,0.862511026,1.147728649,0.876903009,0.710048165,4.013859505,0.820738916,0.826201445
6/25/2020,-0.007521106,615.637142,25.79218249,358186555,97643851255,0.366829606,41.47,49010000,23412.5,48.90631104,42.20610046,4.300000191,-0.016041346,0.022551729,-0.004579617,0.008529687,0.00463868,,0.000796555,-0.000263818,-0.004057771,0.000916005,0.031933902,-0.002152451,-0.014363289,-0.003553677,-0.00154065,-0.000199201,-0.000954798,0.006450592,-0.006713158,-0.029288567,0.00037009,29.63297483,31.70901381,30.38454513,27.69792201,31.21409258,,29.27154657,32.95765745,29.65544926,28.66884925,27.53957597,33.11776912,28.15955007,32.27561105,30.89004528,33.2252274,34.41355692,30.64037315,32.19332907,27.60570336,34.38434976,0.734913738,0.762869434,1.284553822,1.145819039,1.023228823,,1.835160632,1.229324166,0.834303595,2.144736481,2.608028632,1.064655093,0.717251805,1.18803622,0.871637923,1.144649833,0.874709664,0.71641407,3.983674082,0.804102005,0.824113433
6/26/2020,-0.066507194,615.6108401,25.74757402,302282241,97635651255,0.30960232,40.71,49005000,23412.5,45.5210495,39.0625,3.380000114,-0.005687588,-0.020323163,-0.003936438,0,0.014377131,,-0.013170472,-0.003988143,-0.00312366,0.003078408,-0.006957473,-0.002872133,-0.003416332,-0.002679826,-0.014642567,-0.0045375,-0.006344093,-0.002293986,0.00128169,0.017098731,-0.00836978,29.62255727,31.70818022,30.38286939,27.69792201,31.218812,,29.26665977,32.95534654,29.65257273,28.67367368,27.53269228,33.12984202,28.15731901,32.26908397,30.87630926,33.22028138,34.40958151,30.63564585,32.18889097,27.63403894,34.37856131,0.739418899,0.756221797,1.278205312,1.145819039,1.040229665,,1.828048898,1.225845361,0.832036758,2.15075092,2.591310499,1.066249797,0.716520711,1.186546446,0.862841806,1.139544881,0.869492504,0.713595177,3.983837866,0.800689337,0.820368344
6/29/2020,-0.458917251,615.1759862,25.27596069,367396624,97635651255,0.376293515,39.34,49165000,23412.5,41.0003891,36.73735046,3.640000105,-0.030520436,-0.028087473,-0.020015099,-0.008368373,-0.023624513,,-0.030607855,-0.012505276,-0.029713596,0.013765497,-0.018184036,-0.022703058,-0.022670738,-0.01333232,-0.038539035,-0.023123183,-0.031165795,-0.017556413,-0.025780732,-0.047008547,-0.029176268,29.58370026,31.6838913,30.37756489,27.68739015,31.2012987,,29.23719687,32.92573794,29.62116111,28.69168438,27.51412791,33.10387871,28.14243891,32.23897341,30.87681168,33.1957048,34.38024526,30.61113548,32.1600163,27.58861008,34.35441808,0.721011526,0.74840465,1.254367499,1.138751533,1.016751319,,1.783295407,1.21189673,0.820413325,2.193536736,2.541156103,1.047913114,0.709512237,1.169491623,0.834008654,1.112212147,0.843973177,0.702330004,3.868495006,0.759972337,0.798467565
6/30/2020,-0.073198456,615.1298363,25.26297325,372325211,97634211965,0.381347074,41.14,49145000,23412.5,39.45409012,35.10203934,3.690000057,0.002059607,-0.00623265,-0.006895529,0.002232143,-0.008609184,,0.006708538,0.00135108,-0.024116068,0.032513714,0,-0.000680697,-0.019962608,-0.002896857,-0.021847055,-0.010467522,-0.009896263,0.003400289,0.002105649,-0.001838235,-0.010126807,29.58164202,31.68706562,30.36366813,27.69758397,31.19375586,,29.22417774,32.92013968,29.5996049,28.73756899,27.51412791,33.09541073,28.13676027,32.22462937,30.86918933,33.19304366,34.36691516,30.61144813,32.16898754,27.58734432,34.356773,0.718985315,0.757309184,1.243281345,1.142582158,1.009023949,,1.78151385,1.214219386,0.793987933,2.252174438,2.541156103,1.047084657,0.70729423,1.166042582,0.811293299,1.103456961,0.835752199,0.704162671,3.879729424,0.757957081,0.795966482
7/1/2020,0.212731524,615.3762143,25.51614487,304134163,97634211965,0.31150368,41.14,49340000,23412.5,45.53594971,38.50445938,4.090000153,0.015891816,0.012285644,0.028555534,-0.021060276,0.020402676,,0.019331743,0.006499799,0.02589661,0.013269319,-0.03022942,0.015143576,0.02030316,0.011415992,8.53883E-05,0.022607991,0.024012679,0.007153097,0.010522433,-0.007915129,0.018558891,29.60660989,31.69780793,30.39172127,27.65996558,31.20615638,,29.24701969,32.93983462,29.62939699,28.74252077,27.49054206,33.12172186,28.14988471,32.25003101,30.87523174,33.21327875,34.39409266,30.62090566,32.1774562,27.58504343,34.37699313,0.724497135,0.75940883,1.27467799,1.112864028,1.029300197,,1.818572898,1.220113006,0.806559025,2.276837379,2.563446946,1.059742781,0.711874292,1.174900731,0.811585649,1.127296915,0.854041651,0.7086978,3.92716055,0.745968523,0.808598542
7/2/2020,0.04685077,615.4201125,25.5443096,225220072,97636207838,0.230672695,42.76,49410000,23412.5,46.73339844,39.0625,4.03000021,-0.002855579,0.002158507,0.010857657,0.011338656,0.006282965,,0.016610285,-0.004660075,0.0065339,-0.013321003,0,0.001915165,0.008015666,-0.005520893,0.005164213,0.011907981,-0.001309795,0.006372786,-0.000861972,-0.009469697,-0.002307997,29.60803726,31.70407506,30.42688083,27.67123598,31.20643075,,29.25472767,32.93052292,29.62511877,28.73076686,27.49054206,33.13314693,28.15421233,32.25148266,30.87890306,33.21407809,34.39182835,30.62151641,32.17588957,27.57867584,34.37204111,0.724839799,0.761463971,1.289630405,1.12387408,1.036264247,,1.834987167,1.215588999,0.808271961,2.248755177,2.563446946,1.063220547,0.714788308,1.17589431,0.813095163,1.136817638,0.853455156,0.711402815,3.927317446,0.735892247,0.805303213
7/3/2020,-0.064070336,615.4118733,25.55520226,199630415,97636207745,0.204463508,42.8,49535000,23412.5,50.75331116,40.69940186,4,0.009052888,0.006889629,-0.011651814,-0.044953436,-0.004677751,,0.001165374,0.004536349,-0.00828094,-0.012692663,-0.03311175,0.002810976,0.009989998,0.00674739,-0.006457559,-0.00308615,0.001136933,0.008247538,0.012162577,-0.003019993,0.001122067,29.61444461,31.71070208,30.41494431,27.61778712,31.20571646,,29.25655709,32.93088413,29.62346025,28.72032936,27.46376031,33.15460929,28.19123041,32.26001626,30.87644621,33.21885805,34.39379563,30.62354167,32.1819522,27.57331426,34.37952359,0.729071749,0.759944641,1.275303842,1.076028582,1.030232662,,1.835930157,1.220625943,0.806698315,2.223836572,2.557874235,1.066750469,0.733835935,1.185839346,0.819674366,1.135722072,0.854599067,0.716020526,3.983859633,0.735789273,0.807564879
7/6/2020,0.096707821,615.5847494,25.68827677,214657188,97636207745,0.219854082,43.1,49730000,23412.5,49.44766998,39.44340897,3.75,0.007977002,-0.001723432,0.019663971,0.031753612,-0.005409741,,-0.017345007,0.00950508,0.01687872,-0.014493528,-0.001132609,0.000483125,-0.002853002,0.007826589,0.004629021,0.008004167,0.010673606,0.005266967,0.014502763,-0.003269231,0.005769747,29.62115393,31.71620161,30.42696788,27.6526686,31.2156274,,29.25335751,32.95397305,29.63021544,28.71313092,27.46398032,33.16950395,28.18945142,32.2718552,30.87668483,33.23468676,34.40784226,30.63131281,32.18393006,27.57279099,34.39941442,0.731976147,0.752650392,1.308103951,1.10722783,1.030656092,,1.822270287,1.232426382,0.814510221,2.19966283,2.569019656,1.068791846,0.733685339,1.190328286,0.812021093,1.151283994,0.863639929,0.720008321,4.036270032,0.730802622,0.812941522
7/7/2020,-0.040860536,615.600519,25.66833952,332894712,97641207709,0.340936701,43.08,50105000,23412.5,49.67499924,39.79592133,3.970000029,-0.007529302,-0.005146584,-0.007700918,0,0.002776801,,-0.018019922,-0.00041661,-0.012553408,-0.018088539,-0.031706435,0.001550285,-0.003465343,-0.006761427,0.010790031,0.003966885,-0.001348723,0.002862514,0.003541398,0.046484504,-9.57416E-05,29.61151125,31.72853804,30.42345437,27.6526686,31.22701371,,29.24649271,32.9534136,29.63537327,28.70085279,27.44080129,33.18768589,28.18461707,32.26176034,30.86799661,33.22882318,34.41301827,30.6358585,32.1901458,27.61119351,34.3993002,0.729487358,0.749856998,1.294563207,1.10722783,1.03302628,,1.804852207,1.231575457,0.799931563,2.172500133,2.577378723,1.069733235,0.731246567,1.182530841,0.815238341,1.151350317,0.86366583,0.722059663,4.046963405,0.771365162,0.813786404
7/8/2020,0.118265409,615.705797,25.71607852,242280302,97641207709,0.24813325,43.29,49925000,23412.5,49.50180054,39.5647316,3.890000105,-0.00055133,-0.014164959,0.001220466,-0.000851162,-0.005151085,,0.022162837,-0.00175997,0.017933391,-0.021123224,0.032792793,0.002125716,-0.003850373,0.001666204,0.004723688,0.005712935,0.00894553,-0.001265619,-0.001213513,0.065856721,0.005056363,29.61324573,31.72660981,30.44120418,27.65254117,31.22985172,,29.24660731,32.95693563,29.63917591,28.68606631,27.46367445,33.20527674,28.17667389,32.26488633,30.86922981,33.22773109,34.41318212,30.6322588,32.186998,27.6756061,34.39804192,0.726430862,0.738220322,1.298515835,1.106759173,1.032752458,,1.818561357,1.229892166,0.819170214,2.143345399,2.574592367,1.073368083,0.726632692,1.185826281,0.815861732,1.15451272,0.869426725,0.717714192,4.04562552,0.821459732,0.817410691
7/9/2020,0.179090905,615.9410858,25.84711947,311369614,97643388499,0.318884482,42.35,50150000,23412.5,48.48722076,39.21131134,4.639999866,0.009349299,0.021583002,0.020471065,0,0.002951292,,-0.001744718,0.006115126,0.002636731,-0.018759203,0.003314394,0.008966904,0.018735628,0.005578159,0.015158628,0.021531618,0.015457233,0.011640238,-0.002532445,0.025529265,0.013108691,29.62933545,31.73060407,30.45952973,27.65254117,31.24233422,,29.25858558,32.98116866,29.65810246,28.67461915,27.46669148,33.23957787,28.18456821,32.27545547,30.86853536,33.23614983,34.43207122,30.64133693,32.19221513,27.71415186,34.40351191,0.730621019,0.751103681,1.315484641,1.106759173,1.038010399,,1.837697088,1.236840786,0.815267308,2.11897104,2.580165078,1.084616392,0.729545537,1.19232177,0.830287178,1.175791962,0.882725722,0.726980769,4.041455151,0.827270173,0.825204605
7/10/2020,-0.104212365,615.8278549,25.76405205,292845511,97643388499,0.299913302,43.24,50375000,23518.5,47.17219162,38.41146088,3.74000001,-0.015391247,-0.012455085,-0.004041368,0.005708773,0.000792502,,0.000272873,0.003953939,-0.001389358,-0.019447869,-0.036573074,-0.002383589,-0.003049669,-0.001348066,-0.003740893,0.004542226,-0.004048696,0.004962298,-0.000841541,-0.020905923,0.001171401,29.62150209,31.72423763,30.4612463,27.65606821,31.23269717,,29.25929839,32.97437547,29.64679253,28.66082527,27.43732211,33.23988404,28.18661503,32.27338138,30.86871795,33.23165567,34.42237754,30.6425406,32.18976983,27.70067288,34.39787476,0.719241543,0.740822614,1.311869972,1.109905564,1.036335275,,1.843792422,1.241240501,0.814178537,2.09490198,2.563446946,1.081935779,0.732266054,1.188780683,0.82562154,1.179452052,0.878553683,0.73175006,4.040362431,0.80308711,0.826507304
7/13/2020,0.038595111,615.8493348,25.79014564,245450947,97643388499,0.251374876,42.72,50460000,23521,47.00331116,37.8107605,4.070000172,-0.00904667,0.013684045,0.006459086,-0.016639473,0.002373955,,0.015986299,-0.004473006,-0.002428212,0.006923912,0.001630435,0.00021719,0.00730571,0.000621989,-0.011211002,0.000308982,-0.003050534,-0.002001618,0.000740134,0.03131528,-0.000121392,29.60986954,31.7265277,30.45188576,27.64560993,31.24740532,,29.25527254,32.97881669,29.65584886,28.65795592,27.43941107,33.22686335,28.18990589,32.27296068,30.874359,33.2268966,34.42003412,30.64203997,32.1886212,27.74489588,34.39415478,0.711741245,0.753194264,1.321518753,1.096683393,1.041246013,,1.852042006,1.235750289,0.821007907,2.101893014,2.571806012,1.080295454,0.734571136,1.187271099,0.810813604,1.179707382,0.875839013,0.730921013,4.041895217,0.817010059,0.824938759
7/14/2020,0.01086869,615.8765055,25.82532576,240065751,97643388499,0.245859709,42.9,50350000,23518.5,49.56855011,39.10945892,4.159999847,0.005458006,0.000674955,0.006890636,0.026284615,-0.00267726,,0.022355797,0.002339518,-0.012160307,-0.01028365,-0.032684569,0.004907028,-0.00856391,0.007413547,-0.010015381,0.010534307,0.004668501,0.011673202,-0.005866388,-0.010054845,-2.51114E-05,29.61803004,31.72654572,30.45900888,27.66603327,31.24558502,,29.28178591,32.98496461,29.65015658,28.65319617,27.41541769,33.2185592,28.18778291,32.2841756,30.86510752,33.22831266,34.41961353,30.64614335,32.18931413,27.73892748,34.39784527,0.711259757,0.752841923,1.322669925,1.123198097,1.039798276,,1.897185036,1.241255026,0.811243765,2.079429376,2.569019656,1.081204017,0.733823136,1.197610377,0.808360892,1.189076957,0.878431955,0.737685921,4.02178168,0.805926155,0.823523833
7/15/2020,0.093182443,615.9111507,25.95210467,256897643,97643388499,0.263097837,43.79,50485000,23524,50.91077042,40.21577072,3.690000057,-0.003162453,0.006938654,-0.003965762,-0.004212379,0.012082993,,-0.002246296,0.000308311,0.009036552,-0.00509983,0.00400446,-0.001504156,0.026204008,0.007139965,-0.010770702,0.008086276,0.000440882,0.006178731,0.000635707,0.035730213,0.007357268,29.60835036,31.72794828,30.45752097,27.66311042,31.24773989,,29.29139046,32.98368662,29.65662783,28.6497511,27.4174826,33.20989784,28.21197685,32.28643283,30.81076461,33.2320244,34.42597584,30.65421537,32.18872516,27.78682329,34.40070597,0.704708751,0.75564905,1.322859586,1.116788185,1.049321947,,1.911451698,1.242344264,0.826489843,2.133995098,2.563446946,1.078086315,0.754915413,1.206752364,0.781996245,1.202299765,0.880128653,0.742670221,4.021214292,0.825946357,0.831039672
7/16/2020,0.101931747,616.0492081,26.07934244,241367136,97643388499,0.247192503,43.37,50485000,23521.5,52.13774109,40.94121933,4,0.011161363,0.003785965,0.010823649,0.013052896,-0.0022814,,0.008889606,-0.00299326,-9.876E-05,-0.005183838,-0.000543478,0.002240576,0.013903926,-0.003935202,0.000966248,0.011059498,0.006077121,-0.000906417,0.003423104,0.033491927,-0.001001775,29.6190079,31.73600193,30.46056792,27.68759317,31.24723891,,29.28965806,32.98415402,29.66101883,28.65192936,27.41677133,33.21707551,28.21720034,32.28536131,30.80969854,33.24864412,34.42986881,30.65372046,32.20859642,27.81340428,34.41169692,0.717443889,0.758543794,1.337939502,1.135321369,1.047345511,,1.935824807,1.24133511,0.828299321,2.130441213,2.56066059,1.081424388,0.765788941,1.199516526,0.78193358,1.223327844,0.885735085,0.740644994,4.0192925,0.857440248,0.831083227
7/17/2020,0.04562042,616.0082461,26.07082675,275585471,97654998836,0.282203138,43.14,50490000,23528.5,58.66429138,42.48609161,4.639999866,0.001271379,-0.000656929,-0.006631236,0,0.00337588,,-0.011975121,0.006474928,0.017245802,0.000128253,0.034005038,0.002808157,0.000463782,0.006668793,0.00195394,0.006054852,0.002392197,-0.002974228,-0.004930138,-0.0089237,-0.00113123,29.61635802,31.7480837,30.45784843,27.68759317,31.24073207,,29.28152792,32.98294264,29.66387099,28.64774259,27.44003772,33.21404906,28.21478161,32.28912343,30.80043504,33.243514,34.42906985,30.65265426,32.19076497,27.80672143,34.40039523,0.723196314,0.758663647,1.328780985,1.135321369,1.053272869,,1.91548811,1.247799849,0.837700323,2.126420732,2.56066059,1.081573997,0.770193358,1.208849296,0.791457746,1.231701964,0.886677498,0.73704554,3.998291578,0.848320112,0.82941087
7/20/2020,-0.087847336,615.8121227,25.94661644,290282541,97654998836,0.29725313,43.28,50550000,23528,57.91667938,42.39331818,4.090000153,0.006198533,-0.016579214,-0.011186772,-0.017283951,-0.005524394,,-0.008973984,-0.005980292,-0.006353759,0.028727181,0.034742183,-0.002955027,-0.010064884,-0.002433468,-0.02424143,-0.003180802,-0.005409826,-0.007516584,0.001356785,-0.026293468,-0.004894164,29.62021261,31.72653559,30.44992098,27.6768114,31.23041591,,29.25492149,32.9724672,29.64978292,28.66371817,27.46511711,33.20501484,28.19764185,32.28472987,30.76656286,33.23261017,34.41763049,30.64807655,32.18175567,27.78118374,34.38701333,0.724246348,0.750776039,1.313052547,1.121586817,1.051380165,,1.886657796,1.241287935,0.824580967,2.15706811,2.563446946,1.076707159,0.761122354,1.20722189,0.775732588,1.224650231,0.880115487,0.729882646,4.007303304,0.825338918,0.824458196
7/21/2020,-0.056285684,615.7896157,25.87245806,250561875,97694998836,0.256473594,44.32,50840000,23526.5,54.37842941,40.31539917,4.019999981,0.00624086,-0.003929714,-0.008468031,0.004862689,-0.011201471,,-0.008089956,-0.000216056,0.003201584,-0.017380952,0.034216336,0.001352056,-0.016265218,0.008933068,-0.01172161,-0.000256523,8.57579E-05,0.000518647,-0.002342925,-0.034552846,-0.001271381,29.63295798,31.71666371,30.45431825,27.65268459,31.23556812,,29.27388782,32.9724196,29.65355399,28.65478939,27.49054206,33.20598827,28.17197556,32.28455556,30.78683985,33.23280976,34.41888384,30.64864327,32.18490406,27.7302716,34.38735846,0.731256366,0.746842015,1.307164069,1.113426218,1.044515158,,1.892756005,1.24016424,0.827156669,2.138055713,2.563446946,1.079693782,0.744773569,1.216814114,0.764868137,1.224688402,0.879534482,0.729656904,3.996820082,0.805905016,0.824920168
7/22/2020,-0.091285245,615.6109692,25.68375804,297476624,97709813747,0.304449075,44.29,52465000,23521.5,52.90985107,39.46197128,3.720000029,-0.007772366,0.002208513,0.015721863,0.000398248,0.003547163,,-0.006943706,-0.004216098,-0.012773032,-0.03038735,0.023221344,-0.006552522,-0.015259833,-0.004181843,-0.004794665,-0.001231218,0.000496077,-0.005719362,-0.007150071,-0.024943393,-0.004952996,29.62151957,31.70466501,30.45495338,27.65335014,31.2283221,,29.25089332,32.95929214,29.64533375,28.62866391,27.50395737,33.20286314,28.17696859,32.28273072,30.76629831,33.22186641,34.41033951,30.64478356,32.17727609,27.69532285,34.38156929,0.72980002,0.74666487,1.319446434,1.1139386,1.043063534,,1.853223935,1.237756323,0.8244511,2.103995657,2.507719838,1.074030755,0.739291746,1.215425864,0.764939989,1.223459773,0.878621289,0.72479787,3.96896299,0.792322511,0.821844949
7/23/2020,-0.091881243,615.5764576,25.61028042,244813392,97709813747,0.250551488,43.31,52820000,23521,51.52793884,38.77550888,3.710000038,0.000877441,-0.012750828,-0.00427465,-0.017857143,-0.007032262,,-0.019817341,0.003335123,-0.005656037,-0.030295489,0.032634859,-0.004345832,-0.030497208,-0.003969394,-0.004919471,-0.003508602,-0.002398154,5.67834E-05,0.001002852,0.015127402,0.002406708,29.61894256,31.71741982,30.45542524,27.64116639,31.23329237,,29.23450025,32.97005725,29.65042445,28.61304703,27.53244177,33.19760821,28.15420488,32.27061873,30.72790219,33.22188363,34.40834501,30.64181749,32.179724,27.7167938,34.3908425,0.73015106,0.744086222,1.316092687,1.091613292,1.039244426,,1.822578743,1.244945779,0.825484583,2.072988864,2.535583392,1.070866023,0.718731975,1.21236213,0.762048196,1.230265217,0.876702597,0.722808311,3.968081009,0.799317078,0.826328836
7/24/2020,-0.591248361,614.9006708,24.91295055,510648006,97709813747,0.522616907,43.34,54295000,23521.5,42.75019073,35.75138855,3.24000001,-0.03835912,-0.021445489,-0.029488272,0.008750994,-0.032819483,,-0.026351481,-0.012934099,-0.02714679,-0.056263507,-0.045851396,-0.020531337,-0.036045913,-0.022590549,-0.052790506,-0.030854636,-0.041966477,-0.031459305,-0.032086617,-0.010384139,-0.030630238,29.57685752,31.7042942,30.40859532,27.65587447,31.19240616,,29.19952057,32.94085575,29.59443985,28.5698602,27.48933962,33.16022056,28.11485265,32.23956237,30.68071994,33.19053854,34.37271347,30.6042648,32.13723027,27.70515863,34.36336591,0.706434689,0.735309203,1.265351258,1.102885686,0.999505384,,1.783353047,1.229454393,0.802732392,1.951838486,2.479856284,1.052285703,0.697727873,1.190639972,0.723738719,1.204104617,0.842423321,0.704159074,3.843513591,0.791857055,0.805779802
7/27/2020,-0.772496702,613.9166995,23.85836411,440354704,97709813747,0.450676024,43.41,56175000,23518.5,35.96192932,33.58071136,4.050000191,-0.028240561,-0.037726801,-0.036071096,-0.007861635,-0.052294431,,-0.014315802,-0.030711641,-0.054233213,-0.049888534,0.0022073,-0.037483543,-0.053732575,-0.030386771,-0.054877177,-0.044411926,-0.058070639,-0.032816186,-0.049683118,-0.061671222,-0.040227132,29.54281044,31.63695367,30.36501977,27.65082872,31.14212753,,29.15872317,32.88573717,29.53053546,28.5109469,27.48032271,33.11514219,28.0583828,32.18863154,30.6134673,33.12665521,34.30952465,30.56228575,32.07572231,27.64473612,34.31814609,0.692492045,0.709338766,1.212596377,1.093583474,0.943775916,,1.696881275,1.19358418,0.765073292,1.899647624,2.329393094,1.021559603,0.662194138,1.156421641,0.696181586,1.158079126,0.793796673,0.682304978,3.633277032,0.740856784,0.777326504
7/28/2020,0.441849107,614.5091575,24.37110938,330933929,97842274779,0.338232047,43.22,56660000,23516,41.53186035,36.3821907,3.809999943,0.01444922,0.03405047,0.031235266,0.020424671,0.042934613,,0.001479321,0.020573855,0.024398634,-0.013791828,0.002392344,0.029131597,0.030346963,0.030978423,0.021560158,0.033575955,0.041776528,0.02778975,0.020063639,0.004761905,0.023717623,29.56223885,31.66534641,30.40515014,27.67769566,31.18869582,,29.18483029,32.93849935,29.56704482,28.5030239,27.48298999,33.17464742,28.10137769,32.21703002,30.64314437,33.1745413,34.34819099,30.60137343,32.07553786,27.6514073,34.34639183,0.699560473,0.722399846,1.257724282,1.119376438,0.992269149,,1.736164188,1.210915144,0.7859872,1.889282183,2.340538516,1.046547442,0.684685513,1.189376762,0.710810853,1.205802294,0.826034946,0.698675453,3.717955206,0.743143126,0.793860368
7/29/2020,-0.49355789,613.9277757,23.8504962,360128999,97842274779,0.368070959,43.75,57000000,23518.5,36.51596832,32.90155029,3.24000001,-0.032310959,-0.036199356,-0.036881894,0.001491424,-0.024694482,,-0.008200814,-0.017002987,-0.033848178,-0.030853459,-0.045502646,-0.015131048,-0.023140585,-0.014474352,-0.034476004,-0.024346503,-0.023579811,-0.016539181,-0.025123587,-0.030627159,-0.022116308,29.52393733,31.6208127,30.36892205,27.68028962,31.16329459,,29.16272356,32.88623613,29.52434809,28.47379346,27.43881961,33.13901373,28.06899798,32.19294429,30.6458513,33.14266442,34.32683264,30.58591199,32.04640174,27.61328711,34.32269331,0.676565472,0.70289816,1.208503416,1.121425964,0.967219578,,1.697101291,1.19238954,0.771883094,1.861931163,2.279238697,1.031755115,0.670534668,1.1748885,0.691823432,1.189176948,0.808208938,0.68868236,3.611032743,0.724658025,0.780579101
7/30/2020,0.114473735,614.1126222,23.96684433,195205336,97842274779,0.199510218,42.94,57175000,23516.5,38.01805878,34.5454483,3.299999952,-0.005001392,-0.001902643,0.000274454,0.008166295,0.007349851,,-0.001030043,0.008252448,0.016819958,-0.011993954,0.036659082,0.012705156,-0.005627348,0.00307307,0.006014413,0.013900995,0.008949727,0.011791661,0.002362744,-0.001040614,0.004749875,29.52427533,31.63360586,30.3707758,27.69443736,31.17720007,,29.16828981,32.9100141,29.53763546,28.46787829,27.47204113,33.14301384,28.06834393,32.18835833,30.63411649,33.16340417,34.33391433,30.60092098,32.05638878,27.62627105,34.3417371,0.664745355,0.700168006,1.21021368,1.132698358,0.979512842,,1.710170883,1.200208002,0.773504245,1.851322985,2.315461317,1.040056587,0.668253072,1.17778227,0.693229967,1.218954217,0.813314525,0.694193319,3.624506764,0.714522923,0.78402501
7/31/2020,-0.081351163,614.0194233,23.82631407,254575554,97845819982,0.260180306,43.3,57175000,23517,37.63264084,33.74768066,3.309999943,0.002474435,-0.003549909,-0.010282348,0.013405797,0.005790299,,-0.002021617,-0.004690709,-0.0166842,-0.018349997,-0.009025271,-0.009055617,5.28237E-05,0.001028817,0.002990532,0.00353914,-0.009575121,0.004179532,-0.005806674,-0.018317655,-0.007453423,29.53042923,31.63276828,30.37160494,27.71778897,31.16337243,,29.15666184,32.90679477,29.52137875,28.45921769,27.46189087,33.13329702,28.06622805,32.18432685,30.63805063,33.15362548,34.32198155,30.60012189,32.04268133,27.60535363,34.35184909,0.663612855,0.697997299,1.201932268,1.151656476,0.971393263,,1.69108668,1.195316593,0.759576379,1.838805839,2.273665987,1.032173012,0.667874803,1.175604783,0.693054256,1.227549623,0.805487417,0.695883845,3.599674467,0.702761303,0.78120692
8/3/2020,0.316953366,614.4149942,24.18019347,299033347,97849871413,0.305604231,44.15,57325000,23514,40.5716095,36.04824066,3.569999933,0.025893533,0.015835796,0.018843385,0.014629049,0.034746651,,0.016889234,0.010299019,0.021816117,-0.02310244,-0.030320555,0.016451588,0.019379369,0.014560788,0.036696352,0.029032074,0.028459348,0.006173516,0.010040715,0.031862745,0.018767083,29.55529851,31.66583123,30.40145102,27.74365176,31.19445117,,29.1779821,32.92680427,29.55825976,28.44948715,27.43508781,33.14967824,28.08722063,32.20788512,30.65042565,33.18268233,34.34930269,30.60825399,32.06033773,27.64961477,34.36128827,0.674210797,0.705709984,1.226544926,1.173176502,1.007026986,,1.752284493,1.206239336,0.768455395,1.823095212,2.284811408,1.043168061,0.676290192,1.187987696,0.710410397,1.266807527,0.82873657,0.69764576,3.636362892,0.717622522,0.793606813
8/4/2020,0.275277616,614.6762028,24.47809402,286405653,97849871413,0.292699059,44.43,58100000,23517.5,42.26071167,37.92782974,4.190000057,0.018744644,0.01598164,0.012803195,0.021090688,0.012959054,,0.014741571,0.00778049,0.031046216,0.003359624,0.030537905,0.012060338,0.010743495,0.011105442,0.011839054,0.014411568,0.011517413,0.017915977,0.015025594,-0.015970808,0.017584516,29.5688989,31.6828993,30.4143876,27.75648882,31.21112414,,29.19315465,32.93639561,29.57842125,28.46302286,27.46239884,33.16162795,28.09866716,32.22176986,30.64060639,33.20294693,34.37398531,30.63022174,32.07757962,27.62821459,34.37339124,0.685977491,0.715848632,1.235835104,1.190366553,1.026703565,,1.758666591,1.215428338,0.794863065,1.832526118,2.309888607,1.050427731,0.68295275,1.201903433,0.720428241,1.295092449,0.840930454,0.711729154,3.696339808,0.708748243,0.803437692
8/5/2020,0.246595229,614.9823055,24.77993966,312391574,97849841403,0.319256086,45.17,58500000,23514.5,43.81866074,39.52627945,3.75,-0.01121178,-7.11466E-05,0.005477912,0.006369392,0.00582271,,0.000272337,0.013601237,0.015929452,0.007182277,0.030138399,0.012268023,0.002525598,0.012592349,0.015552785,0.014011972,0.009137346,0.010744382,0.029645486,0.05472708,0.011879418,29.56855685,31.681328,30.41926824,27.76005887,31.2205327,,29.1996777,32.94764658,29.60448475,28.47092591,27.49015785,33.19018076,28.10886209,32.23451849,30.65711306,33.21363614,34.390125,30.65440624,32.10872799,27.68628846,34.37580982,0.672116405,0.714828684,1.246343541,1.198636907,1.035934701,,1.762355177,1.229758153,0.802906832,1.838341684,2.343324871,1.063102869,0.685710601,1.211040117,0.723784575,1.322264209,0.850321853,0.721139351,3.800211916,0.744905185,0.812912024
8/6/2020,0.06724399,615.098231,24.82767512,254599202,97892716116,0.260079822,45.09,60500000,23512,44.30245972,39.64749908,2.579999924,0.006417696,0.004598992,0.004532973,0.006666667,0.008015774,,-0.004093885,-0.000743762,0.012634728,-0.009612468,0.001783591,0.003793431,-0.004844485,0.00294521,0.011126847,0.009373363,0.001233498,-0.000556888,-0.008436772,0.019063361,0.00334612,29.57576712,31.68509085,30.421402,27.77194779,31.21748915,,29.19485641,32.9546109,29.63135533,28.47736593,27.49213941,33.2079105,28.10618798,32.23004216,30.67380523,33.22448221,34.38475167,30.65640824,32.11176358,27.70266857,34.37818596,0.672346507,0.722844229,1.2479915,1.208884539,1.041616818,,1.749295627,1.229352602,0.80844926,1.836375625,2.351683937,1.067943648,0.684699843,1.210541227,0.72843765,1.348338342,0.849886741,0.718702341,3.774487158,0.760426229,0.815371302
8/7/2020,0.090243723,615.1332638,24.88343364,261560293,97920716116,0.267114359,44.4,61575000,23510.5,45.67361069,40.59368896,3.5,0.009793207,0.009416047,0.019085011,-0.016290172,0.011538607,,0.001237906,0.00201863,0.008385156,0.024594898,-0.003969627,0.002269828,0.0069726,0.012171794,-0.004691192,0.018705213,-0.002698495,-0.001010659,-0.005183199,-0.004032258,0.00193043,29.58089775,31.68633542,30.46389534,27.73328758,31.2233912,,29.18576833,32.95866581,29.63186973,28.50823163,27.48875089,33.21349556,28.11286881,32.23239024,30.66383447,33.23092305,34.38373999,30.65065739,32.10573296,27.70040882,34.37811884,0.677499712,0.729113939,1.262435383,1.180877439,1.047583294,,1.741913019,1.233493496,0.812973477,1.86204911,2.354470293,1.071771753,0.690392105,1.221358005,0.725836017,1.381211137,0.847141635,0.718820349,3.752954589,0.756395719,0.815143169
8/10/2020,0.134261963,615.2941941,25.05203313,310609356,97930428449,0.317173488,44.99,57465000,23518,47.18738937,42.02225876,4.070000172,0.025407792,0.019139755,0.008224271,0.000351247,0.009465438,,-0.004385523,0.000608895,0.007376824,0.034848974,-0.03084878,0.00751301,0.005813953,0.002983773,0.013221145,0.019074092,0.006853211,-0.003827971,0.002281729,-0.002353445,0.012513574,29.59967672,31.69953917,30.45855556,27.73390161,31.22843392,,29.28507646,32.96495215,29.6482003,28.52769777,27.46220809,33.20547547,28.11379484,32.25566516,30.66696848,33.23027748,34.38330343,30.64627504,32.10411216,27.69519538,34.38488492,0.700842137,0.738723885,1.270487377,1.18138982,1.061800943,,1.754248461,1.232573136,0.81937355,1.888974605,2.37397478,1.074846534,0.690392105,1.223604462,0.728399387,1.409583086,0.851296978,0.712798378,3.760399748,0.756124632,0.822199122
8/11/2020,-0.010528463,615.3032948,25.07628937,275251004,98483092453,0.279490618,44.5,54530000,23519.5,48.01636124,43.00595093,3.430000067,-0.00069633,0.003529545,-0.002507911,0,-0.009324307,,0.004396723,0.001684902,-0.000640724,0.011707462,-0.034837075,0.000104946,-0.005101139,0.006703739,-0.000553349,0.007497771,0.007527261,0.005603144,-0.005352309,-0.004236681,0.003965869,29.59521464,31.70955045,30.47266081,27.73390161,31.22417652,,29.28603093,32.958358,29.64455674,28.53172686,27.43207352,33.23654218,28.10959928,32.25471675,30.66377333,33.23245292,34.39104604,30.65603435,32.09977097,27.69086691,34.38024195,0.700788239,0.74377286,1.278854437,1.18138982,1.056040899,,1.754288931,1.235670449,0.819310743,1.896121402,2.368402069,1.072728078,0.688737329,1.229137457,0.726378312,1.428845422,0.857349808,0.717369203,3.746619393,0.752966206,0.821518311
8/12/2020,-0.019473641,615.3954478,25.16805039,284517710,98483092453,0.288900057,45.43,54470000,23519.5,48.36613846,43.58071136,2.569999933,-0.001458589,0.004729724,-0.016483493,-0.011464425,-0.000376422,,0.008196849,0.005536531,-0.002787003,-0.020725007,-0.027600849,0.004716232,0.007942079,-0.00129265,0.016661123,-0.003877265,0.00360137,0.004846252,0.008855432,-0.000189702,0.001696172,29.58581657,31.72561235,30.47166423,27.73841147,31.23279921,,29.30635124,32.97189058,29.66730883,28.5268492,27.40949746,33.23866317,28.11454845,32.25404838,30.66761989,33.23615937,34.3976715,30.66989659,32.11260127,27.68881093,34.37922714,0.694745337,0.748755036,1.264626301,1.178121518,1.056795906,,1.783518901,1.245040366,0.820493297,1.883008629,2.368402069,1.076844242,0.693421701,1.226880852,0.743740959,1.443907239,0.860299665,0.720721024,3.783128888,0.753838291,0.821760167
8/13/2020,0.192536286,615.5744338,25.38118411,279545572,98483092453,0.283851334,44.96,54480000,23518,54.88341141,47.29127884,3.180000067,0.012424417,0.021175058,0.005567528,0.02606706,0.002435606,,0.011627871,0.006495881,0.017742141,-0.012896142,0.001764706,0.007039195,0.0031836,0.018728516,0.014960762,0.001410931,0.009354573,0.011510158,0.01818347,0.006488577,0.009272377,29.5980124,31.7286748,30.4726954,27.75371557,31.24020648,,29.30865341,32.98687892,29.67744279,28.52585886,27.41164529,33.25317887,28.1283919,32.25972749,30.68662593,33.2406689,34.40784086,30.67984915,32.13196094,27.6963318,34.38607405,0.696055746,0.757687399,1.280392452,1.200431333,1.058328516,,1.791725106,1.254084705,0.830450375,1.87478359,2.376761136,1.085197808,0.700037938,1.24202777,0.765544847,1.429995598,0.869868585,0.727488946,3.850864624,0.758139888,0.83131775
8/14/2020,-0.057935996,615.4953439,25.42583919,413795202,98531804246,0.419961052,44.93,55180000,23516.5,63.10686111,48.7416687,3.700000048,-0.005922008,0.001066498,0.003225275,-0.020905923,0.001546697,,-0.006708772,-0.003721308,-0.00379212,0.012495246,-0.001712396,0.001184395,-0.002462081,0.004355033,-0.01460531,-0.008333868,-0.005631969,0.002515843,-0.007429853,0,-0.003099376,29.59397221,31.7281512,30.46207681,27.74072595,31.23683348,,29.29748746,32.98411903,29.66427386,28.53342368,27.42186828,33.25538436,28.12399384,32.25793265,30.68177556,33.23640455,34.39730059,30.67740428,32.12098296,27.6963318,34.38490138,0.689399662,0.75933018,1.284566838,1.182772624,1.054667862,,1.769464258,1.248921767,0.836818325,1.88485684,2.502147127,1.086181925,0.697441661,1.251019726,0.76454546,1.404373312,0.862845833,0.730452347,3.826960089,0.758139888,0.830933468
8/17/2020,0.012553562,615.5224404,25.29909595,251652966,98531804246,0.255402779,45.37,55800000,23517.5,58.90079117,45.91043854,3.900000095,-0.012392481,0.00371817,0.001412414,0.029107554,0.002389267,,-0.012320673,-0.002649861,0.011872706,-0.003948749,0.018626047,0.003137802,0.010243169,-0.002110278,-0.009328016,-0.005767864,0.001404331,0.011999819,-0.005937226,-0.028395304,0.001492733,29.58415272,31.72076165,30.47495907,27.7656797,31.23916067,,29.29144627,32.98114565,29.69508042,28.52969833,27.42936676,33.25487281,28.12765685,32.2599412,30.67274292,33.23490477,34.39844811,30.69512903,32.11205788,27.66835512,34.38688047,0.677909605,0.762047791,1.281280219,1.210678965,1.049878826,,1.76359809,1.2429784,0.844118708,1.881041697,2.44642002,1.088508729,0.703131123,1.24526524,0.748655056,1.380679333,0.864197339,0.738036318,3.80232568,0.736166449,0.832178366
8/18/2020,0.038948555,615.5717455,25.36553781,263206547,98543489744,0.26709684,45.46,57325000,23515,65.29283142,48.05194855,3.099999905,-0.003041101,0.013617374,0.014174189,0.013937282,0.011282749,,0.003219987,0.003629064,-0.008114457,-0.003493845,-0.034261985,0.007666387,-0.00098439,0.004979646,0.00763953,0.006163667,-0.004634103,0.004907376,-0.000621277,0.0002646,0.002617861,29.58258781,31.71826472,30.49587241,27.77414519,31.23722798,,29.36975078,32.98075938,29.68427012,28.52632151,27.4030376,33.2478296,28.12628841,32.26536394,30.67057605,33.22637968,34.39454041,30.71715934,32.10999458,27.66050589,34.38087008,0.676556515,0.769835873,1.293595515,1.222451438,1.05565568,,1.764602365,1.247585201,0.835918582,1.87937826,2.449206375,1.090805423,0.703474859,1.248711089,0.76104136,1.382039481,0.86069773,0.745953948,3.803423197,0.740662415,0.833942502
8/19/2020,0.127709926,615.7227835,25.46348018,266031839,98549775060,0.269946673,45.37,56250000,23512.5,65.29976654,47.94063187,2.619999886,0.004215726,0.012967185,0.002540714,-0.022296544,0.02143577,,-0.003395015,0.008279063,0.011767109,0.006928132,0.029694482,0.007499793,-0.009114583,0.008891375,0.025167988,-0.004009712,0.007215718,-0.001513544,0.008255243,0.001965231,0.011215799,29.59122138,31.73767175,30.49515805,27.75999596,31.2413452,,29.37679557,32.98676223,29.68692559,28.52894924,27.42364062,33.24983583,28.1215255,32.2919043,30.72534494,33.22593664,34.40244851,30.7223159,32.11560782,27.65378041,34.38561806,0.684125046,0.779736735,1.290412188,1.202830649,1.07631719,,1.769029499,1.255847883,0.842120664,1.887105712,2.440847309,1.097569868,0.696702389,1.254252337,0.779707849,1.359938082,0.866604992,0.743405712,3.845150916,0.747173636,0.844601523
8/20/2020,-0.060145514,615.6373575,25.29967789,313265267,98549775060,0.317875172,44.9,55750000,23510.5,66.52987671,48.32041168,3.049999952,-0.00339122,-0.005851772,-0.00013708,0,-0.001002453,,-0.003575785,-0.004360163,-0.00844911,-0.028445847,-0.03523765,0.005174881,-9.72146E-05,-0.000667742,-0.00795878,0.003056476,0.002964707,0.004520719,-0.007156382,0.029299891,0.00116901,29.59249494,31.72407057,30.48838279,27.75999596,31.2478083,,29.36954911,32.97364699,29.67021341,28.51170199,27.39530665,33.24583167,28.12119464,32.30019608,30.71336805,33.22179964,34.40094158,30.71410142,32.10950645,27.69337787,34.38386937,0.681924854,0.770098672,1.293906035,1.202830649,1.082017897,,1.753281025,1.246482967,0.837545017,1.797439495,2.429701888,1.102139455,0.696534886,1.257300705,0.775011349,1.342337833,0.868233259,0.744616083,3.812090231,0.761899312,0.844286278
8/21/2020,0.182678376,615.7531286,25.39680543,303123631,98562443857,0.30754476,44.35,56050000,23515.5,65.39202118,47.60058975,3.400000095,0.023302568,0.010913414,0.018791746,-0.017419355,0.010530811,,0.003936728,0.008237728,0.017208303,0.012826031,0.024470412,0.009391441,0.016305206,0.00580895,-0.001289044,0.016163481,0.014131306,0.011558144,0.003010428,-0.013152746,0.007952824,29.61455499,31.72986944,30.49766924,27.74145204,31.25645369,,29.37052984,32.98566962,29.68163253,28.51845483,27.41185731,33.2517573,28.12553332,32.31636606,30.71411529,33.23049956,34.41384603,30.72101435,32.11115198,27.67615199,34.38454916,0.696874054,0.772953884,1.312038692,1.183753663,1.095181055,,1.756990428,1.252310357,0.853215839,1.804725338,2.418556466,1.108862626,0.707303129,1.265854948,0.762025529,1.342493761,0.879891398,0.754848805,3.824961164,0.754168203,0.84979609
8/24/2020,0.211933863,616.0058434,25.48490396,398609109,98572794708,0.404380448,45.01,56000000,23516.5,65.20556641,47.50830841,3.680000067,0.019873813,0.022065094,0.008302698,0.016679264,0.010226397,,0.006603585,0.009176536,0.011677598,-0.026851076,0.030020434,0.009426879,0.009151818,0.015558513,0.016417982,0.009884908,0.016258778,0.015117581,0.001013207,-0.002,0.013329852,29.63792113,31.76782585,30.50702849,27.75928321,31.28295,,29.37530163,32.99635708,29.70116858,28.50294494,27.4349222,33.26843434,28.1351957,32.33347134,30.70733007,33.24087806,34.43157966,30.73147298,32.11640277,27.67499239,34.40038303,0.713079093,0.787923938,1.323883852,1.20184961,1.10759299,,1.763703223,1.264252083,0.854685535,1.717121757,2.424129177,1.121201749,0.710214775,1.291705022,0.766263445,1.337022778,0.893677799,0.764710623,3.831604935,0.752152948,0.858128626
8/25/2020,0.063220641,616.0354868,25.64270352,401802996,98591431422,0.407543526,45.86,56000000,23516,63.58586884,46.21632004,3.930000067,0.001709067,0.010120707,-0.007654835,0.002398082,-0.009703448,,0.004872139,0.000290333,0.013191707,0.019708979,-0.02510917,0.00445889,0.015763178,0.00432969,0.00205293,0.005416165,0.006197014,-0.000730111,0.003711125,0.001815481,0.010382718,29.63976506,31.80354526,30.49266949,27.76070819,31.28689232,,29.38395927,33.00159642,29.69802912,28.49708079,27.41503453,33.27723386,28.14972409,32.33060534,30.70048733,33.24630651,34.43395181,30.72905563,32.11830654,27.66051479,34.41002047,0.722285123,0.80581437,1.316424175,1.203811689,1.097968722,,1.774330294,1.266215102,0.856780164,1.788427191,2.424129177,1.129307406,0.721212065,1.296561615,0.772080652,1.327952856,0.899027128,0.76148541,3.849431349,0.763160135,0.866298898
8/26/2020,-0.005177516,616.0600361,25.56878553,363538841,98599745585,0.368701601,45.64,55625000,23517,64.02121735,46.80693817,2.940000057,0.024575147,-0.008560393,-0.000620925,-0.032416667,0.00569445,,0.00114426,0.003484011,-0.001404681,-0.025008083,-0.00862069,0.003906542,-0.00232838,0.009569233,-0.001972776,0.006200248,0.002248453,0.006727451,0.001901913,0.002369668,0.007933703,29.66939056,31.82129118,30.49085758,27.71383989,31.28233101,,29.38054831,33.00326004,29.73397063,28.49027041,27.40707245,33.27010273,28.14679862,32.33789656,30.70064679,33.24529287,34.43068037,30.73618235,32.12359474,27.66380373,34.41220528,0.750385455,0.807854325,1.314207538,1.156971409,1.10529017,,1.784230418,1.272638981,0.854418947,1.70576633,2.4101974,1.129901322,0.721515407,1.303814622,0.771289048,1.317792799,0.900931192,0.767562135,3.855494742,0.764303306,0.874219984
8/27/2020,0.159792106,616.2072942,25.72051258,334407297,99098566768,0.337449176,45.09,55800000,23514.5,64.93122101,47.78516006,3.319999933,0.007519311,0.00445688,-0.00017253,0.020229461,0.040468299,,0.00398356,0.004117244,-0.001008727,0.020032536,-0.000578035,0.009383782,0.003603085,0.002964623,0.003211536,0.009679394,0.01012798,0.005879407,-0.000973959,0.003642456,0.013225801,29.67212998,31.84558773,30.49697822,27.75150887,31.31381792,,29.38224013,33.00022572,29.73637131,28.49957229,27.40635374,33.27182565,28.15025957,32.35260363,30.70164373,33.24752624,34.44157398,30.73547481,32.11642439,27.67337197,34.41180428,0.749883094,0.811668204,1.31686285,1.190287504,1.140588444,,1.775625731,1.277981014,0.857530445,1.773610844,2.407411045,1.137343464,0.724799496,1.3035685,0.771211604,1.315642296,0.906924445,0.766209269,3.845214505,0.762830223,0.885319598
8/28/2020,0.185175168,616.3351053,25.9545065,420614481,99142187686,0.424253782,45.05,56350000,23513,64.07697296,46.99150848,3.140000105,0.013035176,0.00589678,0.003295297,0.014318594,0.009299921,,0.009621589,0.005363795,-0.000297367,0.015266226,0.041828165,0.002612499,0.016174809,-0.001286731,0.016347761,-0.001616809,0.014432767,0.001421688,0.006069889,0.010344329,0.00304679,29.69252495,31.83712599,30.50481352,27.75996592,31.31297259,,29.39575134,33.01228383,29.7210574,28.51284274,27.44080945,33.27173562,28.15759468,32.34207864,30.698446,33.26162696,34.45356448,30.73123248,32.1240632,27.69246788,34.41214764,0.76971914,0.813442427,1.322403494,1.203717147,1.139247445,,1.807284265,1.283852813,0.857253829,1.84623107,2.440847309,1.136706396,0.733716982,1.308610377,0.77342941,1.306843913,0.918542899,0.766415552,3.873823041,0.764786652,0.887632332
8/31/2020,-0.024545442,616.3055293,26.02152583,374222497,99158207406,0.377399417,45.55,56925000,23510.5,62.7635498,46.7146492,3.400000095,-0.003219797,0.009711489,-0.000468953,0,-0.001907459,,-0.015025657,0.003498731,-0.009253731,0.01741663,-0.03712031,0.000885409,-0.020050799,0.002171378,0.031714379,-0.011814674,-0.001626105,0.004031829,0.015492308,-0.003230295,-0.005749817,29.68462021,31.83989287,30.49078948,27.75996592,31.30533634,,29.38811968,33.01275554,29.71995,28.51171445,27.40978074,33.29321203,28.14060983,32.33467311,30.70344451,33.26880739,34.45382086,30.73505553,32.15083115,27.68869995,34.41344967,0.765753948,0.815258169,1.326518624,1.203717147,1.131492586,,1.796840551,1.284224452,0.84893006,1.906193658,2.424129177,1.13786532,0.71660036,1.306400134,0.800391149,1.293826296,0.918753678,0.771209682,3.929456001,0.762635854,0.881328983
9/1/2020,0.138953121,616.4989736,26.24409309,323081663,99158207406,0.325824429,45.58,57225000,23508,63.38359833,47.41601944,3.170000076,0.015790472,0.002677342,0.01139394,0,0.002745155,,-0.005725748,-0.000935035,0.014493917,0.019256929,0.038413311,0.005335678,0.007234308,0.001634905,-0.001558913,0.005032644,0.010476905,-0.000758591,0.013083838,-0.006756757,0.007118821,29.70014345,31.84787443,30.50132242,27.75996592,31.31354073,,29.38492558,33.02430514,29.73510599,28.52444463,27.43995797,33.29920667,28.14974991,32.34622874,30.70723033,33.28002101,34.46180427,30.7419461,32.17494938,27.67904511,34.42720581,0.765023841,0.817893107,1.343934583,1.203717147,1.138484951,,1.789368535,1.283744581,0.853467965,1.991318855,2.440847309,1.145939117,0.728973798,1.305546251,0.791325228,1.311717385,0.928482799,0.770846981,3.985468404,0.759206342,0.888785913
9/3/2020,0.009316729,616.5841441,26.17810418,369099466,99158207406,0.372232895,43.99,56325000,23512,61.76755905,46.14249039,3.440000057,-0.002243828,0.011039708,-0.003706525,-0.033477497,0.003079265,,0.005900772,-0.001141454,-0.010367374,-0.018973653,0.035429164,0.003204527,-0.000411457,-0.00499072,0.004411092,0.000775973,0.008215567,0.007190839,0.007098094,-0.000990099,-0.000725664,29.6988102,31.85186162,30.53062158,27.71569602,31.32236103,,29.38168775,33.03132985,29.72549259,28.51330016,27.46752845,33.31186966,28.15118571,32.34330133,30.70283903,33.29126688,34.48151161,30.75567918,32.18607945,27.67846715,34.44325489,0.76349126,0.824323178,1.340566097,1.156324814,1.142103659,,1.788317299,1.281221338,0.849923039,1.898607643,2.443633665,1.153819166,0.72858025,1.298221879,0.802174637,1.328914111,0.938852561,0.77476689,4.014370198,0.758198714,0.891693785
9/4/2020,-0.061317432,616.5122867,26.12134908,347337320,99182808090,0.350199119,42.66,56225000,23513.5,61.83641815,46.0419693,3.630000114,-0.01436111,-0.015947134,-0.002071327,0.025482434,-0.006610497,,-0.010283899,-0.003510724,-0.006163829,-0.002016129,0.005174091,-0.001484936,-0.017817527,-0.008839436,-0.004166,0.0056602,0.011996668,-0.002474028,0.000195868,-0.015981735,0.001901617,29.68256308,31.84235063,30.53265056,27.75106004,31.31321813,,29.37180006,33.01899054,29.7234227,28.51273387,27.47024867,33.30865688,28.14284688,32.33649702,30.69771088,33.29750974,34.47400567,30.74859103,32.18436157,27.65555654,34.44751218,0.75179961,0.815157376,1.340976586,1.191246104,1.13174451,,1.772084283,1.27339996,0.84774481,1.897565868,2.424129177,1.148461936,0.712579711,1.289793814,0.796017883,1.345420236,0.945973743,0.770765498,4.019849927,0.750196519,0.89644153
9/7/2020,0.037326633,616.4523896,26.11398667,431324874,99183952390,0.43487365,41.9,56075000,23514,60.13331985,45.54492188,3.690000057,-0.008167857,-0.000165754,-0.007146569,0.014935065,-0.009464879,,0.002990836,-0.005833965,-0.004520812,-0.00874998,0.034,-0.004502008,-0.001568266,-0.008760471,0.033254677,0.012604957,-0.01054623,0.003681983,0.005714203,0.0024708,-0.002899096,29.6761104,31.83346231,30.5384365,27.76360053,31.28722121,,29.37134386,32.99309589,29.70657825,28.50934845,27.49795953,33.30144424,28.15157004,32.32814466,30.74108646,33.29566768,34.44972695,30.74185722,32.18210741,27.64939294,34.4342351,0.747170764,0.813343236,1.337624446,1.205667932,1.117454258,,1.769914781,1.26520887,0.848195538,1.859408211,2.424129177,1.141753507,0.714818466,1.281871575,0.825292699,1.360464319,0.933691587,0.775032983,4.042572528,0.757715368,0.892656427
9/8/2020,0.072926118,616.5425673,26.25030466,304511408,99183952311,0.307016812,39.78,56000000,23513,60.64178085,46.46538925,2.630000114,0.013624495,0.003765851,0.006595368,-0.013112721,0.00937141,,-0.012942021,-0.000605733,0.01134363,0.013070163,-0.029536355,0.004741352,0.014668613,0.006352239,-0.012481929,0.013476622,0.006693483,0.003155025,0.01081639,0.018764908,0.00516533,29.69185565,31.83543706,30.52974098,27.75165032,31.30552363,,29.37020337,32.9963788,29.71979171,28.51996091,27.47294291,33.30334897,28.1766114,32.34843224,30.73490748,33.29015471,34.45216917,30.75042114,32.18356982,27.67360613,34.43586092,0.769304251,0.815862329,1.34101637,1.197249469,1.12741781,,1.763570929,1.259889296,0.853274722,1.873326488,2.435274598,1.146503211,0.729447221,1.294019329,0.805808993,1.357444463,0.939597228,0.778839319,4.096537696,0.767732818,0.898188117
9/9/2020,0.036802685,616.4864549,26.25417449,318908613,99188944530,0.321516288,40.79,56075000,23512,59.76240921,45.72901154,4.199999809,0.013929442,0.008409655,-0.00901833,-0.019697338,0.007269173,,0.004087304,0.002066326,0.008500126,-0.006066288,-0.008855835,0.00495587,-0.001589029,0.00930128,0.010390138,0.0025312,-0.00283252,0.004593348,0.005983559,0,0.002844604,29.70626814,31.83093261,30.50098374,27.71309056,31.30070935,,29.37014911,32.99843599,29.72011523,28.51225437,27.46602233,33.3018527,28.17180072,32.35850991,30.74853151,33.2907525,34.44833542,30.75664611,32.17953541,27.67360613,34.43792311,0.7801331,0.818232281,1.330294893,1.166735332,1.129834374,,1.762663091,1.258708174,0.860689917,1.867434378,2.440847309,1.147189294,0.726724357,1.301440017,0.813174139,1.34860192,0.935882723,0.780082222,4.11685185,0.767732818,0.900922299
9/10/2020,0.02228928,616.5141199,26.19466626,384237323,99197213521,0.387346891,40.06,56350000,23516,60.81269073,46.53902817,3.829999924,0.000396679,-0.0052991,0.001335893,-0.025386691,-0.004161818,,0.016909434,0.001367976,0.011794376,-0.0304285,0.007920977,-0.001093184,0.013968806,0.001484547,0.018581975,-0.001538211,0.004085254,0.006779638,0.011056582,-0.011627907,0.006142553,29.70888629,31.81646465,30.53281013,27.71007353,31.29986832,,29.38381654,33.0011895,29.71666901,28.49329519,27.4715967,33.29893109,28.17328626,32.37207896,30.74948611,33.29365331,34.44711296,30.7731035,32.18021595,27.65721501,34.43436692,0.77612487,0.813790874,1.332597531,1.143034593,1.126108791,,1.783832981,1.262863,0.86652839,1.772384704,2.429701888,1.146571719,0.72474914,1.304180377,0.81789509,1.351490072,0.938479455,0.786022748,4.152942818,0.762016965,0.903350259
9/11/2020,0.119669666,616.5509973,26.27338409,310485992,99197213521,0.312998703,39.83,56200000,23513.5,59.66635132,45.26877975,3.609999895,0.002481153,0.012406546,-0.004776955,0.034005676,0.009327749,,0.001827836,0.003818378,0.000878894,0.004115226,0.002013761,0.003878714,0.000889019,0.010628564,-5.97527E-05,0.008241023,0.004505329,0.004651827,-0.002173719,0.016731017,0.006279379,29.72123189,31.81005935,30.53410759,27.72341888,31.30212285,,29.38056822,32.99997446,29.71916853,28.49444967,27.47465632,33.29740237,28.16344188,32.37750553,30.746587,33.29042827,34.4490424,30.77786836,32.17898834,27.67650662,34.43346877,0.777616452,0.818482818,1.32771997,1.172029843,1.137791372,,1.777919371,1.267930154,0.865501674,1.774468255,2.449206375,1.1489149,0.714907959,1.314825179,0.813604369,1.355967827,0.941344966,0.791346726,4.14465629,0.772770956,0.90637863
9/14/2020,0.250598378,616.7450889,26.66717534,382602825,99199213279,0.38569139,39.61,56225000,23514.5,59.56026077,44.47716904,3.670000076,0.009841394,-0.004833511,0.011167774,0.016985138,0.006590401,,-0.013943395,0.010671407,0.017940412,0.04540724,0.013651877,0.007504527,0.020191719,0.00096433,0.017033901,0.007986092,0.009204645,0.01370318,0.01514485,0.034416826,0.010969571,29.72809702,31.81207723,30.55485111,27.75275912,31.30675109,,29.37499664,32.9982411,29.74025139,28.51941319,27.49064391,33.30354982,28.16216827,32.37084708,30.7536245,33.29625798,34.45720192,30.78593671,32.2004541,27.69714541,34.43982124,0.778280471,0.819301368,1.343167149,1.196624158,1.149440434,,1.785370127,1.280556421,0.876188604,1.869249912,2.516078904,1.157144063,0.715557564,1.311614376,0.830699395,1.360824731,0.949386199,0.802184438,4.205110798,0.809045551,0.911350674
9/15/2020,0.081757395,616.7932137,26.69317846,395115487,99227187441,0.398192771,40.53,56425000,23512,59.29219818,44.51398849,3.700000048,0.012135929,0.009608021,0.008122959,0,-0.002203206,,0.015746398,0.005983371,-0.005851578,-0.015151595,0.002008032,0.005154637,0.001979743,0.009177226,-0.001877299,-0.000150782,0.002066596,0.000805779,-0.003694731,0.037209302,0.000688592,29.74022176,31.80835669,30.55500297,27.75275912,31.31797514,,29.37773394,33.00765582,29.73521774,28.50918379,27.49226208,33.3063978,28.17613331,32.3702273,30.73856673,33.29745889,34.45505184,30.79084863,32.19418932,27.72213594,34.44583486,0.797496188,0.821690029,1.348782048,1.196624158,1.149933119,,1.810539179,1.286048658,0.872435279,1.78704074,2.516078904,1.160132436,0.730365617,1.324052465,0.829021684,1.361659468,0.950988069,0.800650438,4.188305699,0.8494862,0.911848085
9/16/2020,0.020892684,616.8639962,26.71735746,301481266,99239724026,0.303790915,42.22,56500000,23509.5,58.90563965,44.18605042,3.109999895,0.012080012,-0.006430195,0.005737735,0.003367003,0.00700933,,-0.008020749,-0.003545919,0.008733146,-0.002857956,0.002768549,0.002227049,-0.012787676,0.006560262,0.007122711,-0.00323831,-0.000629235,-0.001790165,0.002324522,0,0.00226257,29.74824116,31.83112146,30.57041042,27.7587648,31.32522676,,29.37162699,33.00274614,29.74908334,28.51518816,27.49555557,33.30754146,28.16557655,32.37663312,30.74035218,33.29142422,34.45507631,30.79341772,32.1943675,27.72213594,34.4495064,0.806359641,0.820177814,1.36812845,1.201747973,1.151691888,,1.781952423,1.28261274,0.876602745,1.79218047,2.530010681,1.163927012,0.719198112,1.332636668,0.829888964,1.346964362,0.95042004,0.797961583,4.202097638,0.8494862,0.913312055
9/17/2020,-0.007852476,616.8152003,26.70271968,409239115,99239717527,0.412374325,43.3,56275000,23507,56.99956131,42.56182861,3.420000076,-0.002679364,-0.007129743,-0.004147143,0.02173913,0.001414025,,-0.025039358,-0.004717271,-0.001867706,0.001908093,0.014449339,-0.003474282,0.005571194,0.007829441,0.002934025,0.002418892,0.000802957,-0.004480754,-0.002856455,-0.010676019,0.000148521,29.7507154,31.81674716,30.56673294,27.77152368,31.31523508,,29.35555355,32.99724669,29.7393859,28.51061812,27.50691971,33.31170079,28.16755434,32.38071716,30.75013667,33.28993619,34.45365182,30.78860122,32.18776744,27.7134668,34.44098967,0.804517428,0.815616109,1.362966052,1.219406683,1.145245025,,1.745884398,1.27616293,0.872088336,1.849845424,2.527224326,1.161720347,0.72191915,1.338479986,0.830974431,1.34338436,0.949083598,0.796166306,4.191058722,0.838266753,0.912709318
9/18/2020,0.030145232,616.9152613,26.72857668,367369405,99387717527,0.369632601,42.97,56250000,23508.5,57.39884186,42.69102859,3.74000001,0.004627867,0.008237255,0.001813609,-0.006074074,0.002702283,,-0.001080868,0.004253402,0.003876205,0.002005929,-0.029364918,0.001639999,0.000970811,0.006466662,0.005146929,-0.001172012,0.010771569,0.003359831,-0.000198549,0.00732479,0.004838512,29.75181989,31.83306433,30.57854019,27.74570915,31.33508498,,29.35508948,33.01809855,29.7495873,28.51651353,27.48029642,33.31779894,28.16710779,32.38308972,30.75154767,33.30034228,34.46626514,30.80053109,32.18873019,27.73247323,34.44357146,0.80693539,0.815780247,1.363880705,1.206527076,1.1528139,,1.741967691,1.297152728,0.88296355,1.852757837,2.496574417,1.16486213,0.722445825,1.345516661,0.834181173,1.348155074,0.956857983,0.800358713,4.189660779,0.832433247,0.916751551
9/21/2020,0.053046912,617.0104338,26.82603959,434208874,99395210043,0.436850904,41.44,56325000,23506,58.85274124,43.17010117,3.519999981,-0.010174671,0.00873636,0.004974917,0.025491779,0.002931456,,0.015397866,0.004425242,-0.00357261,0.008213102,0.002232143,0.005240893,0.005968288,-0.012975028,-0.013084953,0.001366421,0.008149684,0.003332939,-0.000815761,-0.003496503,0.000705346,29.74415323,31.83899414,30.58557165,27.78194362,31.33714086,,29.35696493,33.02233129,29.74738481,28.51947879,27.48296376,33.32268398,28.18895174,32.37958318,30.73613034,33.31932401,34.47154306,30.79874605,32.19093118,27.73027991,34.45533325,0.798423413,0.822304362,1.376305562,1.242567671,1.16089406,,1.759671302,1.30235548,0.881071131,1.868135319,2.507719838,1.170757574,0.734114937,1.330395768,0.820623569,1.354208936,0.963717773,0.802605541,4.18235532,0.828402737,0.919409298
9/22/2020,-0.068171038,616.9609619,26.77330069,420297139,99398016174,0.422842583,41.72,55925000,23510.5,56.39928055,41.6053009,3.519999981,-0.003295339,-0.01127958,-0.005954727,0.009070295,0.000978291,,0.000888223,0.001275398,-0.005249137,-0.008923483,0,0.000190667,-0.010263382,0.00338414,-0.01059982,-0.000316986,0.00139071,-0.000922239,-0.002377679,-0.022667254,-0.003499137,29.74191676,31.83376904,30.58469444,27.78750431,31.33883076,,29.3555802,33.01386021,29.75233592,28.51406268,27.48296376,33.31995528,28.1840211,32.38313993,30.73415622,33.31622751,34.47879543,30.79507262,32.18934822,27.70404073,34.45068683,0.795289022,0.817993122,1.372532019,1.250415986,1.162449356,,1.757712105,1.303953475,0.87477163,1.859824476,2.507719838,1.167949528,0.730934144,1.335143435,0.810574305,1.358087644,0.965277485,0.801168794,4.170004899,0.81233952,0.919159902
9/23/2020,0.03836373,617.0250731,26.83379518,392893051,99403752611,0.395249717,41.77,55625000,23517,56.90584183,42.01031113,3.49000001,0.008594787,0.006928405,0.007306346,-0.000608281,0.010412035,,-0.014632193,-0.000692615,-0.00314264,0.012834734,-0.037956551,0.000224814,0.004010474,-0.001664975,0.006258113,0.002707721,0.004042853,-0.001164435,0.001155482,0.027736175,0.006013481,29.75216225,31.85531733,30.58462685,27.76529859,31.33911695,,29.35166752,33.02516056,29.75937679,28.52526688,27.4507101,33.32715781,28.17984546,32.37769525,30.7436911,33.31894904,34.49058614,30.79906328,32.19067269,27.7330208,34.45568769,0.809246337,0.825952835,1.380198746,1.237375526,1.180687672,,1.750055736,1.301175156,0.877252481,1.874416726,2.491001706,1.173419167,0.728761596,1.327945177,0.814553549,1.357270726,0.970293729,0.798939194,4.17670158,0.833440875,0.92510667
9/24/2020,-0.040838031,616.970308,26.74787232,408361880,99403752611,0.410811332,41.94,54725000,23520,57.07067871,41.88143921,5.099999905,-0.000470544,-0.00498346,-0.008269597,-0.028572867,-0.00539806,,-0.00249469,-0.00204516,-0.005886256,-0.004697286,0.035035417,-0.004005975,-0.004252134,0.011451794,0.004391385,-0.005348159,0.001316615,-0.007162241,-0.003508072,-0.005235602,-0.000703139,29.74595492,31.85650508,30.57523362,27.74741586,31.328608,,29.35088133,33.02950419,29.75071735,28.5219307,27.47783892,33.32180477,28.17737364,32.38080385,30.7406775,33.3080229,34.489443,30.8044616,32.18559971,27.72973083,34.44780019,0.809494392,0.824699968,1.362457497,1.208539973,1.173291846,,1.74511439,1.299349622,0.868571506,1.869384295,2.496574417,1.169440433,0.727753707,1.341830991,0.822516646,1.347152938,0.971792354,0.795318754,4.162990797,0.827395109,0.924202692
9/25/2020,-0.044621926,616.9158345,26.66591046,381877898,99403752611,0.384168493,41.92,55350000,23522.5,58.30995178,41.97576141,2.49000001,-0.004338151,0.004354995,0.001009603,-0.042510795,-0.006890277,,-0.011611298,0.000184054,0.00788052,-0.005482974,-0.001116071,0.005134815,-0.001980793,-0.003973826,-0.001584982,0.006415374,0.00415609,0.00040124,0.009822037,-0.002645503,-0.001845983,29.74607615,31.85508655,30.57670335,27.69607539,31.33185811,,29.34609803,33.02498963,29.76019488,28.51993055,27.47649928,33.32607632,28.17809202,32.37796662,30.73864521,33.31057742,34.49088236,30.80329393,32.18336954,27.72808177,34.44533743,0.805952695,0.829303344,1.362469282,1.15915733,1.166738686,,1.732183881,1.299437419,0.870865809,1.864329436,2.491001706,1.177518432,0.72907549,1.332601529,0.821285509,1.356756444,0.975903173,0.794466083,4.149891008,0.824372226,0.922600982
9/28/2020,0.084901915,616.9928837,26.7107863,429063221,99418295721,0.431573704,42.43,54975000,23524,57.74676895,41.3147316,2.859999895,0.000592746,0.005100957,0.004471429,0.021959808,-0.002588483,,0.012805417,-0.000494118,0.001068738,-0.000209946,0.003355705,0.000493888,0.005822327,0.002453716,-0.004772347,-0.003435305,0.008708682,0.008916973,0.011381641,0.003546099,0.005723987,29.75148118,31.84995532,30.5794648,27.71028285,31.33697358,,29.35016931,33.01692565,29.76821885,28.52429086,27.48051282,33.33677418,28.18522778,32.38704426,30.73191633,33.31269902,34.50317851,30.8097083,32.18263217,27.73027991,34.44514806,0.786177194,0.829714657,1.364998025,1.177328421,1.168374305,,1.742786788,1.296144178,0.87400951,1.865005213,2.507719838,1.17761013,0.739785423,1.331224692,0.816272418,1.347515543,0.98377017,0.799382577,4.148435668,0.828402737,0.926128814
9/29/2020,-0.051408439,616.8953757,26.67181668,471037600,99418295721,0.473793678,41.03,55300000,23521,54.90768814,39.9559288,2.579999924,-0.016830829,0.002689874,-0.003451573,0.013205578,-0.012497216,,-0.008104015,-0.000592909,-0.007572832,0.017316967,0,-0.005692576,0.013435749,-0.003923904,-0.012015029,-0.007383571,-0.00828551,-0.007744806,0.008441631,-0.001760563,-0.010642904,29.72764637,31.83730381,30.57974679,27.73869375,31.31847829,,29.34003908,33.01037542,29.7520249,28.53442594,27.48051282,33.32656076,28.18639248,32.38572923,30.71963161,33.3293066,34.4877082,30.80218593,32.17465778,27.72918144,34.43477446,0.757405483,0.827400475,1.362290555,1.198598407,1.148952581,,1.728449098,1.295569304,0.868228315,1.944024809,2.507719838,1.173470023,0.73867642,1.32599843,0.808184295,1.340067263,0.973015128,0.793298618,4.133240477,0.826387481,0.92083968
9/30/2020,0.043956211,616.9130199,26.6788127,339685178,99418295721,0.341672703,40.95,55350000,23518,54.75257111,40.15095901,4.550000191,0.009636199,0.007679068,-0.002612192,0.0006614,0.008412606,,0.004319132,-0.000906409,-0.00137389,0.011758724,-0.001666667,0.003277246,-0.018193495,0.002382133,0.006227855,-0.001407084,0.002767831,-0.001694734,0.010225504,-0.004046252,0.008509235,29.73823457,31.83204419,30.57085123,27.74004915,31.31774926,,29.33447702,33.00819548,29.75745073,28.54200817,27.47850806,33.32527148,28.17625389,32.39775005,30.72688693,33.33182393,34.4889382,30.8107629,32.1768683,27.72157399,34.4373224,0.777296766,0.830454315,1.357588027,1.204696315,1.163823884,,1.720897559,1.293930546,0.872216548,1.955728877,2.499360772,1.175325654,0.727070263,1.328058908,0.795610702,1.332619398,0.976076264,0.791941588,4.123616077,0.825980852,0.926519386
10/1/2020,0.123561016,617.0509322,26.87204086,369249480,99452794797,0.37128115,40.93,55800000,23517,55.97312927,41.21446991,3.440000057,0.000688515,-0.006849362,0.002391617,0.01547619,-0.00037537,,-0.000533968,0.003084086,0.012062718,0.002620372,-0.014540728,0.008689848,0.009501674,-0.001790077,0.018669804,0.003970179,0.025587532,0.0100091,0.021552547,0.003514938,0.009831399,29.74252244,31.84080258,30.57273132,27.74945377,31.33110024,,29.34660603,33.02016813,29.76673544,28.53988074,27.4683862,33.33569046,28.18282093,32.39572413,30.73804101,33.33776002,34.4984847,30.820196,32.1901246,27.72378647,34.44991703,0.77868685,0.828345111,1.362306298,1.217449828,1.165922182,,1.732552366,1.297791611,0.882040508,1.955000788,2.51886526,1.183390985,0.736245633,1.322758492,0.815626843,1.335045028,0.996934793,0.799098495,4.179554948,0.830011363,0.934413484
10/2/2020,-0.068859762,616.9390671,26.75145303,558199964,99452769090,0.561271415,39.27,56200000,23517.5,52.26977158,38.88888931,2.670000076,0.003488138,-0.002907368,-0.001539369,-0.024334955,-0.00710182,,-0.001005049,-0.0044804,-0.002796004,-0.011694798,0.003318584,-0.006402471,-0.017465214,-0.005785768,0.000350791,-0.012838942,0.000313626,0.004095467,0.008278535,0.009760489,-0.000113236,29.73806611,31.83701952,30.56355277,27.7109022,31.32219937,,29.34312839,33.01668415,29.76320297,28.53351433,27.47243237,33.3298844,28.16405621,32.38914793,30.74500811,33.3266315,34.49343536,30.82684351,32.18132376,27.73324141,34.44879271,0.783532635,0.826483261,1.354687792,1.184276197,1.158500249,,1.723831239,1.292983053,0.88047526,1.944828568,2.535583392,1.177506532,0.720810147,1.31867614,0.806439023,1.316313014,0.99691504,0.803082696,4.15509565,0.83834347,0.93308967
10/5/2020,0.150117665,617.1357966,26.91193995,477029027,99469200696,0.479574606,41.29,56100000,23516.5,54.70647812,40.05495071,3.869999886,-0.001776148,-0.003008308,0.010058185,0.00879421,0.011760007,,-0.013584467,0.010382474,0.021856164,0.015682424,0.007692308,0.011013932,-0.003049952,0.008229902,0.015601236,0.007902393,0.019818175,0.015235433,-0.009364315,-0.000348521,0.017222534,29.7365839,31.82995848,30.56911735,27.7315126,31.3257973,,29.34148354,33.03168918,29.80987661,28.54198485,27.48181023,33.33764507,28.16605362,32.41739298,30.76749724,33.3313464,34.49818,30.84837434,32.18374308,27.73466174,34.45108806,0.766918089,0.821243856,1.363367361,1.201890453,1.166192003,,1.711697009,1.303721773,0.892539116,1.956724924,2.574592367,1.188432556,0.720506805,1.328576765,0.814994914,1.323412186,1.013862163,0.814111006,4.165515759,0.836463758,0.947177087
10/6/2020,0.130678697,617.2396868,27.03577596,504150241,99469200690,0.506840547,42.65,56100000,23514.5,55.47434998,40.29304123,3.359999895,0.010567619,0.002499555,0.008352851,0.017028986,-0.000259949,,0.008167625,-0.004616599,-0.000756152,-0.002797936,0.034079396,0.005026886,0.027471156,0.005097308,0.00186993,0.008487273,0.008659948,0.009962686,-0.013682761,0.000744048,0.004776828,29.75151696,31.83033463,30.57837669,27.7600219,31.32634305,,29.34672467,33.02667191,29.80604737,28.5416124,27.50862213,33.34834437,28.18675621,32.41657987,30.75994563,33.33845209,34.50181004,30.85257972,32.179473,27.73181905,34.44765507,0.782982642,0.81926733,1.370016101,1.225972387,1.16926653,,1.72084342,1.3000833,0.891586211,1.955759692,2.585737789,1.196024536,0.73730281,1.339150747,0.815165113,1.336505451,1.023553691,0.824728111,4.15227673,0.840223182,0.949330191
10/7/2020,0.07051918,617.319514,27.08990062,538669761,99494768687,0.541405109,41.99,55950000,23513,56.12303925,40.64102936,2.980000019,0.012306312,0.002263246,0.009195136,-0.001052417,-0.003349605,,-0.003187293,-0.003007212,-0.003066279,0.008833045,0.008689655,0.006267095,0.002437079,-0.000592716,0.009817998,0.007559883,-0.004683984,0.006120927,-0.011423695,0.024472927,0.002919078,29.77250828,31.825235,30.57944035,27.75673745,31.32422136,,29.34472393,33.03899773,29.79182876,28.54475622,27.51375535,33.355954,28.19096731,32.40978587,30.77225848,33.35886529,34.50085309,30.85533552,32.17455105,27.75371368,34.45502523,0.797440045,0.82111975,1.372993002,1.224246158,1.165173513,,1.716770495,1.296285846,0.890185073,1.962936373,2.563446946,1.20245903,0.739956929,1.335532531,0.818133822,1.358876176,1.022381459,0.83147502,4.15511508,0.862933162,0.952440205
10/8/2020,-0.056615488,617.284613,27.07803737,482539785,99787011539,0.483569733,43.34,55900000,23512,54.38637924,39.56185913,2.049999952,-0.001461126,0.003418192,0.00522437,0.003370596,-0.003396708,,0.008218521,-0.006867322,-0.010059417,-0.012348978,-0.031189084,0.001436171,-0.003338675,0.004032997,0.001806049,-0.005869596,-0.005641985,0.005058696,0.001839286,-0.006666667,-0.004180809,29.76999947,31.82336996,30.57544501,27.7582664,31.33489449,,29.34227063,33.03957378,29.79134862,28.52906726,27.48810964,33.35453105,28.18693311,32.4309081,30.76899956,33.3586381,34.50179945,30.85301295,32.17438156,27.74941472,34.45364912,0.798203124,0.824545541,1.381575104,1.228802722,1.16317522,,1.719367071,1.289111104,0.885230663,1.950294279,2.563446946,1.204405279,0.73794115,1.332946399,0.828351318,1.361633011,1.017009402,0.835107853,4.150675654,0.854872141,0.951343392
10/9/2020,-0.015729849,617.311475,27.10684611,431603617,99787511539,0.432522678,42.85,56200000,23509.5,53.81455994,39.17525864,2.809999943,0.006581115,0.002566266,0.003795338,0.001338688,0.004324108,,-0.01197479,-0.004806295,0.003143361,-0.000487329,-0.011434511,-0.000325241,-0.003496503,-0.002203195,-0.008184123,0.007303533,0.011037859,-0.000442415,-0.003560094,-0.009492346,0.000586727,29.77788415,31.82207196,30.57503986,27.75917463,31.33092426,,29.34333604,33.03683521,29.79239162,28.52892793,27.4791398,33.36799318,28.1863594,32.44522459,30.76193005,33.37348444,34.5047245,30.84948135,32.17678814,27.74011217,34.45965173,0.80054189,0.826489296,1.379973555,1.230663165,1.169177702,,1.720788384,1.285287251,0.886533227,1.950033836,2.563446946,1.20697251,0.73794115,1.330908374,0.825211352,1.38039595,1.026486631,0.836088346,4.14962937,0.846540034,0.953737145
10/12/2020,-0.147682472,617.1440977,26.94086249,465555620,99787511539,0.466546978,41.72,56150000,23507,52.80363846,39.22077942,2.49000001,-0.002699889,0.000526726,-0.007290045,-0.052342181,-0.007935239,,-0.000431917,-0.00423445,-0.008081319,-0.005460078,-0.005434783,-0.00262399,-0.003400969,-0.010996353,-0.018147966,-0.003922945,-0.001895797,-0.007407563,-0.008880077,0.008532423,-0.005556061,29.76770926,31.81506177,30.57035626,27.70248929,31.33021972,,29.32926748,33.0406559,29.76583049,28.52189295,27.47243237,33.35760684,28.18372621,32.4378773,30.73848463,33.3808264,34.51559861,30.83498212,32.17562347,27.74553306,34.45792355,0.799095839,0.827766381,1.371938926,1.16156374,1.161254169,,1.713387013,1.282248299,0.882137425,1.9449996,2.535583392,1.211155213,0.73629492,1.320329139,0.812309866,1.390094736,1.025594842,0.827535592,4.134541239,0.85661631,0.946415852
10/13/2020,-0.014966618,617.1592615,26.95321916,358231268,99787511539,0.358994089,42.45,56250000,23508,52.02956009,38.23638153,3.789999962,0.001112764,0.006528712,-0.002173296,0.028602309,0.001648069,,-0.002082647,-0.001094392,-0.005242814,-0.01032151,-0.033048866,0.002461932,0.001619265,-0.007116726,0.00844691,-0.002019328,0.002682989,0.001579069,-0.003699532,-0.005033557,0.002184033,29.76727484,31.81553144,30.57056363,27.74319233,31.32728589,,29.32394462,33.03944527,29.75912318,28.510269,27.44546604,33.34599455,28.19228466,32.44582641,30.7449223,33.39799203,34.52426116,30.82836362,32.17439857,27.74228405,34.46083788,0.800951896,0.834025578,1.365789761,1.200584083,1.161148323,,1.712934056,1.282406644,0.880373711,1.933439358,2.52443797,1.210032947,0.740588546,1.309314852,0.817013603,1.393878781,1.030420121,0.827282562,4.130130513,0.850570545,0.947895314
10/14/2020,-0.041285677,617.2121475,26.81650579,494030916,1.00149E+11,0.493294794,43.32,56050000,23509,52.52249908,38.87257004,3.450000048,-0.002822582,-0.000498785,-0.001312238,0,-0.005211115,,-0.010215308,-0.00053416,0.009714598,-0.014417416,-0.005518764,-0.0002336,0.00573945,0.001061606,0.003607297,-0.004935316,0.012198397,-0.004428335,-0.005410275,-0.017236683,-0.00083245,29.76313376,31.81793233,30.57363926,27.74319233,31.33131119,,29.31885111,33.03950382,29.76240753,28.50418427,27.43852809,33.36018482,28.20656197,32.43673777,30.76345547,33.41681363,34.55005291,30.8328775,32.17044116,27.71480736,34.46753123,0.797400928,0.83348959,1.367621202,1.200584083,1.1580339,,1.695992976,1.281972295,0.886695887,1.858426262,2.496574417,1.209962014,0.748097159,1.31135358,0.819084796,1.391102406,1.0447754,0.824981397,4.094321643,0.845184603,0.950851255
10/15/2020,-0.052197929,617.2473079,26.69548182,506703679,1.00149E+11,0.505948674,43.16,55950000,23506.5,51.63972092,38.52758026,2.910000086,-0.012672409,0.002706567,-0.006902886,-0.005624355,0.002287109,,0.004345038,0.001211199,-0.002730959,-0.01592321,0.012436224,0.001306371,0.002050242,-0.003095073,-0.018769883,-0.010105336,0.007039597,-0.008613416,-0.00196438,0.005927366,-0.005105734,29.75149758,31.82340572,30.58241512,27.73916417,31.33530995,,29.31850617,33.03615968,29.76181212,28.49815514,27.44893609,33.36715139,28.2119199,32.42935089,30.7607566,33.42012134,34.55255019,30.82699177,32.17761769,27.73269395,34.47279247,0.78136931,0.835887325,1.370907337,1.190554923,1.160995503,,1.6952959,1.281663092,0.884154421,1.783451438,2.507719838,1.214554506,0.750908047,1.309197187,0.799213312,1.385483491,1.049675186,0.819330504,4.091482718,0.837335842,0.946301937
10/16/2020,-0.060695613,617.2572345,26.60559731,444723248,1.00144E+11,0.444085205,42.93,56075000,23511,50.03873825,37.67398834,2.589999914,-0.000126749,-0.013437544,-0.010458803,0.004830918,0.005415026,,-0.005990707,-0.00109016,-3.86585E-05,-0.001789538,-0.005555556,0.000723864,0.000865338,-0.001082445,-0.004245366,-0.007075423,-0.000214812,0.002986181,-0.004486013,-0.013452915,-0.006472251,29.76008621,31.82515627,30.56568921,27.7420699,31.36848931,,29.33555316,33.04186848,29.7642557,28.49792406,27.44202226,33.36782277,28.21099246,32.44330279,30.75249068,33.41506259,34.55557289,30.81515722,32.16952801,27.71413309,34.47005742,0.787814546,0.824685761,1.360730924,1.19447908,1.177329769,,1.696061383,1.278524964,0.885112393,1.758295873,2.479856284,1.221041336,0.751176839,1.305312466,0.799412064,1.373599849,1.048598673,0.817875339,4.074059175,0.830476818,0.941153771
10/19/2020,0.058889446,617.3966943,26.70045317,401776775,1.00492E+11,0.399810276,42.62,56150000,23508.5,52.15143967,39.18471909,3.200000048,-0.002920971,-0.00068833,-0.00621721,0.023188406,0.003817929,,0.003789052,2.03437E-05,0.009907667,-0.007573909,0.005617978,0.001137218,-0.00403575,-0.001231945,-0.006390431,0.006775439,0.008958218,0.005332851,0.008033715,0.009798606,0.001570568,29.74920016,31.81426324,30.56952771,27.75673745,31.37088721,,29.33560056,33.02842271,29.76174458,28.49363708,27.44893609,33.36360354,28.21597691,32.46891907,30.74660876,33.53019851,34.55944867,30.82347951,32.16885161,27.7236793,34.46697162,0.761677939,0.824817099,1.354149146,1.224246158,1.181416979,,1.697943866,1.276972582,0.890850267,1.750108232,2.507719838,1.227282894,0.751169759,1.304923823,0.797072923,1.389738821,1.053963937,0.824804537,4.103601646,0.838808925,0.939183802
10/20/2020,0.073667904,617.410044,26.7085926,448131944,1.0049E+11,0.445945765,43.16,56150000,23506,51.43637085,38.75968933,2.160000086,0.005559133,-0.00406097,0.005671208,0.00472561,0.004421842,,0.006071373,0.003084649,-0.000196659,0.001828184,0.037222222,0.005300926,-0.0046836,0.004368331,0.003400947,0.001197659,-3.76993E-07,0.004787753,-0.005209848,0.004280822,-0.004101301,29.74927592,31.80657701,30.56801862,27.75917463,31.3694797,,29.34220459,33.01757221,29.76697594,28.49597584,27.47812198,33.36439658,28.20203861,32.46747923,30.74665001,33.52721837,34.56530369,30.82664278,32.16293858,27.72643833,34.4675614,0.761786857,0.822024842,1.352203681,1.230663165,1.182165404,,1.709683341,1.278121319,0.889072198,1.751686739,2.521651615,1.226589862,0.744170545,1.306278489,0.798630133,1.390047366,1.054211585,0.83092571,4.076298661,0.843847063,0.938534028
10/21/2020,-0.068615933,617.2869247,26.70004547,420955671,1.0049E+11,0.41890207,41.73,56200000,23503,48.29951859,36.82170868,3.140000105,0.007021313,0.009455516,-0.003478344,0.008350731,0.002336931,,0.008058075,-0.002739807,-0.01911561,0.010714756,-0.038170938,-0.002550711,-0.006979027,-0.003378333,-0.014099686,-5.99425E-05,-0.002199725,0.002722471,-0.011638147,-0.011415525,-0.001449932,29.74932402,31.80321641,30.57039208,27.77343699,31.3630845,,29.35057915,33.01080681,29.74949194,28.50310512,27.44586493,33.35913952,28.18286708,32.44749325,30.73379948,33.52783435,34.55560302,30.82658169,32.15613748,27.71089729,34.46726956,0.778873964,0.827090152,1.346552883,1.242960322,1.18186382,,1.732379185,1.276041204,0.87474731,1.760679942,2.502147127,1.218329513,0.736909618,1.304347246,0.78996091,1.388409846,1.050083059,0.835638195,4.075642135,0.83813121,0.93925783
10/22/2020,0.067301639,617.4190635,26.79769265,365781576,1.00494E+11,0.363982151,42.46,56200000,23500,50.26752853,38.45299911,3.349999905,-0.005057311,-0.006588554,0.01940397,0.003748812,-0.001381624,,0.010578035,0.002940385,0.00416424,0.007121463,0.001113586,0.000765418,0.007869311,0.009202536,0.005537623,-0.001678185,0.007195794,-0.002464861,0.007554175,-0.005942275,0.0032191,29.74059999,31.81199757,30.56870424,27.80022133,31.3818592,,29.35437515,33.02433629,29.75109912,28.50674789,27.44724621,33.36381074,28.20025171,32.45458927,30.73495457,33.53224659,34.56761946,30.82232033,32.16546553,27.70697188,34.4836464,0.760946894,0.823057743,1.35921128,1.250825854,1.187556103,,1.761785566,1.279035264,0.876669088,1.766417162,2.507719838,1.218441669,0.746535124,1.314199988,0.798944541,1.382165345,1.060423118,0.830733173,4.096564834,0.831077817,0.945382247
10/23/2020,0.041252093,617.5010835,26.83220208,457948963,1.00494E+11,0.45569613,41.77,56100000,23503,48.19678116,36.98781967,3.769999981,-0.007416643,0.02066527,0.011069627,-0.023174603,0.004000847,,0.005755686,-0.001725265,0.005775275,-0.010790197,0,0.000852996,0.016408027,0.010612839,0.006216978,0.00601518,0.001991849,0.000471019,0.001136013,-0.01254135,0.005928543,29.74010455,31.81475675,30.57167377,27.75738162,31.38130843,,29.35876179,33.02323927,29.7539476,28.49998844,27.44724621,33.37820277,28.24027868,32.46072431,30.75428448,33.55472815,34.57144726,30.82789314,32.16984932,27.69055191,34.50471505,0.750267959,0.830618573,1.363920022,1.213422,1.194558891,,1.78276972,1.276601353,0.885413846,1.754575852,2.507719838,1.227869378,0.76943087,1.319298237,0.789325975,1.394990751,1.062880881,0.830035519,4.102630769,0.824354335,0.951517311
10/26/2020,-0.098125394,617.3692983,26.74297714,420322193,1.00494E+11,0.418254461,40.46,56100000,23501,44.90031815,35.88169861,4.03000021,-0.005119564,-0.000334479,-0.011205446,0.009487254,-0.008314477,,-0.01540343,-0.006389168,-0.008889784,0.010232883,-0.001111111,-0.003517794,-0.001118714,-0.005114024,-0.011712419,-0.003122536,-0.023237075,-0.005792253,-0.006514881,0.011101137,-0.012049516,29.73083589,31.82345657,30.56331747,27.74922092,31.36239748,,29.3518703,33.00452095,29.7252742,28.50773458,27.44586493,33.37352074,28.24178591,32.45744979,30.73340596,33.56197874,34.54316074,30.82309274,32.16392658,27.70584749,34.50063634,0.7549438,0.833018962,1.355300168,1.213147355,1.178949907,,1.767048411,1.27058262,0.876592532,1.765835576,2.502147127,1.231036518,0.770438759,1.315897861,0.787783751,1.399491532,1.035832173,0.825847225,4.08673877,0.829062561,0.943281531
10/27/2020,-0.068705213,617.3004173,26.64523582,447302779,1.00513E+11,0.445019641,41.2,56125000,23504,42.86449814,34.32641983,2.890000105,-0.006188529,-0.003433606,-0.014624986,0.013446568,-0.012867366,,4.97596E-05,-0.002082544,0.000602511,-0.00135413,0.032368557,-0.009945268,-0.005804579,-0.00518319,-0.009440406,-0.014710671,-0.01313062,-0.003670092,0.00709594,-0.011069932,-0.008762629,29.72253342,31.8126033,30.55528588,27.77193243,31.34947168,,29.34807515,33.00448333,29.71372336,28.50533101,27.46960336,33.3748351,28.23714187,32.44718425,30.72812392,33.55537948,34.53717792,30.81776255,32.16146994,27.69203414,34.49626516,0.75309825,0.829688089,1.33030701,1.232617854,1.163902798,,1.756495463,1.268333991,0.872242732,1.764218797,2.496574417,1.229626202,0.767868479,1.313778823,0.783334508,1.386199813,1.024238807,0.823297314,4.089981672,0.822474623,0.936956183
10/28/2020,-0.308614512,616.9557062,26.16348539,453943360,1.00513E+11,0.451626327,39.12,56175000,23505.5,39.20812988,33.40171814,2.900000095,-0.024902052,-0.011338886,0.000355464,-0.021494772,-0.034090546,,-0.006664964,-0.010353284,-0.010705571,-0.039573417,0.026846421,-0.018100388,-0.00978164,-0.020800025,-0.02535578,-0.01851486,-0.024900293,-0.019903598,-0.024657749,0.001511933,-0.016190504,29.69362941,31.77987573,30.55114281,27.75678185,31.32285644,,29.33550185,32.9970721,29.69415848,28.48438556,27.48831382,33.35691628,28.22831429,32.41465493,30.70394418,33.53440082,34.50675247,30.79336666,32.14761698,27.70270797,34.46331358,0.734972824,0.811611308,1.316720032,1.212909618,1.130790297,,1.742465444,1.259469367,0.851698859,1.675054302,2.468710863,1.215162423,0.761562903,1.291345388,0.775883353,1.356354753,0.995257296,0.808623958,4.020130047,0.814454523,0.920307836
10/29/2020,0.033103791,616.9832244,26.17221233,431207509,1.00513E+11,0.429006525,37.65,56050000,23509.5,39.68238068,33.81695938,3.410000086,0.002016176,-0.012592461,-0.000594176,0.01854849,0.00707782,,0.001009635,-0.001248175,0.012824958,-0.010839347,0.002257336,0.004086412,0.010976105,0.008512344,-0.004359546,0.002315906,0.009634098,-0.000420916,-0.009337383,-0.007490637,0.000727151,29.70524195,31.79263465,30.55542509,27.76411527,31.32679285,,29.33374639,32.98759391,29.69990404,28.48405836,27.4909599,33.35983338,28.26163767,32.42703469,30.67380202,33.52573511,34.50137005,30.79538918,32.1348844,27.69793526,34.4651302,0.734626201,0.806422575,1.327028678,1.236528117,1.139100821,,1.745991715,1.256595815,0.861874462,1.672909121,2.479856284,1.217202815,0.779928244,1.299453463,0.762427334,1.348772357,1.001885796,0.806544068,3.969354911,0.805952206,0.91975735
10/30/2020,0.049812101,617.1081979,26.27327883,302561877,1.00513E+11,0.30101753,37.46,56100000,23511,41.74409866,35.06324005,2.849999905,0.007166067,-0.002425234,-0.013722416,-0.006480167,0.006347527,,-0.001529827,0.002908211,0.00584984,-0.015491033,0.035928567,0.008418295,0.002318679,0.004728855,0.00195322,0.001697271,0.00506027,-0.004384739,-0.000980851,0.008555133,0.003894434,29.70920977,31.8076725,30.55728692,27.76030231,31.33741314,,29.33537482,32.98594461,29.70656818,28.47768909,27.52167202,33.36270489,28.26642227,32.4452705,30.68102975,33.53248353,34.49871447,30.80324502,32.13197343,27.70330296,34.48391766,0.751405066,0.811035734,1.317074462,1.231572102,1.148412931,,1.746234126,1.257914697,0.86351325,1.666075079,2.502147127,1.22744131,0.789271291,1.308888202,0.766905363,1.359937376,1.005700588,0.801402531,3.97970604,0.815517312,0.923124244
11/2/2020,0.081690637,617.177198,26.3206356,291264333,1.00523E+11,0.289748825,38.97,56350000,23511,43.92015839,36.21520996,2.079999924,0.001356966,0.004176601,0.008213122,0.007244945,0.012728592,,0.015770048,0.000460941,-0.006364269,-0.022987908,-0.006658872,0.009504355,0.00229181,0.016827425,0.005211492,-0.003068323,0.012670657,0.007099332,0.007333888,-4.32676E-05,0.009923104,29.71343078,31.79585764,30.56007955,27.76453839,31.3422688,,29.35106827,32.97981126,29.70148281,28.45232339,27.51566267,33.3702248,28.27305196,32.47236035,30.68532336,33.53226755,34.51883395,30.80325911,32.15170631,27.70663606,34.48701102,0.741334658,0.807088665,1.32498857,1.241709993,1.158129217,,1.772574287,1.255009799,0.862844169,1.59283558,2.496574417,1.242941592,0.792877288,1.324791892,0.766817856,1.361651004,1.02102969,0.806243687,4.007766585,0.812489706,0.93093694
11/3/2020,0.051007839,617.2897422,26.38089021,309566384,1.00637E+11,0.307605733,39.71,56450000,23509.5,45.17898178,36.59793854,2.950000048,0.009116742,0.000955027,0.009585674,0.018432807,0.010529328,,0.003257465,0.007071886,0.00464521,-0.007030922,-0.031775701,-0.00112943,0.003679871,-0.003529438,0.005896045,0.007998473,0.003432145,0.007548578,0.007810209,-0.01146789,0.00598176,29.73358122,31.79501051,30.56496463,27.77132877,31.36051655,,29.35287732,32.99374753,29.71555735,28.47228453,27.48844474,33.37163914,28.27689516,32.49969725,30.6813691,33.53314055,34.52325423,30.82289498,32.15977423,27.69078174,34.48198263,0.747104649,0.810400443,1.336372667,1.254244887,1.167040486,,1.772255282,1.263293616,0.869891698,1.544210014,2.496574417,1.247640075,0.795105847,1.320984515,0.767708823,1.363190757,1.02531442,0.813285503,4.041919229,0.806773852,0.937579031
11/4/2020,0.109544744,617.3928244,26.53592425,348902207,1.00641E+11,0.346679149,41.23,56100000,23505.5,47.73101044,38.40206146,3.50999999,0.011365841,-0.000497755,0.010943677,-0.008585217,0.008936401,,0.005416634,0.005773923,0.011967171,-0.0019361,-0.033814068,0.009866371,0.006134472,0.004855503,0.010978022,0.017901924,0.011513926,0.005538318,0.001173136,0.022092302,0.009920263,29.74445432,31.80418088,30.56242612,27.76710152,31.36493876,,29.36254047,33.00873754,29.7404223,28.46964628,27.46099272,33.37510423,28.27854804,32.50036579,30.68816143,33.5372025,34.53057392,30.83595501,32.16313586,27.71643661,34.48190009,0.756977617,0.811764057,1.348836827,1.241923256,1.177283949,,1.803922527,1.274175662,0.878442787,1.542332792,2.502147127,1.252842938,0.796808088,1.328322961,0.774011145,1.373256984,1.035500313,0.817553959,4.054168237,0.821152785,0.944500235
11/5/2020,-0.076319183,617.3196987,26.42641489,299198267,1.00641E+11,0.29729191,40.93,56300000,23510.5,47.49158096,37.75247955,3.880000114,-0.003910512,-0.007282148,-0.008904213,-0.015179361,-0.012688933,,0.002477192,-0.001202702,-0.01657619,-0.014412376,0.034334764,-0.000385484,-0.010846561,-0.004325575,-0.01078327,0.00259646,-0.006597285,-0.003096415,0.00416458,0,-0.003701154,29.73745381,31.80192583,30.56275134,27.75771882,31.34837503,,29.35889332,33.00404381,29.71991656,28.46508544,27.48733417,33.36870687,28.26954811,32.48061255,30.68837281,33.55321224,34.52136743,30.83018125,32.16354625,27.71643661,34.48421642,0.753627032,0.808265003,1.343382377,1.23295274,1.16546513,,1.804707756,1.273280713,0.854107616,1.489420075,2.502147127,1.254056771,0.78687216,1.32662424,0.77053896,1.389790938,1.029932013,0.814179155,4.065140924,0.821152785,0.940771371
11/6/2020,0.001041397,617.3485942,26.40907081,258984425,1.00703E+11,0.257175263,39.45,56500000,23503,47.50640869,37.3301506,3.269999981,0.008058315,0.005220073,-0.002264377,-0.013271444,-0.001285667,,0.002849812,0.001603976,-0.002586775,-0.02040058,0.000556793,0.001182593,-0.000955291,0.006560407,0.000758813,-0.000369847,-0.002257902,0.001788781,0.002516497,0.01119403,0.00214319,29.75618394,31.79503839,30.56459927,27.72918418,31.35482356,,29.36102576,32.99917652,29.75335173,28.45908874,27.487997,33.37202802,28.25846541,32.49380506,30.67823716,33.55894495,34.52001314,30.83531714,32.16134602,27.72345654,34.48651163,0.759487274,0.809272206,1.341312471,1.213238287,1.166589984,,1.810854369,1.273859975,0.867278133,1.43514578,2.504933483,1.256308203,0.783872847,1.334354827,0.768842703,1.391801361,1.028452099,0.816643243,4.070587089,0.83390626,0.942330213
11/9/2020,0.158745321,617.6308976,26.69015495,390936462,1.00718E+11,0.388149801,42.4,56750000,23500,49.37466812,39.20265961,3.349999905,0.008891547,-0.000758623,0.021179501,0.026277354,0.021079392,,-0.012608307,0.009250142,0.018996722,-0.012928541,-0.018628463,0.008350601,0.011022175,0.01868347,0.006647777,0.016584647,0.016079969,0.011853364,0.002320814,-0.002272727,0.008724507,29.77540774,31.79845524,30.57527152,27.76918765,31.37497527,,29.36296019,33.01005067,29.7810511,28.45079498,27.47260258,33.3853623,28.29599503,32.50998365,30.69759953,33.57970445,34.53237355,30.86060546,32.17645542,27.72035836,34.50170289,0.768109237,0.80932087,1.369163037,1.253959522,1.199914837,,1.803599797,1.28546916,0.878754349,1.42321954,2.502147127,1.263005872,0.804309621,1.359652109,0.775582347,1.422303486,1.043905008,0.826245489,4.117595972,0.832763089,0.95113448
11/10/2020,0.083832573,617.7634671,26.96422597,443763281,1.0072E+11,0.440591313,43.61,56100000,23501,50.4251709,39.65390015,3.380000114,-0.001511349,0.000550673,0.003426592,0.023158807,0.001147548,,0.000826072,0.000538769,0.009089134,0.024659919,-0.029022829,-0.003223868,0.009884856,0.001895586,-0.002246692,-0.003005439,0.004060068,-0.000590329,0.040816658,0.003191348,0.000187045,29.77555541,31.80469765,30.57948412,27.80941853,31.36947045,,29.36336346,33.01515905,29.79507422,28.47157002,27.45031313,33.3783907,28.31487145,32.52367113,30.6933996,33.57132265,34.53006593,30.86177222,32.23598879,27.72076382,34.49911481,0.765875763,0.811248978,1.392554843,1.294444908,1.200753739,,1.801595916,1.286118255,0.884547403,1.445412191,2.513292549,1.26086897,0.815821965,1.362868473,0.775778244,1.410921814,1.044659332,0.824583454,4.283289003,0.837996656,0.951593512
11/11/2020,-0.009945471,617.8420976,26.96247562,387879386,1.0072E+11,0.385106289,43.8,56180000,23504,49.93286133,39.32252884,1.210000038,0.014535142,-0.003540204,0.001403187,0.01053251,-0.00352546,,-0.00268445,0.000909544,0.010855215,-0.018097616,-0.007785169,0.004777396,0.002700343,-0.001666745,-0.009996354,-0.000816605,0.002306872,-0.003577723,-0.005882595,7.45206E-05,-0.000467279,29.78795962,31.80506908,30.58046286,27.84015163,31.36870564,,29.36231837,33.02222173,29.81747665,28.46017222,27.44600152,33.37931834,28.32694744,32.53807111,30.68667049,33.57145838,34.52918086,30.86704571,32.2316994,27.72403932,34.49712725,0.7734318,0.812031694,1.388808332,1.311707193,1.195581026,,1.798364166,1.289750765,0.894544749,1.428790506,2.530010681,1.262917073,0.824579431,1.360343312,0.766913912,1.412170173,1.045629358,0.82379146,4.257762545,0.83496905,0.950378393
11/12/2020,0.064609239,617.9250631,27.02950551,349972669,1.00726E+11,0.347449056,43.53,56100000,23504,49.97158813,39.64562988,1.429999948,0.015803489,-0.007140098,0.01423322,-0.012578493,-0.002097327,,0.004792184,-0.001795452,0.0030603,0.014366545,-0.003479175,0.001448701,0.00127551,0.011720622,-0.000270557,-0.002876772,0.009235603,0.010323907,-0.000788104,0.003191754,0.006183382,29.81410191,31.80030722,30.58482588,27.82438632,31.37635823,,29.3608288,33.0246041,29.8112179,28.4720975,27.444531,33.38633568,28.33020701,32.55960422,30.6864751,33.56308072,34.54260547,30.88727742,32.22410391,27.72444329,34.50767143,0.786009998,0.810256279,1.404838167,1.291770856,1.19460818,,1.795728517,1.288130485,0.897605222,1.443827101,2.541156103,1.264310388,0.82659521,1.373841185,0.767324831,1.403365558,1.055304287,0.831446515,4.255337794,0.840202617,0.957846217
11/13/2020,0.077415517,617.9538694,27.03492828,448428158,1.00752E+11,0.445080075,42.78,56100000,23506.5,53.22703934,41.6053009,2.400000095,0.005997812,0.002325439,-0.004357494,-0.016666667,0.014809333,,0.005034647,0.008014465,0.000776605,-0.022216518,0.038868724,0.000745087,0.009668788,0.001671637,0.008397124,0.008726444,0.006511773,0.002450179,0.00048615,-0.004985808,0.011157795,29.8231019,31.8041316,30.57651251,27.78601538,31.38259232,,29.36180016,33.02900873,29.81576675,28.46059987,27.47503585,33.39483528,28.33281585,32.56108542,30.68310635,33.55716764,34.55675071,30.89035068,32.22816693,27.7195941,34.51543134,0.789131004,0.811638933,1.397483389,1.26278945,1.210718407,,1.804519668,1.29823945,0.901601985,1.393994679,2.563446946,1.264132848,0.832162043,1.371665545,0.759011999,1.404500179,1.062466039,0.833904721,4.272213606,0.835871077,0.965436308
11/16/2020,-0.063743192,617.8184874,26.91876565,501124887,1.00752E+11,0.497383356,43.82,56150000,23502.5,54.27827072,42.36008835,3.339999914,-0.007452892,-0.006459681,0.000832129,0.031432347,-0.012200468,,0.000309707,-0.005120188,-0.003294637,-0.017244868,-0.029055633,0.002133122,-0.01069466,-0.006759479,0.004023098,-0.012450647,-0.000499503,0.01092769,-0.005721446,0.008384856,-0.004832038,29.81730204,31.79139211,30.57248309,27.80634949,31.37306128,,29.3641797,33.01944916,29.80696049,28.44145784,27.45151448,33.38950442,28.3138972,32.54843104,30.6949086,33.53423865,34.54607015,30.90535394,32.21578988,27.73783242,34.48831146,0.781309517,0.8032796,1.386755486,1.292940673,1.198223435,,1.813776826,1.290481344,0.90422201,1.378334618,2.552301524,1.26314584,0.81982004,1.358857294,0.76203702,1.372849412,1.057458143,0.846130032,4.245087194,0.833325757,0.958429889
11/17/2020,0.161301181,618.0967135,27.07082781,409678364,1.00752E+11,0.406619597,43.75,56050000,23497,61.46195984,45.69218826,2.640000105,0.010747329,0.004252483,0.001920934,0.008558071,0.010267225,,-0.003494402,0.004963908,0.012401127,0.010111343,0.034090909,0.010617276,0.01093863,0.009907828,0.005899781,0.010311328,0.018368455,0.012169126,0.000837741,-0.01898729,0.007419381,29.83270723,31.79651349,30.5774741,27.81830287,31.38636916,,29.36163922,33.0507605,29.84121764,28.44992512,27.47646222,33.40467308,28.33339527,32.58547772,30.70339204,33.54149554,34.56509217,30.92154864,32.22871435,27.71059636,34.51095676,0.789217782,0.806572123,1.386898312,1.304473393,1.218718066,,1.805610137,1.295777573,0.910946179,1.38830051,2.552301524,1.273995212,0.835218436,1.373143009,0.76114368,1.383781014,1.075754731,0.857219425,4.261120762,0.82410001,0.966535928
11/18/2020,0.080962781,618.2706405,27.19397201,469215756,1.00739E+11,0.465775791,44.34,56050000,23492,62.01399994,45.76583099,3.529999971,0.001584011,0.00606534,0.002525379,0.022849462,0.000904619,,0.00162682,0.004374361,0.003571912,6.41516E-05,-0.030851064,0.011366973,0.012022565,-0.003231348,0.009265342,0.004580096,0.00566738,-0.001003892,0.005748095,0.017974051,0.005858527,29.83709894,31.79617679,30.57741668,27.85734134,31.3874738,,29.36064317,33.0871782,29.85998434,28.45886725,27.45235618,33.41971151,28.34469015,32.61622644,30.7056172,33.54631593,34.56630672,30.92555627,32.23372415,27.73344823,34.5045072,0.789589947,0.807079891,1.384614624,1.340630143,1.221839531,,1.810377332,1.304977358,0.918006511,1.387500359,2.552301524,1.284595725,0.845723603,1.370358881,0.769070966,1.389801635,1.080088339,0.855754995,4.27573158,0.834227784,0.971701279
11/19/2020,0.078817382,618.3882579,27.22980634,490828328,1.0074E+11,0.487222578,44.2,55875000,23492,62.7371788,46.3270607,3.190000057,0.002447031,0.005791511,-0.009252939,-0.037234443,0.025486714,,0.002719994,0.012321033,0.005676551,-0.00888512,0.002351741,0.012968802,0.021243497,0.006953608,0.008700892,0.005657095,0.000864819,0.014524659,-0.001210573,0.003676471,0.004016041,29.84224629,31.83803887,30.58296101,27.80731639,31.40908798,,29.35991941,33.10863567,29.87063733,28.45880829,27.45297477,33.44734421,28.3573147,32.62578914,30.70092533,33.54711544,34.5807082,30.92677566,32.23180457,27.73575417,34.50410046,0.789280343,0.817607904,1.388423351,1.28848517,1.257744554,,1.809601416,1.320107113,0.922119984,1.356151581,2.541156103,1.296661412,0.859859121,1.377027747,0.778519848,1.393799741,1.085302938,0.863844052,4.271343084,0.838478943,0.974291935
11/20/2020,0.104382278,618.5101704,27.40071624,494676763,1.0074E+11,0.491040891,44.96,55925000,23499.5,61.88806915,45.76240158,3.269999981,0.01746444,0.00200452,0.006413227,-0.016847152,0.037178113,,0.00040496,-0.000209823,-0.001729703,-0.005208333,0.001096491,0.005850386,-0.004875087,0.00329462,0.027068094,0.002750604,0.000958616,0.007106549,0.012375409,0.000407325,0.00887902,29.86932665,31.83609274,30.62361131,27.77137945,31.41642017,,29.36455271,33.10631384,29.86624274,28.45484546,27.45434628,33.44962498,28.34572223,32.6189004,30.75182124,33.55438842,34.59144634,30.92579299,32.26233613,27.7376563,34.50934999,0.8016377,0.818337669,1.406616359,1.261493775,1.300460108,,1.822807958,1.319935791,0.922065491,1.350559991,2.546728813,1.30615124,0.855133925,1.377612651,0.794717247,1.400382316,1.088448566,0.865695916,4.34239492,0.837496534,0.982039268
11/23/2020,0.0694273,618.645609,27.56824127,478346560,1.0074E+11,0.474830715,46.06,55845000,23497.5,61.64656067,45.44781876,3.569999933,0.00833862,0.004795718,0.009400094,0.033162797,0.005742292,,0.011515114,0.005398678,-0.002273759,-0.004077145,-0.022530917,0.006643414,0.005204626,0.002727249,0.004307098,0.004630883,0.006459356,0.001769964,0.00311295,-0.017387057,0.002487325,29.88773441,31.83808437,30.65955801,27.81826952,31.42918894,,29.38024337,33.1233496,29.86341416,28.44230061,27.4384896,33.46227603,28.35737047,32.60556261,30.77505589,33.55682684,34.58858841,30.92462854,32.2613518,27.71490149,34.51841435,0.810502334,0.822148375,1.41797979,1.31701311,1.316412546,,1.833973203,1.325788333,0.923104641,1.348142429,2.557874235,1.309165537,0.861260559,1.382534784,0.803944657,1.399945496,1.094852778,0.865542344,4.366602679,0.82736876,0.984084686
11/24/2020,-0.017745397,618.6609222,27.46586432,536660800,1.0073E+11,0.532769231,47.86,55225000,23469,58.95550156,43.61584091,3.75999999,-0.003497216,0.000566538,-0.001656546,-0.022645006,-0.000582777,,-0.010405902,0.003966871,-0.005952582,0.008105427,0.030188198,0.004350664,0.000748277,-0.00825694,0.000118717,-0.003687564,0.000310697,0.003766965,-0.002844728,-0.007791419,-0.002547069,29.88567668,31.82875804,30.66658494,27.79060386,31.42417196,,29.37966584,33.12007172,29.87466566,28.45508741,27.45974619,33.46141441,28.37752661,32.60019206,30.7839551,33.54945829,34.58984798,30.92996087,32.25357621,27.70156494,34.52839345,0.808262323,0.821934957,1.40661268,1.273597096,1.312925584,,1.819834996,1.329820249,0.914693189,1.356448492,2.55508788,1.313562301,0.872078194,1.373577344,0.807234212,1.389683664,1.095156779,0.870031918,4.335979024,0.825904065,0.983439377
11/25/2020,0.070159586,618.7654704,27.54575083,461201988,1.0073E+11,0.457857605,48.61,54525000,23467.5,60.21670151,44.37453842,2.930000067,0.003778428,0.00982211,0.001537888,0.013888889,-0.010703722,,0.003854066,7.49569E-05,-0.001368923,0.002556237,0.001635769,-0.001926373,0.004152133,0.00423075,0.024086379,0.004196701,0.00545758,-0.005014753,0.001907083,0.007564854,0.000429533,29.88289254,31.83271273,30.64347839,27.81439427,31.41526025,,29.37586978,33.12200636,29.88529072,28.45707031,27.46178888,33.45294342,28.38966088,32.61581288,30.83381342,33.55486139,34.59882016,30.92327086,32.2597679,27.71295554,34.5327997,0.811899341,0.830137712,1.404819376,1.294865773,1.292054396,,1.825481809,1.330344519,0.912742671,1.359244287,2.563446946,1.316902832,0.87674738,1.379529289,0.829586736,1.39166541,1.100812015,0.868243118,4.345295915,0.828351169,0.98358014
11/26/2020,-0.007584175,618.8733578,27.61946801,486256056,1.0073E+11,0.482729995,47.8,54750000,23467,60.38676834,44.42193985,2.869999886,0.002074043,-0.002331547,-0.002559149,0.002592593,-0.007213061,,-0.001968376,-0.001642501,-0.001024083,-0.000770669,-0.02471192,0.003704732,-0.001450973,0.005037116,0.011411361,-0.000484462,0.007024715,0.002143233,-0.002892561,0,0.005477335,29.8889062,31.84989171,30.64413421,27.82788647,31.42053068,,29.37033953,33.12566551,29.8852359,28.45854802,27.44756811,33.457229,28.38252112,32.62975777,30.8785443,33.55464147,34.60931733,30.93114684,32.26358384,27.71295554,34.53495423,0.813737699,0.829807355,1.402483274,1.304931043,1.279802112,,1.819178099,1.329489175,0.913926568,1.361036579,2.608028632,1.321501644,0.871561716,1.385801117,0.844620459,1.396703747,1.108610152,0.870273805,4.339279423,0.828351169,0.990344239
11/27/2020,0.080255853,618.9216139,27.66366881,421933291,1.0073E+11,0.418873663,48.18,54650000,23466,59.69741821,43.57326126,2.529999971,0.009565466,0.014299796,0.002591769,-0.026271476,0.011767811,,0.003335789,0.004050918,0.011910815,-0.023187977,0.025593854,0.005419346,0.004588594,0.003871065,-0.002403179,0.002172398,0.008267534,0.013108931,7.73252E-05,0.006912442,0.004584632,29.89650115,31.849931,30.64359307,27.80616747,31.42857219,,29.37163315,33.12984021,29.88877152,28.4432857,27.46584304,33.46854246,28.388447,32.62173937,30.88785459,33.55506612,34.61400654,30.94247507,32.25859106,27.72228997,34.53846324,0.820349542,0.84405119,1.407940461,1.265180705,1.289713312,,1.817670855,1.334996577,0.918138,1.340936737,2.610814987,1.332073115,0.87941076,1.393752175,0.847451168,1.400916257,1.116485978,0.880334583,4.335454505,0.831780681,0.996217224
11/30/2020,-0.000521497,618.8301583,27.612072,503094501,1.00915E+11,0.498531093,47.59,53475000,23462.5,58.76147842,43.22438049,3.829999924,-0.004300465,-0.00876451,0.013373546,0.006950445,-0.009725942,,0.008767203,-0.005296795,-0.004808153,0.022762206,0,-0.001791986,-0.008947788,-0.006814979,-0.001383163,-0.006032603,0.001599716,0.0050157,-0.002622529,0,0.001498601,29.88821005,31.8402226,30.66079893,27.80332357,31.41397896,,29.36411204,33.12747783,29.8775648,28.46042489,27.46584304,33.46104192,28.37708225,32.60697725,30.88630854,33.53918921,34.61073277,30.93876718,32.2503553,27.72228997,34.5354572,0.816772548,0.834827703,1.42349443,1.274864574,1.269094461,,1.810499796,1.326886753,0.922244173,1.359796863,2.610814987,1.331281991,0.868684265,1.37896927,0.841574737,1.392199507,1.114820307,0.88258084,4.323517772,0.831780681,0.997366344
12/1/2020,0.056867067,618.8407666,27.68545713,576925589,1.00915E+11,0.571692483,47.42,54000000,23461,59.12910843,43.46308899,2.75999999,-0.006619172,-0.005238384,-0.004900002,0.001295165,0.005746389,,0.008921132,0.004867535,0.009905971,-0.004605768,-0.019713544,0.001747488,0.001456221,0.001049096,0.012643399,0.010353453,0.015785621,0.02296696,0.002875392,-0.003663004,0.001993117,29.8810689,31.83629173,30.65352159,27.77836203,31.41098292,,29.38303622,33.12793016,29.88776647,28.45045661,27.44987796,33.46662343,28.3796468,32.60964537,30.88438354,33.55212213,34.61753776,30.96044977,32.25083602,27.71995273,34.54027443,0.813579509,0.831532997,1.423060593,1.259107512,1.273468262,,1.830838552,1.333287977,0.925376564,1.353590194,2.59688321,1.335696742,0.872011275,1.379621106,0.855719294,1.411376987,1.12847653,0.902979592,4.330968437,0.827529522,1.000352279
12/2/2020,0.076866364,618.9195057,27.74066922,665824323,1.01253E+11,0.657581907,48.25,54775000,23461,58.96422958,43.11420822,3.5,-0.005414174,0.014415319,-0.009382545,0.009392618,0.018948242,,-0.010114733,0.001106106,0.00189877,-0.004324395,0.015501136,0.004420181,0.009025176,0.009441203,-0.002687729,-0.000805,0.011235911,0.014818298,0.00136198,-0.003690037,0.001720036,29.86837326,31.8421958,30.65696884,27.7866582,31.41947451,,29.40030536,33.13917357,29.87966205,28.45139387,27.45972735,33.47115048,28.38731877,32.61758051,30.85872085,33.54977616,34.6327382,30.98052446,32.25547591,27.71761002,34.54467752,0.807524362,0.839454331,1.413200237,1.264556996,1.298854502,,1.842098055,1.334709133,0.922250649,1.352564263,2.585737789,1.340012798,0.879526968,1.392346298,0.848656102,1.411027375,1.138646143,0.918095068,4.326697837,0.823278364,1.001431947
12/3/2020,0.166691354,619.0867992,27.89269062,498456360,1.01253E+11,0.492285836,48.71,55175000,23458,60.09120178,43.37260818,2.470000029,0.009645107,0.016519388,0.009113692,0.03029895,0.000596631,,-0.017903641,0.012522037,0.003843465,-0.002659044,0.009032132,0.01098631,0.00187229,0.003639779,0.013553215,0.01292081,0.009811784,0.006932447,0.01032653,0.013011152,0.01262832,29.88608006,31.8377194,30.69738465,27.83037806,31.41969602,,29.39274634,33.1508678,29.89335318,28.45383063,27.46691085,33.48426365,28.38784635,32.61834303,30.86780083,33.55412068,34.63531554,30.9835102,32.25125912,27.72578561,34.54958714,0.815354604,0.847452853,1.431083147,1.309777715,1.295035043,,1.833470543,1.348985447,0.92494549,1.35014553,2.591310499,1.347883383,0.879572071,1.39654824,0.853712087,1.42983406,1.147981642,0.92184988,4.31881509,0.838157418,1.010775882
12/4/2020,-0.013441384,619.112242,27.87507176,543110517,1.01299E+11,0.536143667,49.25,55025000,23455.5,61.36265945,43.90110016,2.559999943,0.001184783,0.011374129,-0.000354342,-0.022024984,-0.00071269,,-0.003873181,0.00220204,0.001095979,0.01084339,-0.009442881,0.003915455,-0.005039683,0.009094898,0.012853885,-0.006213805,-0.002482683,-0.004582343,0.000682339,-0.014064559,0.002102867,29.88318134,31.84170385,30.69271059,27.79085289,31.4216129,,29.38733919,33.16573458,29.90173328,28.45073841,27.45904552,33.49703371,28.38424463,32.65544671,30.90664982,33.55962658,34.62635926,30.9759555,32.25184013,27.71177665,34.54865647,0.814785303,0.854134588,1.429358307,1.274152681,1.293431812,,1.828992324,1.351567842,0.923177076,1.386083443,2.582951433,1.354071026,0.876154855,1.405427707,0.867365012,1.423768319,1.142670113,0.916097794,4.311769151,0.826225589,1.012887383
12/7/2020,0.156492255,619.2150156,27.98998863,497804639,1.0131E+11,0.491365845,48.79,54925000,23453,61.21408081,43.57143021,3.069999933,0.017111883,-0.001061164,0.00277645,-0.008809251,0.00569854,,0.007816765,0.006882718,0.016015193,0.014484979,0.008436305,0.005772309,0.007206571,0.004630614,0.024014547,0.003667657,0.009721823,-0.001383109,-0.002648184,0.024413798,0.011743811,29.90244684,31.85075853,30.66889598,27.774959,31.42274768,,29.37960293,33.17076437,29.91282644,28.46144587,27.46608132,33.51872171,28.3880809,32.66423527,30.90565105,33.56524053,34.64041586,30.97903057,32.25170279,27.74184673,34.54956126,0.826296627,0.853589677,1.436148877,1.260809065,1.301084644,,1.829366114,1.35790215,0.922509262,1.401180736,2.591310499,1.362708493,0.879572071,1.411606032,0.878454824,1.426356434,1.153950296,0.915237504,4.321753775,0.840765284,1.019386271
12/8/2020,0.088876035,619.1699568,28.07203186,519121286,1.01483E+11,0.511536885,48.84,55225000,23456.5,61.20795059,43.53306961,2.920000076,0.005563831,0.002214857,0.011773615,0.021670817,0.013973165,,0.008877402,0.00103306,-0.00261118,0.006814889,-0.012331839,0.001814953,0.001407005,0.004737403,0.000488273,0.01265123,0.009737786,0.004425751,-0.001690486,-0.006637168,0.004962672,29.90352225,31.84013013,30.65407382,27.79952878,31.43144834,,29.38462906,33.16976834,29.90525076,28.45972302,27.45691078,33.51943017,28.3751139,32.66794115,30.88305364,33.56092943,34.64839634,30.9788585,32.25478414,27.73269391,34.54377032,0.83346088,0.850893702,1.448339223,1.285558226,1.318624841,,1.839557698,1.360909824,0.921099875,1.406678136,2.591310499,1.362757935,0.875487753,1.411176385,0.867951233,1.433329088,1.164507632,0.916079789,4.326495962,0.837335772,1.02047741
12/9/2020,0.126486749,619.3045712,28.25215797,569854310,1.01537E+11,0.561229007,48.86,55025000,23454.5,61.51087189,43.75228119,3.190000057,0.001285668,0.012988146,0.004210967,-0.010453216,0.000749797,,0.014649031,0.005825109,-0.002947507,0.020377869,0.003225806,0.006459003,0.01672998,0.004266046,0.001821865,0.01725658,0.018588444,0.00610684,0.000819993,0.000572813,0.003953514,29.9042439,31.86864614,30.66233393,27.78875927,31.44970599,,29.38605425,33.17184291,29.90936592,28.46981187,27.46100354,33.51178876,28.38729496,32.67356912,30.8788774,33.56631075,34.67008601,31.00042576,32.26461565,27.72810927,34.55172577,0.836137869,0.864048311,1.45859437,1.270113654,1.319571596,,1.845926247,1.36667361,0.91795372,1.460171391,2.608028632,1.366605399,0.887484562,1.41517853,0.867669538,1.448304125,1.186692051,0.920451615,4.345021352,0.842408577,1.025122822
12/10/2020,-0.095176851,619.1741195,28.19428393,586831995,1.01574E+11,0.577735641,50.25,54850000,23457.5,57.98709869,42.18122101,3.410000086,-0.008399742,-0.012064977,-0.005912473,-0.016666667,-0.018068365,,0.014137289,-0.008105883,-0.012619099,0.027105733,-0.015104627,-0.007794569,-0.011839462,-0.008458861,0.000453193,-0.002089097,-0.009106109,-0.001387027,0.000445321,0.007194245,-0.006895672,29.88912796,31.8554301,30.65281746,27.77832065,31.43320315,,29.3891029,33.15580537,29.88100034,28.47951183,27.45116677,33.49584775,28.3795803,32.65585138,30.90061804,33.57245444,34.66462561,31.00332586,32.26036802,27.73274045,34.54322107,0.83021468,0.856243913,1.446598558,1.255398063,1.300922383,,1.851756575,1.355594486,0.89107224,1.524956062,2.619174053,1.359197009,0.87763884,1.40375177,0.873366173,1.45150773,1.177036093,0.91982202,4.330704203,0.850910894,1.018418185
12/11/2020,0.150392599,619.3828608,28.45838647,439664926,1.01675E+11,0.432423244,49.97,54850000,23457.5,58.49465179,43.36996078,3.660000086,-0.00881043,0.007023251,0.002213837,-0.048002986,0.012812893,,0.03845868,0.010725154,0.021454164,0.031658094,0.017857143,0.009200713,0.005895642,0.011420668,0.011347001,-0.001588026,0.016616656,-0.001419234,0.009021905,-0.000499678,0.005007152,29.88724752,31.88045568,30.65334579,27.7238326,31.44396385,,29.40846871,33.17378673,29.91865111,28.49331801,27.46372278,33.52093027,28.38579843,32.68347569,30.9060755,33.57851261,34.67916682,31.01457454,32.28281998,27.73082894,34.55388528,0.822837699,0.867835111,1.450550753,1.197734416,1.325257113,,1.895083996,1.368681302,0.917944608,1.597322726,2.619174053,1.371675953,0.884000427,1.425013334,0.880137813,1.446834564,1.19516723,0.919464972,4.39971333,0.851893302,1.022063772
12/14/2020,0.271534215,619.7261478,28.84204714,560515016,1.01675E+11,0.551281928,50.29,54850000,23456,61.76412964,45.49927139,3.069999933,0.016343688,0.012280055,0.00823788,0.044441607,0.008482985,,0.011027372,0.008245891,0.0075559,0.010639306,0.005747126,0.011053299,0.016024146,0.006355167,0.019647182,0.020708017,0.027222435,0.003801426,0.013957496,0.003533569,0.016229669,29.9114897,31.90671794,30.6615379,27.77321054,31.44812946,,29.41816051,33.18492346,29.94057465,28.51259231,27.46787332,33.52844045,28.40536836,32.72163743,30.91434887,33.58629034,34.69808561,31.028698,32.31036444,27.73314092,34.57456358,0.833912568,0.882069257,1.460622977,1.246232707,1.338141688,,1.919403798,1.376914547,0.93109662,1.649750896,2.619174053,1.38384364,0.904684131,1.428074606,0.887606404,1.465842745,1.2267217,0.922786321,4.470157518,0.856144461,1.038866505
12/15/2020,0.053116023,619.6934469,28.88673868,647098709,1.01675E+11,0.636439371,50.76,54900000,23456.5,61.59643173,45.77259064,3.190000057,0.012280062,-0.012837493,0.003959398,-0.010133883,-0.002619183,,0.008442979,-0.001359902,-0.009957737,0.021637254,-0.00106383,-0.000758819,0.016872537,0.002742893,0.007915828,0.002152226,-0.005719398,0.00961479,-0.00392678,0.00877193,0.00710315,29.9240945,31.89629045,30.6611617,27.7637763,31.44100613,,29.41403806,33.1709229,29.9280707,28.52438729,27.46652026,33.51373123,28.41133616,32.74539039,30.91498014,33.57615593,34.68581809,31.04765456,32.30039721,27.7388976,34.56881728,0.840453588,0.873506571,1.463973848,1.235048294,1.338446021,,1.917930219,1.373133933,0.920696118,1.71811793,2.613601342,1.378515399,0.918773077,1.431564912,0.888129315,1.460106689,1.217194759,0.933165287,4.450775938,0.866772357,1.046833084
12/16/2020,0.13549763,619.8767803,29.11481298,585322542,1.01675E+11,0.575680713,51.08,55150000,23458.5,62.6296196,46.77478027,3.079999924,0.007609586,0.004276901,0.012999391,-0.021438589,0.010641124,,-0.007473587,-0.002688603,0.013875503,0.024608352,0.003198294,0.003179879,0.017211406,-0.001553092,0.021670722,0.008909085,0.007492441,0.01540293,0.008966417,-0.002283105,0.010892573,29.93686319,31.89285012,30.66901963,27.74115027,31.44818595,,29.4113426,33.17294572,29.95312403,28.53743047,27.47057397,33.51618085,28.43134295,32.7463582,30.96972548,33.57939449,34.70951218,31.05705229,32.32357049,27.73584696,34.57431044,0.848913332,0.87413463,1.483564186,1.212540096,1.348955841,,1.910808097,1.369294746,0.928119574,1.791135261,2.630319475,1.384374664,0.934396988,1.42595913,0.910680006,1.469315556,1.227042382,0.943437359,4.49747456,0.865629186,1.058717917
12/17/2020,-0.018279524,619.7313756,29.05025414,639557147,1.0168E+11,0.628992443,51.5,55300000,23456,59.70948029,45.69596863,2.460000038,0.006821905,0.008367981,-0.004415941,0.016368375,0.013812375,,-0.01554536,-0.005149081,0.00647476,-0.006680686,0.001059322,-0.00277792,-0.001792255,0.006279451,-0.009452317,-0.008623905,-0.007716578,-0.006668327,0.000235408,-0.00862069,-0.000256041,29.94853437,31.8689034,30.66729834,27.75082221,31.44140853,,29.40311233,33.16089819,29.95108415,28.530093,27.47192156,33.5024944,28.42358889,32.76097363,30.94517317,33.57410942,34.69354677,31.04530475,32.30372255,27.73007265,34.55831334,0.854098772,0.873915985,1.476580968,1.226338049,1.363548788,,1.90384009,1.361972246,0.923622791,1.7819507,2.635892185,1.377595041,0.917883978,1.43389522,0.895581545,1.457777232,1.216136372,0.935470177,4.504445171,0.85500129,1.054707542
12/18/2020,0.211228173,619.9787067,29.28935376,592290782,1.0168E+11,0.582506861,52.26,55250000,23453.5,62.18460083,47.30768967,3,0.016697114,0.002407273,0.010792059,-0.014112267,0.009378843,,0.022350068,0.004734784,0.014839162,0.006123912,0.000528541,0.005301358,0.024839322,0.005708969,0.019047745,0.006876878,0.033012187,0.007224257,0.001382209,0.022131016,0.011964744,29.96046291,31.89469951,30.67217235,27.73981336,31.44808718,,29.42361498,33.17033961,29.95911089,28.53422683,27.47259468,33.51660348,28.46081429,32.79387374,30.95758631,33.57524452,34.7205876,31.05975398,32.30716488,27.74764536,34.56431031,0.866499765,0.881179469,1.489142412,1.213337354,1.37338492,,1.948267786,1.368873161,0.926469815,1.790138341,2.638678541,1.383873399,0.950479585,1.44002669,0.908271642,1.458373025,1.254899439,0.942385074,4.507680541,0.878543424,1.068849384
12/21/2020,0.151457289,620.1509464,29.39564705,703852694,1.01719E+11,0.6919599,50.91,55525000,23459,63.18722153,48.04029083,2.900000095,0.010481348,0.000906422,-0.000772541,0.012345679,0.007118116,,0.019178592,0.011131441,0.020265629,-0.029282218,-0.001055966,0.004545112,-0.010931706,0.016759352,0.022985728,0.005576429,0.032996018,0.010495616,0.001421322,0.003389831,0.013903086,29.96740343,31.89827717,30.67343403,27.75526644,31.45839343,,29.43041251,33.18730304,29.97596444,28.51741882,27.47124799,33.51725738,28.45260165,32.8375689,30.97547597,33.58108138,34.73739293,31.07219873,32.31210246,27.74991883,34.58022688,0.874104071,0.880653169,1.4823031,1.22789585,1.386260282,,1.984900913,1.380679304,0.932445282,1.701895154,2.63310583,1.389642562,0.941854889,1.463345214,0.921431297,1.467407086,1.293989254,0.952883014,4.514518986,0.882794582,1.083537207
12/22/2020,0.177095156,620.2197831,29.50763967,770506462,1.01721E+11,0.757470172,50.08,55300000,23462,64.36403656,48.68132019,3.349999905,0.017913295,0.019770763,0.020915928,0.014493666,-0.000510156,,0.012345973,0.002476866,0.013459168,0.000561938,-0.02212001,0.010053692,0.003866683,0.016769913,0.017285291,0.013636457,0.01757757,0.013322405,0.001974853,-0.018097643,0.021398504,29.9806839,31.88575522,30.69814773,27.76288552,31.46672863,,29.43908688,33.18746253,29.98312526,28.51653281,27.45475253,33.52689652,28.44303581,32.88505457,30.99697207,33.57406999,34.73497113,31.07027934,32.29928418,27.73011931,34.58393911,0.883705692,0.883742278,1.503535443,1.234382715,1.387020606,,2.008961099,1.381910702,0.942052192,1.702515012,2.630319475,1.395276644,0.935137199,1.483185801,0.927763604,1.473250712,1.311986521,0.96216816,4.490956492,0.868576412,1.101192913
12/23/2020,0.111953667,620.2013159,29.4582867,802924220,1.02916E+11,0.780174108,51.2,55350000,23468.5,63.11740875,48.07691956,3.390000105,0.015956234,0.001574588,0.011022189,0.014031825,0.012991446,,0.011546094,0.003583062,0.004114986,0.001904921,0.034441805,0.003621957,0.007644932,-0.001395427,-0.022233838,0.00032781,-0.016478115,0.006227146,-0.003845496,0.016981506,0.009936042,29.99413755,31.88421388,30.71133945,27.763733,31.45892493,,29.4485088,33.18496986,29.9718177,28.51600666,27.47880157,33.52775813,28.42951212,32.8566841,30.97465374,33.57464181,34.74015748,31.05901759,32.29056816,27.74747095,34.58839838,0.896462761,0.885368103,1.515740227,1.241343685,1.390787372,,2.038080465,1.383379623,0.942373647,1.64534211,2.630319475,1.387881534,0.922784288,1.484880738,0.910442574,1.479577703,1.288962298,0.964892451,4.459705066,0.882714201,1.107248382
12/24/2020,-0.202343998,619.9880725,29.18164475,754532514,1.02948E+11,0.732926231,51.29,55550000,23466,59.56061935,46.52904892,2.75,-0.0200084,-0.011438549,-0.004009565,0.027549402,-0.004434545,,-0.004040283,-0.01164873,-0.02741613,-0.022084549,-0.001059322,-0.013397782,-0.013943432,-0.0074098,-0.029592387,-0.015535725,-0.01911542,-0.023093733,0.006232396,0.004201681,-0.012099125,29.9725339,31.87677633,30.68287011,27.78847609,31.45442343,,29.44001391,33.16991456,29.95936884,28.5065109,27.47746323,33.52470166,28.40970783,32.84465311,30.93894502,33.5643367,34.72584884,31.03426775,32.28728221,27.75031248,34.57966552,0.874320931,0.880043821,1.51313906,1.269490937,1.388968324,,2.025487578,1.369534897,0.926319604,1.580184401,2.624746764,1.377333153,0.910236228,1.475803861,0.88665376,1.463382851,1.265188599,0.943229911,4.426230879,0.888028149,1.093321047
12/25/2020,0.22475251,620.2555212,29.54203409,641573672,1.02947E+11,0.623206635,51.29,55550000,23461,60.63341141,47.36458969,3.869999886,0.022994295,0.002310565,0.018300867,0.031120784,0.010792767,,-0.008231722,0.006546994,0.018772963,-0.005016432,0.024713376,0.006565728,-0.01085431,0.011836417,0.011381593,0.022996204,0.034061201,0.011203619,0.007675091,-0.008949772,0.016532283,29.99406216,31.88403034,30.71046866,27.81017157,31.46537958,,29.43615276,33.17469021,29.96757205,28.50111915,27.5047768,33.53241958,28.42049928,32.89036769,30.95237575,33.56990418,34.74918139,31.05007172,32.30981283,27.74273242,34.58973314,0.893469508,0.884365728,1.548691671,1.30324568,1.407806695,,2.000728905,1.375679097,0.939284488,1.57590907,2.719482847,1.382305705,0.908697701,1.496442071,0.897004744,1.484995557,1.307228681,0.952168838,4.474719378,0.878382661,1.11142507
12/28/2020,0.125890784,620.4048386,29.69657223,700816873,1.02946E+11,0.680763942,50.86,55500000,23459,61.05701828,47.31689835,2.670000076,0.019948549,0.006906905,0.012331521,0.016611862,0.024209208,,0.005806507,0.004014986,0.008793278,0.008270753,-0.034224907,0.003429962,-0.007120827,-0.005528158,0.020124605,0.009090112,0.016042374,0.010066665,-0.002677804,-0.003502356,0.013297548,30.02050437,31.91290714,30.71665967,27.81696771,31.47632199,,29.43416128,33.2032173,30.00991519,28.50470982,27.47266117,33.53638632,28.40729568,32.91681558,30.96366302,33.56920219,34.75404947,31.05615453,32.30594194,27.73589335,34.59141084,0.914844854,0.895077533,1.569394843,1.318283156,1.448045275,,1.997782891,1.383184796,0.946264523,1.62730188,2.652610318,1.386388429,0.898506785,1.491287432,0.906011176,1.492854874,1.326624901,0.955684871,4.486197602,0.879204308,1.121021786
12/29/2020,0.182140876,620.5568352,29.96457322,668361752,1.03002E+11,0.648882613,51.09,55650000,23458.5,61.44132996,47.3350296,3.619999886,0.001545141,0.009654535,-0.004167641,0.038059983,0.011891772,,0.015075226,0.001742641,0.00861366,0.00835449,0.020256727,0.004951163,-0.001024061,0.011964065,-0.002173608,0.010382963,0.003240183,0.00613203,0.001606344,0.022725144,0.01331012,30.02029246,31.91231036,30.72170262,27.84595535,31.4872352,,29.43965954,33.20662119,30.02910555,28.50933506,27.48944434,33.54245667,28.40886459,32.9002958,30.96256661,33.57613471,34.76049686,31.06742486,32.31061279,27.75709939,34.60922128,0.911088166,0.903637497,1.57264746,1.365209807,1.459882476,,2.026539429,1.385844534,0.952517597,1.680787208,2.674901161,1.390951564,0.900851551,1.506034574,0.907073882,1.50652632,1.332023273,0.962025344,4.491768502,0.900781624,1.133481256
12/30/2020,0.03048822,620.5265173,29.97956478,652252776,1.03002E+11,0.633243127,51.34,55650000,23455,63.70846176,48.73096085,2.789999962,-0.003339969,0.010967308,-0.006406173,-0.012111365,0.003254459,,0.006214796,0.010349272,-0.003365761,0.000382883,0.023263889,0.005215054,0.010577918,0.005631175,-0.000801008,8.56117E-05,-0.004224382,0.000803138,-0.003521434,-0.013049512,0.000562322,30.02689868,31.91603282,30.7165241,27.84031287,31.48010664,,29.43630825,33.20923388,30.03117823,28.50670826,27.50682984,33.54000737,28.41839697,32.88103275,30.96240039,33.57429335,34.75645286,31.06396968,32.30696638,27.74088609,34.61197791,0.910085859,0.909222601,1.564022811,1.349544738,1.457781401,,2.020760422,1.399450266,0.951258971,1.677279169,2.680473871,1.393280106,0.910630353,1.514771984,0.912576787,1.504355412,1.326339462,0.961010794,4.511937309,0.892940192,1.131842267
12/31/2020,0.162273549,620.7018039,30.06560756,510586221,1.03034E+11,0.495551432,51.8,55825000,23450,63.87091064,48.58592987,3.440000057,-0.002835065,0.004003328,0.001025462,-0.011118812,0.015640351,,0.022994707,0.009877721,0.021451941,0.010275834,0.030875393,0.00973897,-0.016868281,0.009885467,0.008360339,0.01247923,0.013742964,0.008374653,-0.002426459,0.010042899,0.006752909,30.02572622,31.91095828,30.71931912,27.82979576,31.49829731,,29.44721964,33.210316,30.05121255,28.54739257,27.52917986,33.53791415,28.40475314,32.9130019,30.96819506,33.59321998,34.76673172,31.0743461,32.3079494,27.7548422,34.61143294,0.894122969,0.909371389,1.564800134,1.339260518,1.484288169,,2.062885627,1.410296622,0.969596492,1.64631706,2.674901161,1.397460333,0.893404247,1.527261032,0.921880418,1.528123971,1.343073736,0.96875759,4.493134804,0.896530466,1.140140827
1/4/2021,-0.063082185,620.6201906,47.87350234,732856014,1.03034E+11,0.71127624,51.09,56525000,23450,60.17147827,48.29153061,3.660000086,0.014269685,0.014306611,-0.001349593,-0.051776995,0.028315798,,0.002360715,-0.005130906,0.03206087,-0.002559329,0.037292991,-0.008610136,-0.04385673,0.003624683,0.009014054,-0.034359834,-0.019771646,-0.015683198,-0.001012895,-0.0078125,-0.01240383,30.03660873,31.91646838,30.7203591,27.7827806,31.51882876,,29.45238202,33.22616991,30.10518462,28.53885795,27.56094753,33.55219342,28.37275933,32.89670581,30.9858384,33.58661094,34.73991902,31.03314262,32.31438364,27.74946087,34.53058889,0.860837166,0.897249088,1.652609661,1.247439691,1.493701202,,2.000335904,1.36731968,0.931193993,1.903010848,3.057323999,1.471160555,0.763369461,1.43156025,1.069765793,1.383376384,1.266712328,0.872237347,22.13577432,0.954289338,1.114235327
1/5/2021,0.116071773,620.7388576,47.80836572,771379738,1.03045E+11,0.748588425,53.6,56875000,23445,60.59555817,48.74591064,3.00999999,0.007210559,0.01310652,0.002059223,0.000897839,0.027090311,,-0.002904459,-0.000902611,0.019319673,0.01065004,-0.035589395,0.008706309,0.018994876,0.003590639,0.01220989,0.006393858,0.01602901,0.006235025,-0.003621051,-0.003101818,0.009697335,30.03950196,31.92135625,30.73027341,27.78491643,31.55426799,,29.4471372,33.23602396,30.11654365,28.53122861,27.5310023,33.55404759,28.37876176,32.89883623,31.01105777,33.6012821,34.74652779,31.05127157,32.3073916,27.74588387,34.55154558,0.861677678,0.913014484,1.655404982,1.239274702,1.528932787,,1.982128543,1.363241969,0.945238882,1.903918004,3.041606129,1.477132017,0.765950132,1.437878764,1.087143716,1.396567402,1.284731921,0.875400528,21.97068577,0.951824644,1.126612675
1/6/2021,0.053626081,648.5959182,49.28194024,776978733,1.03091E+11,0.753685883,54.3,57025000,23446,60.37414932,47.73387146,3.079999924,0.005165211,0.001976853,0.013125615,-0.044523982,0.007243154,,0.013197537,0.001261161,-0.007856989,0.007753092,-0.011536351,0.005285684,0.025874832,0.004953503,0.002250768,-0.000137888,0.021865579,0.004117047,-0.001713777,0,0.005325031,30.04164009,31.924429,30.74361606,27.73050879,31.54971381,27.85015665,29.4603534,33.2385807,30.11806756,28.53330265,27.52375737,33.55529383,28.38702111,32.88447897,31.02813344,33.5925243,34.77774225,31.05462863,32.30059696,27.74588387,34.5554888,0.863989944,0.914994402,1.672209713,1.185860324,1.532535226,1.595659805,1.986916366,1.366775667,0.936806704,1.83418797,3.06359794,1.47822717,0.773448775,1.445673178,1.098137852,1.388717511,1.31434201,0.877098799,21.86713811,0.951824644,1.13379813
1/7/2021,0.229881363,648.8449403,49.79551416,766210977,1.03183E+11,0.742578239,54.57,56550000,23443,62.91017151,49.49238968,3.00999999,0.005549208,0.010872347,0.016145727,0.001313657,0.007083862,0.07,0.0112949,0.006896043,0.003540383,-0.012682661,-0.014512465,0.012564781,0.013803559,0.010324534,0.031608923,0.017602258,0.02127463,0.011357606,0.003713584,-0.01083116,0.012961648,30.04788158,31.9302326,30.75619376,27.73340461,31.55141579,27.91781529,29.46605439,33.25700873,30.15899529,28.52128809,27.51072778,33.55917888,28.38623805,32.87968044,31.08998186,33.60893766,34.79577547,31.06765675,32.3098,27.73256784,34.56410543,0.86895438,0.922339846,1.685609084,1.187730672,1.541383321,1.707355992,2.003904128,1.378826968,0.937185359,1.762439592,3.038502179,1.492895967,0.769318672,1.461397968,1.142044532,1.40640408,1.339410478,0.883655313,22.17570715,0.944060721,1.146387761
1/8/2021,0.208680654,649.065064,50.43998202,792610546,1.03198E+11,0.768051896,55.99,56050000,23445,62.341259,49.14793015,3.480000019,-0.001779247,0.013716513,0.012947812,-0.001696839,0.012700393,0.068535826,0.013720671,-9.48077E-05,-0.002160637,-0.006532665,0.009084254,0.005842189,0.019807082,0.01307412,0.020246148,0.001586402,0.002348499,0.009975136,0.004156898,0.006037872,0.007165035,30.04719949,31.94036433,30.75569421,27.7486083,31.56438883,27.98410462,29.46878921,33.25753188,30.18791473,28.50157175,27.51669756,33.5644776,28.38839743,32.89793827,31.09594119,33.62184389,34.79548745,31.07670619,32.32512984,27.74250366,34.58377359,0.864534917,0.934745353,1.69765038,1.191080054,1.565940643,1.824371044,2.033135668,1.376685683,0.936746838,1.753751521,3.029058249,1.504310247,0.771107409,1.481520053,1.151906214,1.411699945,1.332582573,0.891573644,22.5863435,0.945432108,1.15580597
1/11/2021,0.215196014,649.3077214,51.98645046,831468136,1.03199E+11,0.805690652,55.66,56150000,23448,62.42274857,49.11167908,2.890000105,0.008648806,0.020251236,0.013908321,0,0.028817491,0.005830904,-0.008498513,0.006421021,0.014958022,-0.02294404,0.034375,0.01077065,0.029473647,0.011610507,0.00460041,0.011232037,-0.006696962,0.006066036,0.018682111,0.007505071,0.02018426,30.06271597,31.95951274,30.75768369,27.7486083,31.5886759,27.98991859,29.47113867,33.26701209,30.23160763,28.46141153,27.54239862,33.5735304,28.41285852,32.90951098,31.08076836,33.64714454,34.79102305,31.0797479,32.36818607,27.74756971,34.61669813,0.870309776,0.953410718,1.711128135,1.191080054,1.626990288,1.835008776,2.022801002,1.383179783,0.942149296,1.728369977,3.029058249,1.513036187,0.786028729,1.504470766,1.150991277,1.428751274,1.32328521,0.889160249,23.96432824,0.955020912,1.177891567
1/12/2021,0.240085831,649.5324279,52.83242418,702099268,1.0313E+11,0.680792454,56.58,56350000,23454.5,62.70526123,48.86075974,3.210000038,0.011326582,0.004339364,-0.000900424,0.001667567,0.011410936,0.031884058,-0.012294846,-0.000739506,0.016728768,0.01659855,0.035148686,0.011405634,0.007887288,0.012027624,0.001009005,-0.002691964,0.003153314,0.028410674,0.022036529,0.029885266,0.011792727,30.07347957,31.96175857,30.75360684,27.7424787,31.60611995,28.0213049,29.46862987,33.26750913,30.24607145,28.47640532,27.57017491,33.59236464,28.43485273,32.92231508,31.07042084,33.64878019,34.79275143,31.11465401,32.38011939,27.76493761,34.62369278,0.875308437,0.960445519,1.724413282,1.196381283,1.661193144,1.893516302,2.002896103,1.382381289,0.947424432,1.740065852,3.035332189,1.522664663,0.800162179,1.530090829,1.147416583,1.428198555,1.326506921,0.914940389,24.55933198,0.996912534,1.186841714
1/13/2021,0.009574467,649.4633023,52.10387393,838093282,1.0313E+11,0.812659417,56.06,56200000,23451.5,62.05947113,48.4408989,3.460000038,0.003210824,0.008888296,-0.002261396,-0.002904348,-0.000181289,-0.02247191,-0.024024764,-0.000806584,0.015527838,-0.010307686,0.03209326,0.004659027,0.005039794,0.005239724,0.004778814,-0.009929702,-0.00218531,0.008960404,-0.001176866,-0.000763383,-0.001810277,30.06302279,31.95937626,30.74189122,27.73767994,31.61196804,27.99857665,29.45146788,33.25826422,30.23454567,28.4621373,27.59523268,33.59526091,28.44623674,32.96415272,31.0571859,33.63738338,34.79184536,31.11557023,32.37053302,27.76438939,34.606582,0.871625581,0.965833013,1.712214363,1.192603824,1.646360438,1.850965374,1.965211554,1.377917444,0.950586281,1.714769433,3.019680359,1.525416345,0.817398531,1.535765247,1.139586379,1.415633144,1.325034993,0.921370752,23.97817927,0.99585431,1.181867287
1/14/2021,0.17355567,649.5312345,51.99198417,770972390,1.0319E+11,0.747136235,56.42,56150000,23450.5,65.8414917,50.39884186,3.49000001,0.026565503,0.01760966,0.000290604,0.01061337,0.016873714,-0.001436782,-0.019239369,0.00536114,0.022262911,-0.020866524,0.034982935,0.008482977,0.015720449,-0.002467859,0.001750949,0.009822113,0.02517914,0.002479276,-0.001817823,0.01156295,0.009826335,30.08739266,31.96181166,30.74600183,27.74493766,31.611972,27.99713884,29.45126923,33.25252857,30.24825994,28.44287681,27.62469675,33.59215936,28.45523387,32.97844127,31.04738697,33.6289926,34.79820884,31.11374766,32.36504541,27.77653592,34.60659671,0.897112642,0.975553924,1.723778374,1.202248112,1.656410321,1.848305941,1.95088677,1.382972171,0.959857493,1.696280849,3.019680359,1.531489185,0.83298426,1.524848777,1.123729973,1.42136931,1.349323311,0.919962072,23.77752047,1.006466256,1.1912036
1/15/2021,0.227020252,649.6676161,52.17234941,815522518,1.0319E+11,0.790309006,55.1,56325000,23452.5,64.8086319,49.47425842,3.329999924,0.027786506,0.025568048,0.015869387,-0.010285867,0.021844658,-0.025899281,-0.014905447,0.003835372,0.021041407,0.012189128,0.03948448,0.008693858,0.035546031,-0.000189084,0.02321173,0.007622604,0.020217845,0.01587248,6.15831E-05,-0.012183102,0.011637916,30.11768269,31.96101251,30.75098038,27.73767994,31.62012108,27.97089826,29.43938133,33.25084113,30.29411096,28.4513868,27.66028238,33.58706098,28.46693298,32.97449697,31.06667403,33.63629719,34.80704847,31.12654649,32.37036095,27.76384086,34.61397967,0.924845808,0.992479203,1.730874322,1.192603824,1.706954483,1.800436147,1.916353389,1.386212908,0.965949904,1.705667105,3.051050059,1.535861975,0.84826339,1.517821156,1.152706897,1.432031202,1.373103345,0.932367547,23.81127127,0.994796086,1.200699389
1/18/2021,0.107325244,649.7097138,52.0062963,736629761,1.03191E+11,0.713851198,54.75,56175000,23455,64.46658325,49.74618912,3.279999971,0.02223542,0.032837393,0.00899153,0.012957582,9.33376E-05,-0.069423929,-0.024816783,0.004196445,0.011335166,0.014130604,0.04667711,0.011993374,0.000355926,0.0093057,0.011964396,0.003380146,-0.006199607,0.007408521,-0.004986356,0.006944444,0.007944825,30.13762054,31.9669201,30.75830823,27.75275933,31.61837801,27.89894681,29.43017425,33.24973564,30.30092277,28.46091806,27.70413209,33.5911041,28.45984634,32.99583663,31.05983024,33.6412942,34.79721027,31.12938398,32.3694159,27.77271424,34.6142621,0.935133052,1.019012827,1.739395657,1.206887996,1.723004601,1.675442796,1.899367677,1.388365107,0.965920794,1.655511574,3.126403381,1.547995438,0.833010746,1.527031746,1.150136569,1.434608718,1.36592356,0.935746442,23.67371642,0.999015495,1.204665697
1/19/2021,-0.762295324,648.7749436,49.53705202,1012087387,1.03191E+11,0.980790937,55.9,56125000,23461,54.57695007,46.67393875,2.890000105,-0.032926385,-0.043321245,-0.024998118,-0.025776041,-0.062869878,-0.06984127,-0.016426695,-0.02776021,-0.021263979,-0.04283402,0.03089212,-0.035518865,-0.045243406,-0.031808298,-0.054359325,-0.044441755,-0.05717568,-0.039342733,-0.032119449,-0.046827771,-0.038332321,30.09552623,31.91419462,30.73302624,27.73202859,31.5517232,27.82654678,29.39229929,33.19598689,30.23802881,28.4326804,27.73216034,33.54228396,28.40509166,32.95082028,30.99590543,33.5929167,34.73684841,31.08000983,32.32765407,27.73064442,34.56856743,0.908978825,0.985137927,1.709876012,1.181901452,1.616770024,1.558427743,1.843835568,1.349635453,0.93613182,1.594461276,3.10124158,1.500826487,0.795237938,1.4767153,1.090921226,1.3735709,1.287266147,0.898969235,22.22508968,0.944792295,1.157265128
1/20/2021,-0.016091534,648.8264195,49.54293729,833998343,1.03191E+11,0.808208883,56.08,56325000,23458.5,53.74697876,46.05598068,2.690000057,-0.003688919,-0.004095712,-0.001278363,0.006704911,0.016232994,-0.017064846,0.007173702,-0.00501655,-0.005778877,-0.006187094,0.021445531,-0.000931476,0.016827446,-0.000345969,-0.021967552,-0.010136742,-0.004129123,-0.005001026,-0.001437239,0.009200313,-0.006616943,30.09733708,31.9183924,30.73612425,27.73641105,31.57339089,27.80933465,29.3945126,33.20845184,30.22663639,28.42539419,27.75217943,33.54552449,28.43552328,32.93593443,30.9732776,33.59734037,34.73959083,31.07481287,32.33804232,27.73554818,34.57266033,0.904600827,0.988481896,1.733748227,1.18768385,1.664186475,1.531833413,1.848803094,1.343708129,0.931122337,1.589041428,3.019680359,1.501272894,0.815049217,1.47076268,1.072076505,1.36541678,1.280880762,0.896573198,22.28644058,0.958287346,1.153287296
1/21/2021,0.528407234,649.4047638,50.6277244,697527997,1.03193E+11,0.675947477,56.1,56275000,23456.5,55.70639038,47.66135025,3.779999971,0.030313998,0.025443402,0.029023011,0.005373438,0.020041109,0.041666667,0.011453493,0.018144204,0.028138972,0.029005907,0.042070427,0.026643611,0.025903476,0.02064777,0.023235102,0.021547416,0.028535447,0.03031634,0.019333426,0.023881048,0.027688968,30.1348532,31.94622928,30.78035684,27.74341595,31.60592852,27.85015665,29.39642797,33.22209299,30.2630211,28.44310362,27.7939466,33.57160984,28.48011155,32.95989133,31.01318577,33.60951062,34.77322949,31.11419064,32.35127012,27.75906297,34.5931688,0.929666425,1.005024885,1.760933147,1.183311718,1.6957267,1.595659805,1.870329224,1.36629622,0.954879798,1.609245039,3.06359794,1.531972473,0.840384335,1.50062803,1.100494987,1.387863282,1.317675959,0.919504996,22.83006907,0.981279439,1.183180924
1/22/2021,0.01499042,649.4362676,50.45401678,732170533,1.03193E+11,0.709518223,55.41,56175000,23453,56.70154953,46.43766022,3.430000067,-0.003499997,-0.009814564,0.011158473,-0.005238776,-0.008070363,-0.016666667,0.005948045,0.002317726,-0.003384062,-0.004741006,0.035841301,0.004441485,0.019452282,-0.004619841,-0.001731498,0.005325235,-0.012605155,0.009982511,-0.004009056,-0.014607507,0.009511852,30.13256357,31.93494612,30.81967633,27.7195881,31.6207131,27.83334953,29.39716118,33.21465154,30.23176383,28.44012714,27.83070918,33.57135591,28.52217327,32.96155389,30.99962375,33.60677739,34.7688202,31.12258316,32.36159235,27.74042802,34.60611004,0.930515121,0.993525553,1.783578772,1.176402748,1.690616841,1.569065475,1.862415334,1.364859768,0.953985222,1.606618269,3.06987188,1.538161442,0.874585287,1.491325087,1.086605637,1.392248024,1.301294355,0.926459976,22.67342968,0.971782397,1.196669918
1/25/2021,0.099711568,649.5426221,50.45195423,683250754,1.03193E+11,0.662112249,55.88,56275000,23458,56.15446854,46.34677887,3.50999999,0.014527666,-0.002551215,0.011551725,0.019024445,0.000841177,-0.027118644,0.00532422,0.011789495,0.018015077,-0.010326087,0.034134236,0.008712496,0.036805346,-0.008369122,-0.006206265,-0.00172469,-0.013673876,0.00308882,0.002388307,-0.009470182,0.012948638,30.13822542,31.92868741,30.85652411,27.74974522,31.62080563,27.80585639,29.41333031,33.20194739,30.21769517,28.43722968,27.8668314,33.57823431,28.58289091,32.96434214,30.98293944,33.61263572,34.75627331,31.11823077,32.36050318,27.73361896,34.61607524,0.938904454,0.993622708,1.79591892,1.200014357,1.684425257,1.526514547,1.870506217,1.377004874,0.95987418,1.601985479,3.07304187,1.547428789,0.933361541,1.479032439,1.071351163,1.391090689,1.284080448,0.927128414,22.62389599,0.958997324,1.21377457
1/26/2021,-0.383436605,649.0999702,49.217987,788719181,1.03193E+11,0.76431768,55.91,56350000,23455.5,51.85403061,44.37998962,3.380000114,-0.023562645,-0.026105132,-0.02470652,-0.004475858,-0.030677285,-0.052264808,-0.027198768,-0.015619767,-0.024197384,-0.019385208,0.025286255,-0.022132578,0.034366146,-0.021566209,-0.03142416,-0.026760343,-0.041231272,-0.023203771,-0.014596221,-0.002527703,-0.011453372,30.10616324,31.90521267,30.81031086,27.74626798,31.60158979,27.75217624,29.40441676,33.18165836,30.15791038,28.42714785,27.896664,33.55445261,28.61909692,32.91121334,30.94252887,33.59376609,34.72427543,31.09435863,32.33742237,27.73598174,34.59735608,0.917796178,0.972805901,1.755349043,1.195684022,1.63239296,1.446731557,1.846359537,1.35940389,0.936277094,1.590626425,3.013340378,1.52444022,0.974036956,1.450232643,1.035715004,1.364261021,1.231154326,0.905841779,21.916909,0.950453257,1.198175812
1/27/2021,-0.479892664,648.569314,48.0180086,775075746,1.03193E+11,0.751096347,55.81,56400000,23456.5,46.53689957,41.23955154,3.349999905,-0.035799065,-0.030628621,-0.01042886,-0.024919145,-0.040119066,0,-0.029323514,-0.021339731,-0.03164058,-0.003139119,0.03271028,-0.028282754,-0.021212225,-0.017079378,-0.044558517,-0.032057469,-0.047531515,-0.037918149,-0.019847232,-0.011472085,-0.025305918,30.07068854,31.87105792,30.83910301,27.71323746,31.55011648,27.75217624,29.37876052,33.13373197,30.10630098,28.42340711,27.93373514,33.52479508,28.60849508,32.8608437,30.8840463,33.55668528,34.68347668,31.05417706,32.32530643,27.72800549,34.57116752,0.889998838,0.953577807,1.743660416,1.166204515,1.523136123,1.446731557,1.806213508,1.329596074,0.909552143,1.589566513,3.013340378,1.491750824,0.967142513,1.425958992,0.99439563,1.319012412,1.174548699,0.874234354,21.29250716,0.935551737,1.171328409
1/28/2021,-1.074095505,647.3373531,45.13388414,750301496,1.04288E+11,0.719448021,55.53,56400000,23458,38.70661163,37.83538818,3.190000057,-0.049613436,-0.041707778,-0.018675631,-0.021703894,-0.079191439,-0.069852941,-0.035702013,-0.053925839,-0.056157551,-0.034699543,-0.00199612,-0.053648147,-0.0680872,-0.041855131,-0.069022174,-0.066569491,-0.068988687,-0.055641409,-0.061417916,-0.06898709,-0.056652077,30.02216722,31.8048502,30.80803704,27.69793541,31.47356329,27.67976366,29.31706896,33.06280193,30.03916432,28.36591999,27.94424782,33.45575082,28.53724494,32.79567151,30.81369675,33.48458492,34.62787496,30.99415968,32.25389908,27.65646469,34.50248589,0.853402179,0.922289974,1.693726495,1.146930403,1.38459646,1.345673102,1.678125923,1.258152371,0.861201413,1.610246974,2.803064324,1.42081458,0.900572113,1.359167911,0.926091052,1.22971733,1.090641251,0.83305969,19.84118391,0.871068051,1.104158627
1/29/2021,0.33701751,647.8409746,46.1324919,783458287,1.04297E+11,0.751183128,55.04,56500000,23465,40.31644058,38.77809906,3.210000038,0.01302238,0.01540302,0.014381836,0,0.059617003,0.037549407,-0.008947127,0.026867415,0.012005938,-0.005163657,0.06577294,0.023940492,-0.006745871,0.018200958,-0.011108073,0.020136449,0.022166205,0.012337919,0.036677724,-0.022513797,0.013416349,30.03466393,31.83819858,30.84931734,27.69793541,31.54397869,27.71662525,29.3413872,33.09850368,30.07552429,28.38815621,28.00893003,33.4578344,28.54848301,32.76623354,30.8040014,33.52476511,34.65571752,31.01587895,32.2831038,27.6409865,34.55074977,0.865553926,0.939293848,1.732263593,1.146930403,1.507881441,1.39620233,1.711483732,1.294444618,0.886842796,1.55398918,2.975696738,1.447953908,0.902576383,1.391713911,0.924968409,1.258412946,1.1160099,0.840622296,20.26635874,0.844461278,1.128831526
2/1/2021,-0.388564722,647.4593421,45.10162564,613137935,1.04297E+11,0.587878496,56.35,56850000,23465,37.01211166,36.53009033,3.579999924,-0.035153833,-0.013147481,-0.005707715,-0.00017829,-0.031883652,-0.024761905,-0.010838937,-0.010201409,-0.037497996,-0.023784734,0.012466155,-0.017783058,-0.029247163,-0.022237613,-0.057525503,-0.031300283,-0.033988808,-0.023795992,-0.007844303,0.052265551,-0.036417754,29.99021526,31.82647402,30.85518789,27.67580464,31.5472896,27.69155162,29.32652219,33.0806952,30.01462504,28.3653752,28.0354485,33.46220035,28.53267913,32.71450617,30.73576025,33.50604231,34.64136987,30.97619427,32.2739661,27.68932769,34.51810684,0.842654082,0.922799821,1.712647656,1.137869658,1.461763281,1.361629701,1.696621995,1.282495607,0.857251964,1.538975139,2.843877955,1.432902181,0.888121774,1.366650308,0.869266696,1.23108516,1.080541617,0.823067363,19.7690409,0.890895745,1.091467035
2/2/2021,0.19813301,647.9211366,45.59494278,603909583,1.04308E+11,0.578968568,57.46,56600000,23461,38.08921814,38.17984009,3.25,0.000845039,0.018246625,0.006293258,0.023087246,0.015546495,0.015625,0.010464219,0.01276456,0.012344547,-0.004829892,0.046317941,0.011291354,-0.006264242,0.006575681,-0.000301027,0.015829669,0.025208223,-0.002439708,0.004755015,-0.024554526,0.011327533,29.99056268,31.85064652,30.87759829,27.71162483,31.58419913,27.7070558,29.3233337,33.09734624,30.06079787,28.35017731,28.08713711,33.49475088,28.60486048,32.73017585,30.72393363,33.53740845,34.6844729,30.98223027,32.2970479,27.65972886,34.56604795,0.829937121,0.94139567,1.72515769,1.164790282,1.493849941,1.382905165,1.687901371,1.298811145,0.869371617,1.531723596,2.912957337,1.446119878,0.969331301,1.375099561,0.866647913,1.262348892,1.10805038,0.823287963,19.92153031,0.873273047,1.110452596
2/3/2021,0.632416453,648.670136,46.84581402,682584871,1.04309E+11,0.654386702,58.46,56600000,23457,40.59841919,40.54888916,3.029999971,0.031387368,0.02234097,0.020332466,0.015055265,0.038656363,0.067307692,0.007713554,0.019221174,0.041018877,0.016407597,0.032581796,0.021839445,0.050140324,0.025421101,0.040528123,0.030314634,0.053354622,0.027134141,0.016791005,0.026787604,0.028082333,30.02760576,31.86634952,30.91491272,27.72204061,31.64091692,27.7721951,29.34442037,33.14329536,30.11742259,28.36256995,28.13006287,33.51168214,28.64489723,32.77761986,30.77274667,33.57659809,34.72260595,31.02213371,32.31482823,27.69334463,34.59188774,0.840671617,0.958019526,1.755158714,1.178296461,1.581478387,1.47598532,1.710748334,1.322998324,0.894502497,1.542257024,2.906617356,1.469190736,1.015579123,1.405762048,0.897443906,1.295633463,1.163986969,0.847334418,20.55291701,0.889454192,1.141778596
2/4/2021,0.022239388,648.6583323,46.78033952,492325973,1.04309E+11,0.471987563,58.84,56500000,23456.5,40.00302124,39.77769852,3.519999981,-0.00556707,0.006755208,0.000864726,-0.023110621,0.00596816,-0.027027027,-0.005118513,-0.00624631,0.012043175,0.002926768,0.035790927,0.004854761,0.016079387,-0.001638635,0.007649482,0.006257181,0.012322174,0.008213157,-0.000625208,-0.036437789,0.008285455,30.02402958,31.88221294,30.87628057,27.68405713,31.67196702,27.74479613,29.33699014,33.14699099,30.14819854,28.35826899,28.17665837,33.52073484,28.6458216,32.78866255,30.77356438,33.57413087,34.72226314,31.0383187,32.31204831,27.64587478,34.5864628,0.827574248,0.967805464,1.757664002,1.149482124,1.596342355,1.436093825,1.700015393,1.315618355,0.898013617,1.542108661,2.912957337,1.479360071,1.032275959,1.404445933,0.907517225,1.298084292,1.17497217,0.852536616,20.51612211,0.865790418,1.145559343
2/5/2021,0.236074384,648.9008293,47.28924865,521678378,1.04309E+11,0.500127409,59.34,56625000,23462,40.59225082,40.43367004,3.549999952,0.016524766,0.024069604,-0.006041578,0.009819749,0.003213073,0,0.012712921,0.005301289,0.015370875,0.009424432,0.043615423,0.007627386,-0.015349736,-0.003370456,0.014565129,0.014906646,0.022904972,0.01479205,0.002707216,0.030682484,0.01259814,30.04762703,31.89939626,30.85237558,27.70989258,31.67682257,27.74479613,29.34516653,33.15075114,30.16852523,28.37233194,28.22818742,33.5280489,28.6393515,32.79680812,30.7765352,33.58219762,34.74168078,31.05401175,32.3185649,27.6667716,34.60098653,0.848862157,0.989650863,1.74777163,1.163856823,1.600864246,1.436093825,1.717266696,1.319762266,0.907263401,1.550217718,2.969422798,1.489538776,1.012917037,1.400729806,0.915180278,1.312919878,1.200110035,0.861488945,20.7839083,0.901985995,1.159437169
2/8/2021,-0.331776179,648.4044614,46.13790924,689695092,1.04344E+11,0.660981426,60.56,56775000,23459,43.17024994,40.9305687,3.470000029,-0.019021752,-0.006961526,-0.017884523,-0.000450816,-0.022367831,-0.012962963,0.010170915,-0.011300094,-0.002580631,-0.02250593,0.031361114,-0.016441807,-0.046736404,-0.009232317,-0.039268009,-0.025588559,-0.031221962,-0.020458541,-0.024917414,-0.017508,-0.025899129,30.01533833,31.89544071,30.82489733,27.7081704,31.65245708,27.73174841,29.34394487,33.12411669,30.17741393,28.35622925,28.27365368,33.49557648,28.58877462,32.75187607,30.72150851,33.54393335,34.69797441,31.0213626,32.27368888,27.65093059,34.55542522,0.839268148,0.989743545,1.719117059,1.162933331,1.552648621,1.417477794,1.718988744,1.306683394,0.89902487,1.534624748,2.950600977,1.469376192,0.958394327,1.386961294,0.88248387,1.276116065,1.15977588,0.84173436,20.05713132,0.883990241,1.130834467
2/9/2021,0.401454966,648.976119,47.25580548,497373957,1.04453E+11,0.47617034,61.09,56775000,23453,45.74842072,43.80224991,3.339999914,0.024795878,0.01279318,0.009710759,0.026446336,0.021432367,0.001876173,0.008030441,0.009957262,0.018351589,0.010539404,0.050842358,0.018449086,0.026655346,0.003670744,0.026308586,0.020929081,0.027024343,0.016911955,0.031320091,0.01618795,0.019222036,30.04881185,31.91413897,30.86898989,27.74635842,31.69452557,27.73362283,29.35397869,33.1501823,30.21226088,28.36089201,28.33099904,33.52177397,28.62030039,32.75601978,30.75993873,33.57253565,34.72982477,31.04304397,32.30787367,27.66264626,34.58740133,0.861249618,1.002938781,1.739068887,1.194184289,1.601161557,1.420137227,1.734360899,1.318973956,0.912763977,1.539131518,3.044776119,1.495313441,0.984990916,1.39562488,0.909524049,1.304072097,1.192906185,0.858940882,20.68960954,0.903427547,1.152649118
2/17/2021,0.567434984,649.6731706,48.39876322,548380115,1.04454E+11,0.524997021,64.34,56625000,23445.5,46.08525848,43.89577103,3.49000001,0.03933253,0.025920001,0.013483202,0.023215998,0.046611341,0.009363296,0.021360824,0.017995345,0.03671647,0.011599591,0.033816425,0.024658155,0.040673639,0.025470893,0.03974875,0.03382872,0.034929998,0.019968871,0.003767958,0.026127441,0.038845537,30.10007298,31.96115488,30.88873284,27.76212939,31.73758326,27.74294256,29.36661676,33.2013637,30.26809632,28.37245121,28.37876278,33.54653599,28.63471344,32.80531868,30.81798533,33.59401567,34.76689578,31.08198254,32.32613306,27.69636051,34.6233229,0.892868423,1.027758532,1.760235793,1.215414249,1.674598774,1.433434392,1.748581641,1.34443316,0.936266715,1.546603215,3.044776119,1.525051512,1.017450236,1.423775382,0.944329442,1.342410189,1.235824759,0.874918718,21.29619005,0.916500973,1.197340953
2/18/2021,0.176052188,650.0028763,48.60256212,597969859,1.04454E+11,0.572472244,63.93,56275000,23450.5,47.02790833,44.92145157,2.960000038,0.007824533,0.001791524,0.009835414,0.005911603,0.003023484,0.001855288,3.35013E-05,0.001984486,0.006878853,0.016462108,0.034446369,0.009678614,0.031281499,0.018434068,0.009507856,0.01477665,-0.000463092,0.005478823,0.00697629,-0.020669698,0.011004016,30.11780681,31.96894155,30.89671611,27.76638217,31.740885,27.74479613,29.37247954,33.22362611,30.29160422,28.38599512,28.42778278,33.56966099,28.67384677,32.852732,30.84752866,33.60690231,34.77816023,31.09119562,32.33010314,27.67432195,34.64140909,0.902081969,1.034492226,1.780261365,1.221196648,1.678219526,1.436093825,1.756318009,1.34843652,0.941958356,1.560939604,3.047880069,1.540866465,1.050915178,1.444607775,0.958945901,1.361025694,1.238326123,0.880628097,21.30527241,0.898821596,1.21527477
2/19/2021,0.112562632,650.0726065,48.52720445,562555159,1.04454E+11,0.538567637,62.91,56025000,23451.5,46.96313858,44.59262085,3.349999905,0.015430213,-0.001928181,-0.00080808,-0.000964603,-0.00242435,0,-0.005138645,0.001839742,-0.00183245,0.014925182,0.048868485,0.001087995,0.012623622,0.001994043,-0.006664483,0.012750856,0.008003014,0.010427827,-0.002504593,0.000944779,0.00593226,30.12426606,31.96991468,30.92014729,27.76567718,31.72380775,27.74479613,29.37091828,33.21637777,30.26825704,28.39988012,28.48542307,33.56606945,28.6893983,32.86699938,30.84442669,33.60248832,34.78198746,31.09409958,32.32650043,27.6734849,34.63768661,0.921221024,1.033476838,1.780732697,1.220236394,1.672320114,1.436093825,1.750087895,1.355384393,0.940839301,1.57562236,3.132677321,1.537907417,1.06680694,1.448032926,0.955002867,1.370482223,1.246450969,0.890335871,21.06712632,0.901669618,1.224697139
2/22/2021,0.123709843,650.175492,49.11965816,610975274,1.04454E+11,0.584923104,65.24,56050000,23447,50.13264847,46.5750885,3.369999886,-0.000781583,0.003209163,0.001675298,0.002059287,0.008487486,0.018518519,0.008973278,-0.003963355,0.016663246,0.016655514,0.038658947,0.001630513,-0.002465694,-0.00091634,-0.010268369,-0.002657659,0.003945081,0.007706272,0.005528475,0.00423185,0.006819915,30.12858266,31.98660912,30.91436502,27.75089573,31.72835519,27.76314527,29.38927141,33.2099129,30.29103917,28.41719012,28.53835402,33.56293759,28.67269328,32.86325,30.82638168,33.59864873,34.7795969,31.0997135,32.33168382,27.67794024,34.6449257,0.92242671,1.043753446,1.78752421,1.216456114,1.69175918,1.462688155,1.831691244,1.350547893,0.953912655,1.592893124,3.157773081,1.536853944,1.060520325,1.442596067,0.942279296,1.365105134,1.250900998,0.898207913,21.47863373,0.905214132,1.227920809
2/23/2021,0.201016386,650.381399,50.02989818,602662812,1.04454E+11,0.576965088,65.37,56350000,23454.5,54.55622101,48.83084106,2.670000076,0.009277318,0.009441016,0.004717221,-0.009920635,-0.007660014,0.069090909,-0.010982891,0.005476161,0.002680875,0.031835515,0.035252671,0.004032792,-0.002720779,0.001061055,0.017396208,0.006614303,0.007780597,0.008132404,0.006362327,0.011696089,0.001453245,30.13746268,31.98181029,30.93091583,27.74308556,31.71390667,27.82995394,29.38457025,33.21955926,30.31156087,28.43317466,28.59000173,33.55486362,28.66867109,32.90344968,30.8147547,33.59090701,34.7839484,31.09877121,32.35408465,27.69198667,34.64396022,0.931905855,1.049007978,1.804273297,1.206018572,1.683026829,1.563746609,1.812391552,1.357171547,0.960015302,1.614962796,3.164047022,1.538371809,1.056693242,1.448673418,0.941853203,1.369182632,1.260613911,0.900592068,22.22634353,0.912956459,1.228050548
2/24/2021,-0.01558279,650.3143991,50.0697003,600055114,1.04455E+11,0.574465278,67.04,56275000,23450.5,63.10622025,50.18362045,3.099999905,-0.017592219,-0.009951827,-0.019629879,-0.004856497,-0.007333656,0.051020408,-0.00940976,-0.005505969,-0.005459101,0.023315163,0.030696276,-0.004016954,0.028260982,-0.008548392,-0.00653147,-0.01002933,-0.010995692,-0.006828215,-0.00100378,-0.010193873,-0.010989003,30.11632768,31.98854746,30.91251581,27.73886236,31.71205432,27.87971545,29.37219642,33.207122,30.28739645,28.45396725,28.6408683,33.5530635,28.68731025,32.87883526,30.79469023,33.57820151,34.76890389,31.08594847,32.34621598,27.68485056,34.62680597,0.915172144,1.046657945,1.770151118,1.20249384,1.673035238,1.643529599,1.784203302,1.35033837,0.954627064,1.637417787,3.138951261,1.536876776,1.095301681,1.436463774,0.930577724,1.351826128,1.244594254,0.894144331,22.34695452,0.900192983,1.216190462
2/25/2021,0.071755634,650.4912714,50.29076518,509951341,1.04455E+11,0.488204054,66.88,56250000,23450.5,60.84106827,48.35165024,3,0.007255547,-7.69058E-05,-0.002423125,0.0080388,0.003751332,-0.029126214,-0.006516353,0.003311472,-0.005265786,0.017171799,0.040842242,0.008631648,-0.002535175,0.004160211,0.011085164,-0.000292988,0.004782108,0.001039048,0.00700338,0.001725534,-0.000806106,30.13303376,32.00454334,30.93687956,27.76018301,31.72109033,27.85015665,29.36675705,33.21487329,30.30302479,28.47956194,28.69689036,33.56149764,28.68276596,32.88429652,30.79032599,33.56656563,34.77134359,31.09087871,32.36298261,27.6860374,34.62758334,0.919958056,1.048718532,1.781741218,1.215189496,1.679487837,1.595659805,1.761538761,1.354747522,0.954885639,1.66074576,3.176594902,1.542966671,1.093652002,1.446757398,0.936839806,1.347414652,1.250462792,0.893905669,22.51224681,0.90230943,1.214942419
2/26/2021,0.095229426,650.5977128,51.01891626,559334206,1.04455E+11,0.535480946,64.42,56150000,23449.5,66.28630066,49.79904938,3.099999905,0.011744659,0.003494961,0.002611342,0.004018648,-0.005841857,-0.011666667,-0.004686271,0.00300637,0.009620586,0.019044495,0.044203994,0.010020859,-0.009535565,-0.001143696,0.015541097,-0.003679118,0.000854246,0.004768036,0.006734002,-0.006913494,0.003032798,30.1440684,32.00300979,30.93566552,27.75970861,31.7198349,27.83842139,29.365371,33.21468483,30.30502599,28.50645563,28.75467862,33.57607897,28.67166157,32.88220441,30.79939336,33.56962107,34.77564817,31.09780624,32.3731507,27.68125723,34.6239664,0.927783428,1.056140091,1.791020681,1.217781427,1.672016809,1.577043774,1.756401092,1.357853251,0.96022502,1.686473283,3.236032228,1.553546946,1.077023101,1.440205896,0.947722059,1.346470546,1.253998361,0.897038525,23.15285236,0.893800446,1.217486928
3/1/2021,0.299908141,650.9697772,52.29511611,653425059,1.04462E+11,0.62551662,63.69,56050000,23457,66.72705841,50.12754822,2.660000086,0.013245964,0.01027644,-0.002388644,-0.008794473,0.034959866,0.005059022,0.004086158,0.007006204,0.011893475,0.036363699,0.031641325,0.01485205,0.017408816,0.01627635,0.005653606,0.02033269,0.027612472,0.012219999,0.013262416,0.014385609,0.014555097,30.16492774,32.01606426,30.92790317,27.75720926,31.74455116,27.84346766,29.36969334,33.23943499,30.33678603,28.56392816,28.80809425,33.58617848,28.68909659,32.90100407,30.81263514,33.5818059,34.79551836,31.11916912,32.39306565,27.68796426,34.63127963,0.93925338,1.068465637,1.78188003,1.208755098,1.739941401,1.585022073,1.756346744,1.366325953,0.977442879,1.731485045,3.216219786,1.566142696,1.095580825,1.455885829,0.95623148,1.362741776,1.286012858,0.906160904,24.14737702,0.914398011,1.233446685
3/2/2021,0.142307059,651.066931,52.33254239,581100775,1.04507E+11,0.556041848,62.7,55900000,23460.5,63.79663849,47.52817154,2.619999886,0.015789091,0.005419437,0.007502831,0.002178649,0.017710779,-0.016778523,-0.004167422,-0.000988868,0.002530623,0.022128258,0.030843657,0.007816216,0.01035958,0.00840866,-0.006502104,0.008962095,0.005208427,0.010218197,0.006519553,0.00844612,0.000701803,30.1880958,32.0110825,30.92931288,27.75875423,31.74513811,27.82654678,29.37254218,33.23141353,30.32414769,28.59714672,28.86171162,33.58867945,28.68732891,32.91336443,30.80960629,33.57796653,34.79848319,31.12251708,32.39959037,27.69390211,34.62960064,0.952957143,1.072789768,1.792844046,1.210842606,1.753046525,1.558427743,1.750196248,1.365084786,0.978019261,1.764071918,3.19310527,1.576758022,1.106404229,1.46526456,0.952505894,1.367891093,1.293636258,0.916277482,24.10629301,0.92504504,1.231081478
3/3/2021,0.265583945,651.2011438,52.2994176,636855989,1.04507E+11,0.609392718,64.07,55800000,23465.5,64.7518692,48.45510864,3.619999886,0.024824782,0.019660457,0.002236642,0,0.007644558,-0.003412969,0.010181132,0.004267357,0.012745443,0.023412584,0.036247596,0.016785844,0.010568557,0.005971291,0.028403895,0.020102756,0.012399523,0.009763531,0.008625798,0.004161332,0.010993837,30.20511896,32.01198813,30.91462978,27.75875423,31.74292625,27.82312797,29.38882055,33.23247207,30.31820922,28.61093463,28.91816831,33.59080256,28.72517063,32.9122358,30.82933386,33.57620329,34.79825096,31.12220995,32.39502526,27.69686385,34.62989759,0.970238249,1.08698896,1.798889121,1.210842606,1.754677749,1.553108877,1.764646846,1.371123489,0.986523395,1.78949565,3.203011491,1.595914401,1.116531142,1.475265934,0.968264018,1.385094047,1.305771778,0.917937726,23.87480158,0.930379352,1.239911187
3/4/2021,-0.094566633,651.1317788,51.42337921,682913783,1.04507E+11,0.653464352,66.74,55800000,23461,60.67605972,45.91057968,3.319999933,-0.013090707,0.003151054,-0.009575947,0.023909642,-0.027113967,-0.023972603,0.002207188,-0.007315543,0.003335703,0.01082055,0.02857689,-0.001268872,-0.003485649,-0.004581672,-0.018335896,-0.014491045,-0.017648576,-0.009040446,-0.004577366,0.004110276,-0.016179648,30.19256539,32.00288,30.91165276,27.77417931,31.72036747,27.79886335,29.39325799,33.22704444,30.32939535,28.62831372,28.97291786,33.57067658,28.74565933,32.89657531,30.81766995,33.56198409,34.77853209,31.11067753,32.38373162,27.69980491,34.61502976,0.943302358,1.092595752,1.793273541,1.242296132,1.718358337,1.515876815,1.762967545,1.362034523,0.980786014,1.813944251,3.163386607,1.584205131,1.120192935,1.460678548,0.948006733,1.367372365,1.28151953,0.910439315,23.20976636,0.935692068,1.216684344
3/5/2021,0.148495168,651.2799911,52.11046137,581766072,1.04502E+11,0.556704152,69.36,55300000,23468,66.35527802,48.29153061,3.130000114,0.012496605,0.008593124,0.013552674,-0.006451613,-0.002617178,0,0.004733123,0.008930557,0.016400298,0.028048197,-0.038844921,0.008823543,0.017838803,0.01011217,0.004222609,0.005619981,0.006835424,0.009399083,0.002414938,0.030244274,0.008143475,30.22474099,32.00744733,30.91074845,27.76960845,31.72143298,27.79886335,29.39636733,33.24588917,30.35833122,28.67235503,28.91092135,33.57271452,28.79293136,32.90541807,30.8094988,33.56248402,34.77636975,31.12300281,32.39052337,27.72135775,34.60898502,0.959231598,1.101411733,1.799686868,1.236033607,1.723244264,1.515876815,1.774184221,1.374699619,0.987795211,1.857732463,3.136970017,1.594500741,1.147683728,1.472133864,0.949773655,1.374841666,1.289081376,0.920278721,23.70000165,0.97510551,1.220194039
3/8/2021,0.203679249,651.3025903,52.15847894,643458525,1.04503E+11,0.615730829,68.24,55300000,23478,65.23789978,47.15372849,2.849999905,0.016340534,0.037054312,0.009311198,0.006578947,0.018745344,0,0.001980032,0.01826363,0.014650302,-0.011509869,-0.035976962,0.011047413,0.037409435,0.006196234,0.004493372,0.007089617,0.008155339,0.015492604,-0.000282077,0.022330916,0.016308926,30.24547999,32.01734623,30.89517231,27.77417931,31.72297249,27.79886335,29.39145912,33.27198428,30.37214514,28.64606759,28.85006961,33.57447868,28.82424927,32.91224743,30.82380875,33.55431388,34.77155056,31.12587913,32.3849824,27.73791552,34.60742522,0.964832703,1.136066331,1.80697159,1.242296132,1.752493261,1.515876815,1.761928701,1.395287541,0.987825692,1.825960335,3.13036587,1.605621342,1.180166935,1.482145118,0.957949531,1.384597522,1.296253198,0.931492226,23.56123962,1.005966774,1.23314171
3/9/2021,-0.025266384,651.0469018,51.88967139,614128248,1.04503E+11,0.587664442,67.52,54925000,23485.5,60.95470047,44.30746841,3.359999895,0.006263506,0.000343685,0.006891369,-0.017208644,0.00395648,-0.01754386,-0.006057804,0.001757209,0.012768941,-0.010462661,-0.028088909,0.00172871,0.011206125,0.000988478,0.01392039,-0.004558554,0.000739863,-0.005776817,-0.002486971,-0.001414946,0.007768024,30.2510958,31.98885999,30.89213491,27.74594487,31.71405604,27.78116377,29.39623658,33.25899759,30.33871398,28.61620984,28.79345357,33.56854715,28.81920118,32.89803125,30.83688346,33.54337301,34.76836352,31.11264234,32.3768555,27.74026819,34.60586932,0.971817534,1.125644636,1.804153604,1.219621412,1.747556152,1.489282485,1.769756042,1.39750153,0.989844064,1.794700691,3.169990754,1.607124619,1.170112527,1.480229562,0.969388675,1.373503199,1.296326626,0.922099404,23.34920493,0.997422707,1.244390237
3/10/2021,0.097978504,651.0658733,52.44694541,733487004,1.04503E+11,0.701879833,67.9,55180000,23487,60.5054512,44.1805687,2.720000029,0.000363826,0.007786106,-0.000453566,0.001075269,0.026599597,0.014285714,0.008318468,0.001897569,-0.006583912,0.035160864,-0.044321237,0.004204551,0.009583875,0.011393239,0.011890907,0.005022287,0.01021202,0.001166283,0.002553436,-0.007893216,0.005716424,30.24842156,31.9771865,30.87529616,27.7467264,31.73517244,27.79534841,29.39868945,33.24810552,30.31834576,28.64533657,28.73092211,33.56798624,28.8141057,32.90883149,30.87749507,33.54831076,34.77737953,31.11702908,32.38586649,27.73187948,34.61743853,0.977067225,1.129241313,1.805493954,1.220665166,1.798383272,1.510557949,1.773819135,1.396700468,0.983450531,1.832787413,3.110553428,1.60945413,1.167116498,1.498704495,0.990984647,1.37896035,1.308590574,0.923960187,23.78597249,0.990333679,1.254148511
3/11/2021,0.011797807,651.0792311,52.49490561,662943058,1.04503E+11,0.634375742,69.63,55650000,23487.5,61.08314896,45.02711868,2.819999933,0.002676136,0.001960602,-0.00931813,-0.022840401,-0.006317659,-0.003521127,0.023350985,0.003760729,0.003539824,-0.005428117,-0.025127941,0.006038015,0.004342528,0.004300916,-0.004363463,0.003163241,0.021517591,0.009729844,-0.000414544,-0.003018139,0.007766917,30.25665545,31.97410317,30.87676807,27.73070655,31.73953858,27.79182107,29.41876582,33.25531682,30.33161557,28.62178324,28.67688583,33.58034844,28.8148495,32.92177332,30.87253781,33.55890907,34.79506446,31.12474579,32.38745778,27.72959934,34.61998546,0.975308523,1.13410303,1.78842696,1.188305955,1.795920518,1.505239083,1.799582625,1.398846742,0.994323011,1.806513991,3.169990754,1.622001375,1.189013452,1.50948589,0.985949552,1.386138853,1.333170729,0.937910186,23.7223815,0.986079187,1.266213692
3/12/2021,-0.010401128,651.0178176,52.34798848,649470935,1.04535E+11,0.621297368,69.22,55400000,23476.5,60.78295135,44.49856186,2.799999952,0.002085784,-0.00443566,-0.000779245,0.030093065,0.002577333,-0.007067138,0.009904097,-0.001076095,0.005334337,0.002686412,-0.034937888,0.004524416,-0.007131292,-0.000979177,-0.002436323,0.007479489,6.84654E-05,-0.001147161,-0.006397718,-0.012524986,0.003758155,30.26420982,31.97428581,30.88019942,27.75662486,31.73670014,27.78472884,29.41539567,33.24298811,30.32964309,28.61864156,28.61964316,33.58312403,28.81286879,32.94831793,30.86122464,33.55752727,34.79473606,31.11946081,32.38000348,27.71766689,34.61982723,0.98410885,1.13321228,1.784233956,1.228123186,1.797857088,1.494601351,1.806634855,1.395117426,1.001137232,1.802680478,3.169990754,1.622659192,1.181725832,1.510090826,0.9819882,1.392860164,1.333351552,0.936186416,23.54909233,0.972619219,1.2697173
3/15/2021,0.249548289,651.1158569,52.47770219,695262570,1.04535E+11,0.665102595,68.88,55500000,23485.5,61.77935028,45.22005844,2.839999914,0.020613503,0.019191944,0.008797637,0.010752688,0.010934159,0.046263345,0.017450177,0.002905256,0.020070248,0.014018026,-0.025890373,0.011926467,-0.003951771,0.013298617,0.027403083,0.009503136,0.005243008,0.014416339,0.001183455,0.013987301,0.011432043,30.28515614,31.99962979,30.88888271,27.76433041,31.73622886,27.82995394,29.42553612,33.24175404,30.3297729,28.62023504,28.56826639,33.58413076,28.79754573,32.94136428,30.87853502,33.56181228,34.79771552,31.13110337,32.37767659,27.73424638,34.62198066,1.009528852,1.154164699,1.786224837,1.238560728,1.799754385,1.563746609,1.826972994,1.39518342,1.010029605,1.805548214,3.222823933,1.631763715,1.155824054,1.533209353,1.000839915,1.406404771,1.341201695,0.947267103,23.38745025,0.981789612,1.279413442
3/16/2021,-0.038832614,651.0392127,52.48849275,713012486,1.04535E+11,0.682082533,68.39,55450000,23487.5,63.13151169,45.99567032,2.980000019,0.011336533,0.011714937,0.00040201,0.011438781,0.026566194,-0.015306122,0.0164114,-0.01091839,0.00791997,-0.006212125,-0.041093778,0.003569032,-0.027492367,0.002552053,-0.005457736,0.000904866,-0.008566461,-0.002371432,-0.002080013,-0.014973861,0.002823895,30.30709514,32.01201199,30.88309777,27.77176183,31.78758142,27.81452947,29.43164972,33.23387473,30.31644118,28.60362411,28.51001289,33.58636195,28.77915001,32.92421349,30.87772355,33.55372926,34.79157531,31.13960736,32.37653908,27.71926802,34.61936438,1.032387638,1.168036196,1.789793953,1.257744604,1.840785513,1.539811712,1.840505487,1.381433168,1.00766671,1.787749498,3.183199049,1.632927488,1.120733828,1.535748544,0.997725571,1.405404342,1.328869326,0.946331985,23.44275677,0.966923175,1.281958195
3/17/2021,0.101118629,651.1246483,52.98672927,720807331,1.04706E+11,0.68841099,68,55450000,23487.5,62.80942154,46.33837891,2.910000086,0.012011222,0.003124228,0.009909283,0.000779208,0.015151821,-0.005181347,0.021450908,0.007816773,0.006028961,0.006456169,-0.034682081,0.008514756,0.026719178,0.006320333,-0.015159972,-0.004955867,0.0096525,0.012375466,-0.00010709,0.015201663,-0.000307483,30.3040187,32.01447597,30.88877566,27.78178611,31.78881502,27.80933465,29.44653179,33.25405463,30.33412421,28.62232765,28.45598854,33.58952227,28.79291629,32.93402496,30.8684123,33.55097692,34.80513217,31.15658282,32.37627637,27.73424638,34.61632492,1.047497637,1.181576797,1.802972133,1.256259821,1.856578985,1.531833413,1.866969512,1.390982247,1.011583657,1.808515812,3.183199049,1.639905043,1.157982405,1.541976952,0.98061975,1.397140944,1.342090049,0.956273624,23.76437394,0.981789612,1.286607887
3/18/2021,0.032818287,651.1648125,54.16274276,659092660,1.04773E+11,0.629064747,63.28,55300000,23485,63.17242813,46.32960892,2.890000105,0.00422079,0.00950948,0.004882906,-0.020271536,0.008157049,0,0.002120813,-0.002618603,-0.004471855,0.041373044,-0.038310868,0.006278015,-0.013763979,0.001269373,0.00694986,0.004787067,0.014919876,0.001444585,0.009478045,-0.007399485,0.004263711,30.30078953,32.01480773,30.88832722,27.76785343,31.79073424,27.80933465,29.45151374,33.24516838,30.32554772,28.67237551,28.40152963,33.59630775,28.78579021,32.95337079,30.8589561,33.56812837,34.82737528,31.16027451,32.39799144,27.72365674,34.62497955,1.058866873,1.191866913,1.808320114,1.225988119,1.859180548,1.531833413,1.866724267,1.388557587,1.00663189,1.91344518,3.156782459,1.647040996,1.13571284,1.544745718,0.985069324,1.406235141,1.361670245,0.9596034,24.84034045,0.979360002,1.294767282
3/19/2021,-0.03717368,651.0627539,54.93512784,692269740,1.0479E+11,0.660626594,64.53,55300000,23482.5,60.37878036,44.15256882,2.730000019,-0.009970052,0.000577977,0.008445316,0.016737488,0.007143038,-0.010416667,-0.013601758,-0.000204189,-0.017104663,0.02844981,-0.032352394,-0.000649442,-0.007518854,-0.002487657,-0.006843731,-0.012283746,0.001903761,0.004354896,0.000934515,0.002651859,0.005060812,30.29794394,31.99457034,30.88725117,27.7785827,31.77618562,27.79886335,29.44894932,33.23605438,30.30857922,28.69462004,28.35091238,33.60003365,28.80153851,32.93748585,30.86833578,33.55970603,34.8178568,31.16242896,32.3892455,27.72810719,34.62550313,1.038375829,1.189284673,1.811358403,1.249395307,1.841178789,1.515876815,1.857245615,1.388009999,0.998942364,2.006378459,3.169990754,1.647736533,1.127651696,1.539248449,0.987000435,1.387698061,1.360712423,0.964509955,25.57897504,0.978976673,1.296581568
3/22/2021,0.083386331,651.058142,55.01668555,729247808,1.04795E+11,0.695882915,64.62,55250000,23487.5,59.8348999,43.82872009,2.660000086,0.007650007,0.00914201,0.004825817,0.022292994,0.005043853,-0.003508772,-0.005784663,0.002252011,0.01328157,0.031180976,-0.034606205,0.002594149,-0.009682126,-0.002568556,0.000813948,0.000425378,-0.00492168,0.007470673,0.002628283,0.027300151,0.007556515,30.31115566,31.99122321,30.88981048,27.79434911,31.76482628,27.79534841,29.44144196,33.23399345,30.3194159,28.7064938,28.29996532,33.5939351,28.78417419,32.92801859,30.86226396,33.55373924,34.82096731,31.1822253,32.39836751,27.7580091,34.6284181,1.04698266,1.19512262,1.810632003,1.271314145,1.845271451,1.510557949,1.842669687,1.389896662,1.00761778,2.078240448,3.169990754,1.648735342,1.11205282,1.532859649,0.984961774,1.387889023,1.3560232,0.971810311,25.55545342,1.000875459,1.297728394
3/23/2021,-0.081326692,650.9126316,54.36377789,701367083,1.04795E+11,0.669277803,60.79,55400000,23484,56.21253967,41.59769821,2.480000019,-0.001936498,-0.004495064,-0.005570747,0.022885572,-0.010779353,-0.007042254,-0.017561634,0.000827997,0.003605553,0.032146322,-0.037740385,0.002076102,-0.009388934,0.001640472,-4.6703E-05,-0.008927574,-0.01180403,-0.006067112,-0.002141096,-0.010186928,-0.010820396,30.30223338,32.00905525,30.8968072,27.81133657,31.76438397,27.78828124,29.43807862,33.23917189,30.30430477,28.71267284,28.24812514,33.59045365,28.77888857,32.92186032,30.84398447,33.54307184,34.80542451,31.16800303,32.38198359,27.74542505,34.61908567,1.041693463,1.19338652,1.796386749,1.295320491,1.833493286,1.499920217,1.82954307,1.391975715,1.004818682,2.164724607,3.150178312,1.648481981,1.098935978,1.539564961,0.976678587,1.377057797,1.337747201,0.967553183,24.94325874,0.994191356,1.278866998
3/24/2021,-0.278856956,650.5446541,53.32590657,755351632,1.06152E+11,0.711577304,64.41,55300000,23488.5,54.64455032,41.16588974,2.74000001,-0.01884946,-0.01336329,-0.000260402,0,-0.027429286,-0.007092199,0.008000405,-0.011831498,-0.010269036,-0.002182357,-0.03548348,-0.006688298,-0.019650064,-0.01846984,-0.024836357,-0.017441874,-0.02598218,-0.019487709,-0.013620353,-0.002277694,-0.011641986,30.28236159,32.01574157,30.89724184,27.81133657,31.74212804,27.78116377,29.42827156,33.21960619,30.2646197,28.69062085,28.19882227,33.57377233,28.75811242,32.88919768,30.81492587,33.52592121,34.7983985,31.14133198,32.35699305,27.7437356,34.6103515,1.017807708,1.168227602,1.796543129,1.295320491,1.802221104,1.489282485,1.828490852,1.375376779,0.992505136,2.216839989,3.143574165,1.638555682,1.062469236,1.506231854,0.955870089,1.356241674,1.30382331,0.948134321,24.18171809,0.990995088,1.255677788
3/25/2021,-0.041568717,650.4811566,53.9565029,676722161,1.06152E+11,0.637504588,61.95,55280000,23495,53.11862183,40.32025909,2.859999895,-0.003393423,0.00727264,-0.002472489,-0.02146414,-0.004648599,0,-0.007677742,0.004839989,0.004217042,0.018417756,-0.032973248,0.000524922,0.003117271,-0.005057141,-0.00390461,-0.005742436,0.002050925,-0.002696255,0.003109851,0.001104739,0.003806233,30.27593043,32.01555691,30.89017015,27.79693526,31.73736466,27.78116377,29.43008262,33.22002396,30.25771522,28.69752241,28.15258927,33.57159832,28.77266466,32.87669778,30.8067566,33.52606354,34.80027899,31.14203675,32.36534881,27.74830618,34.61635032,1.012129662,1.177589101,1.787474761,1.264862423,1.794496961,1.489282485,1.827269465,1.380665373,0.996559091,2.317052672,3.150178312,1.643047896,1.071338363,1.502235829,0.951955623,1.348883439,1.307102094,0.94712058,24.73924706,0.986683917,1.261327787
3/26/2021,-0.167948205,650.3721241,53.47710145,725276075,1.06156E+11,0.683214971,64.57,55100000,23501,48.41551971,37.7833786,3.190000057,-0.006981478,-0.003324621,-0.006970568,-0.014981273,-0.006582159,-0.019642857,-0.011600563,-0.003372154,-0.023093957,-0.018821613,0.030727763,-0.007386478,-0.015660791,-0.001417059,-0.007799242,-0.006674945,0.004916475,-0.00855239,-0.00650379,-0.027387152,-0.006839352,30.26956122,32.0116108,30.89227235,27.78497651,31.72952406,27.76132543,29.41449983,33.21271893,30.25308333,28.68092913,28.19476542,33.57507137,28.76021111,32.86913293,30.79847311,33.5192394,34.80192924,31.13352688,32.37231679,27.7189088,34.61804749,1.004165386,1.177121504,1.773932663,1.248162356,1.775936483,1.460028722,1.796825671,1.375375315,0.977572906,2.29949645,3.123761722,1.638493519,1.060406996,1.505066394,0.945494272,1.340333429,1.31186719,0.939423343,24.50496041,0.961937108,1.25673961
3/29/2021,0.403033545,650.7350952,54.42875267,691540681,1.06158E+11,0.651425443,64.98,54970000,23501.5,51.73065186,40.4401207,2.299999952,0.021680184,0.023331369,0.006772592,-0.001960784,0.009510219,0.005464481,0.017859029,0.011415554,0.023994732,0.039936599,0.033067547,0.020747344,0.030433804,0.015091252,0.031805592,0.013000578,0.018532924,0.018280099,0.013228455,0.033979986,0.016861989,30.29523913,32.00991141,30.89514686,27.78347157,31.74557959,27.76677504,29.43049377,33.22038347,30.26295967,28.70362924,28.23913075,33.58312949,28.80686196,32.88872909,30.8367628,33.53152326,34.81642795,31.15068795,32.38541105,27.75621271,34.62662844,1.028071201,1.191935047,1.782948893,1.246074848,1.771343247,1.468007021,1.811961705,1.389395703,0.992717486,2.414366941,3.117157575,1.667465546,1.091383515,1.521075906,0.971129152,1.355050101,1.334699862,0.954936894,25.0588099,0.988786879,1.271435248
3/30/2021,0.160474942,650.9316746,54.41310099,798029042,1.06198E+11,0.751456144,64.14,54650000,23504.5,51.82632828,40.14715958,3.089999914,0.004466618,0.022713546,0.011471379,0.00591716,0.001073977,-0.003623188,-0.006408817,0.003257562,0.015271701,0.008188534,0.034722222,0.010755479,0.026167011,0.000535613,0.017201203,0.002189811,0.011666647,-0.005744717,-0.005025966,-0.001554258,0.007233425,30.29826868,32.01155539,30.92492585,27.78797963,31.73961458,27.76314527,29.42868285,33.22340451,30.27955124,28.71501488,28.28590373,33.58963593,28.85119657,32.89418954,30.83658319,33.54036116,34.82813449,31.1530913,32.38377407,27.75509505,34.64156663,1.027633284,1.21120789,1.809968079,1.252337373,1.7648006,1.462688155,1.796142822,1.395813929,0.996984936,2.431568394,3.117157575,1.680587308,1.116859357,1.516460215,0.979076358,1.359678353,1.350101064,0.951952311,24.92957411,0.986648834,1.275860045
3/31/2021,0.044898409,651.0032639,54.33965418,744849208,1.06198E+11,0.70137988,62.74,54300000,23508,50.39128876,39.24982071,2.779999971,0.003929002,0.018222277,0.000782751,-0.015503876,-0.002235787,0.010909091,-0.014016125,0.005807772,0.008101039,-0.033617737,0.033766234,0.001774721,0.030711574,-0.005522438,-0.001523697,-0.006677947,0.013289346,0.008865481,-0.001895232,-0.010904899,0.000636859,30.30977105,32.00859085,30.91952811,27.77591266,31.74625216,27.77399528,29.42347887,33.22473246,30.28063871,28.69098605,28.33233284,33.60140662,28.89304788,32.88506221,30.83620892,33.54784587,34.83521961,31.1542052,32.37567218,27.74190191,34.64647443,1.016391969,1.233373578,1.806754197,1.235637306,1.77462021,1.478644753,1.772173747,1.404545453,0.995906753,2.304800147,3.117157575,1.68465726,1.15262328,1.506471358,0.967909597,1.353685994,1.366050969,0.961157977,24.95110813,0.978884911,1.277099016
4/1/2021,0.15701548,651.3291655,55.21345436,680865499,1.06234E+11,0.640910789,64.86,54700000,23507,52.66262054,40.88299179,2.589999914,0.011010539,0.01931026,-0.002085531,-0.004065041,0.010781303,0.007194245,-0.003770304,-0.001253633,0.01022012,-0.005972649,0.037241226,0.001430596,-0.019138134,0.009238202,0.005821753,0.019756039,0.024270151,0.006180402,0.01684372,0.004676145,0.00932607,30.32928513,32.03074441,30.92591371,27.77287303,31.76942606,27.78116377,29.49439435,33.23606821,30.30040668,28.68018757,28.38174691,33.61182201,28.86233839,32.90370516,30.84336975,33.56437249,34.85681707,31.16715059,32.40001955,27.74528415,34.67207648,1.035536329,1.265903242,1.809326233,1.23146229,1.797321869,1.489282485,1.76428062,1.401602798,1.000942303,2.207293026,3.136970017,1.686640139,1.120584985,1.517478182,0.971786782,1.381817337,1.398501404,0.966667865,25.75276254,0.985277447,1.292016468
4/2/2021,0.104718704,651.4347047,55.0261185,685927459,1.06246E+11,0.645603202,64.86,55150000,23506.5,51.42235184,40.45225906,2.690000057,-0.006093454,0.016996108,-0.008343835,0.004115226,-0.004466192,0.017857143,0.001966506,0.00712231,0.000795313,-0.000195063,0.034168565,0.001989938,0.006322512,0.002594723,0.006551022,0.002946807,0.007013872,0.010871755,-0.001897303,0.00503573,-0.00063298,30.32404964,32.03670482,30.9115681,27.77591266,31.76969953,27.79886335,29.49984436,33.23391613,30.2964884,28.67829109,28.43036905,33.61713177,28.85034222,32.89963322,30.86275867,33.57470278,34.86894706,31.17480032,32.39690671,27.7566374,34.67713743,1.024098818,1.290598809,1.795824663,1.235637306,1.788675087,1.515876815,1.771776932,1.409527181,0.998846811,2.12697329,3.136970017,1.688044891,1.107753652,1.516850048,0.981838725,1.389359153,1.408978197,0.97477838,25.58977887,0.98095279,1.292978066
4/5/2021,0.101476663,651.4862744,54.94186534,684891558,1.06246E+11,0.6446282,62.15,54900000,23504,52.46485901,40.95954132,2.529999971,0.003424614,0.013596277,0.014220989,0.000479591,0.021365998,0.007017544,0.009850728,0.000338389,-0.004011783,0.013885231,0.033062507,0.005421928,0.001750936,-0.005607828,0.004654767,-0.005551364,0.007771252,-0.009100164,-0.00342678,-0.01468621,0.007020039,30.31720448,32.03116702,30.93466508,27.7731535,31.76864897,27.80585639,29.51130498,33.22901644,30.29030413,28.6791687,28.47923509,33.61887844,28.83947741,32.89846462,30.8657018,33.57411622,34.88660758,31.16289281,32.3948425,27.73794528,34.68762298,1.025457635,1.306355578,1.795564971,1.235088008,1.804760863,1.526514547,1.786627565,1.407796084,0.99725717,2.133413904,3.13036587,1.690272266,1.091453172,1.509075347,0.985198436,1.384379266,1.422334913,0.962945995,25.4745981,0.971434151,1.3009715
4/6/2021,0.138654148,651.5069125,54.81577775,712773361,1.06256E+11,0.670808541,62.74,55050000,23504.5,51.45653152,40.30868912,2.839999914,0.002148236,0.021816721,-0.005055109,0.014056225,-0.007922062,-0.013937282,-0.007427041,-0.005587981,0.02549408,0.031461898,0.032820435,0.002111982,0.001310988,0.001985952,0.022932086,-0.001225368,0.002000656,0.00709594,-0.002021861,0.013434641,0.003161012,30.32127244,32.03312501,30.909583,27.78374908,31.76571835,27.79182107,29.49815319,33.22813818,30.295978,28.6869874,28.52963681,33.61726933,28.83553749,32.88981696,30.85836002,33.56467944,34.89320072,31.16327496,32.39461861,27.75020731,34.69578507,1.032123991,1.328228968,1.777005658,1.249700566,1.793603606,1.505239083,1.78330798,1.398211555,1.021397827,2.225847611,3.117157575,1.690219416,1.074546815,1.50946607,1.003484071,1.380462137,1.426148798,0.96643797,25.24679309,0.985973939,1.300421019
4/7/2021,0.165460411,651.6679797,54.95923812,724173355,1.06256E+11,0.681537355,63.16,55050000,23500.5,52.62548065,41.27782059,2.579999924,0.025085233,0.011810493,0.009844456,0,-0.006713764,0,-0.002859427,0.001541973,0.014714877,0.007666538,0.035574247,0.015540276,0.017017472,0.002720242,0.018313315,0.006599282,0.007390907,0.00462495,0.000559401,-0.009364055,0.005393995,30.34979023,32.03499102,30.93162221,27.78374908,31.76660526,27.79182107,29.50139569,33.22955188,30.29654861,28.6901021,28.58174849,33.6226846,28.85073932,32.89453937,30.87237772,33.56368498,34.89426124,31.17950531,32.39417545,27.74077959,34.69730646,1.054080113,1.341025739,1.789939642,1.249700566,1.787439685,1.505239083,1.800609415,1.404214261,1.029660603,2.260179677,3.123761722,1.709559837,1.082707017,1.517745217,1.014203042,1.382955936,1.43713284,0.971281763,25.21462078,0.976768463,1.306412721
4/8/2021,-0.06266305,651.5554809,55.0836161,670734913,1.06256E+11,0.631245123,63.2,55050000,23496.5,52.74835968,41.36380005,2.660000086,-0.003796241,0.009552373,0.002107607,0.001926782,-0.00745014,-0.008833922,-0.0089645,-0.003401678,-0.000980083,-0.020486385,-0.035432555,0.005152683,0.002708762,-0.004515111,0.001117277,0.000140026,0.00097217,-0.000367042,0.003373581,0.001552992,0.002960356,30.34061324,32.03785791,30.92596418,27.78525361,31.76594405,27.7829479,29.49896529,33.22684193,30.29332711,28.67845061,28.52557714,33.61944242,28.84664368,32.90009686,30.87932078,33.56025563,34.88320613,31.17432584,32.3970838,27.74190191,34.69146091,1.043967572,1.350344431,1.80018632,1.251788075,1.773552362,1.491941918,1.790075518,1.397983521,1.020604522,2.242253796,3.120459649,1.714795496,1.070079633,1.509214316,1.014902143,1.379592998,1.433805049,0.974275755,25.41679481,0.978884911,1.308113304
4/9/2021,0.019199426,651.4869935,54.99862313,740807890,1.06256E+11,0.697192525,62.95,55050000,23492.5,53.02468872,41.63367844,2.50999999,0.007343225,0.011481296,0.003669211,-0.013409962,0.007599293,0.008912656,-0.027150761,0.007180039,0.004649822,0.022295225,-0.034709193,0.003822104,-0.00231742,-0.000982576,0.011076946,0.006305588,9.60117E-05,0.004283175,-0.006624066,-0.003112164,0.008790977,30.35061151,32.03891716,30.91761715,27.77467405,31.79222315,27.79182107,29.47434352,33.22937029,30.28283167,28.67859387,28.47089172,33.62169488,28.83774479,32.90239739,30.89364338,33.55731909,34.87548137,31.17870863,32.38909367,27.73964453,34.68937058,1.047258572,1.353249243,1.797852048,1.237175516,1.785484137,1.505239083,1.748109692,1.403895851,1.019236141,2.313050379,3.120459649,1.714713301,1.048718285,1.508115903,1.026064086,1.383811246,1.430763654,0.977210296,25.28755896,0.974630419,1.316026673
4/12/2021,0.151150324,651.5887113,54.8866459,881256363,1.06256E+11,0.829372038,63.28,55050000,23495,56.39797974,43.72076035,2.589999914,0.016086579,0.014323453,0.006819252,-0.009779308,-0.006639739,0.04770318,-0.005970605,0.007729237,0.018401004,0.007715957,-0.036390596,0.009833292,0.002157742,0.004069551,0.03220088,-0.005025542,0.019199255,0.001201714,0.003005926,0.007086386,0.017422706,30.36225326,32.03919452,30.9184004,27.75550196,31.79063408,27.83842139,29.47270968,33.23103761,30.27377451,28.68499509,28.41675832,33.63630673,28.84408215,32.90123886,30.94227225,33.55709194,34.89192696,31.17956857,32.38649568,27.74606323,34.71998415,1.054795657,1.355686064,1.790823258,1.223400128,1.769016681,1.577043774,1.751981905,1.410609638,1.031600081,2.259932789,3.107251354,1.721928004,1.038114606,1.522392946,1.062957865,1.379117726,1.457031764,0.976846208,25.08045075,0.982429425,1.333235273
4/13/2021,-0.216911227,651.3267691,54.13808483,1040823143,1.06265E+11,0.979461079,63.67,55000000,23492.5,57.69807816,43.9754715,2.569999933,0.002417851,-0.017466178,0.006115486,-0.00591716,-0.020724188,-0.021922428,-0.019091855,-0.01067862,-0.004280741,-0.00689143,-0.035694734,-0.003487897,-0.0110649,-0.00161527,-0.011426768,-0.007398209,-0.016001044,-0.012145166,-0.003723926,-0.003928772,-0.011985277,30.35520868,32.02256554,30.91607606,27.75084473,31.77190442,27.81625509,29.45231171,33.20990195,30.25982738,28.67909518,28.36349741,33.6229265,28.8315681,32.8803312,30.92922004,33.56273843,34.87666569,31.1641985,32.38040992,27.74190191,34.73932068,1.053678919,1.339719971,1.789882595,1.217137603,1.723586503,1.542471145,1.736998964,1.395168767,1.022233356,2.250317978,3.100647206,1.713321856,1.021397053,1.519363206,1.051745513,1.374696182,1.433174846,0.965341523,24.59037183,0.978884911,1.317944898
4/14/2021,0.19960399,651.5061796,54.32768897,847030000,1.06271E+11,0.79704379,66.58,55100000,23494.5,58.95013046,44.81827927,2.900000095,0.019277689,0.01119411,0.01056404,0.026691855,0.009524872,0.006896552,-0.011793368,-0.000204141,0.013389342,0.039856511,0.031156351,0.014760076,0.026097207,-8.57222E-05,0.00848291,0.003861713,0.006496121,0.002632717,-0.002161144,-0.025357707,0.008324006,30.37154153,32.03039639,30.91609407,27.78883749,31.77818906,27.82312797,29.44364111,33.21225323,30.27556073,28.70531102,28.41105655,33.64373446,28.84707829,32.87812812,30.92504523,33.57894649,34.88603648,31.16554816,32.37969419,27.70990521,34.73605382,1.06701285,1.35483842,1.800458732,1.249648545,1.75382848,1.553108877,1.733869991,1.391748955,1.028958266,2.363176007,3.077532691,1.727587734,1.037386355,1.515952162,1.053228764,1.381425272,1.44367587,0.965155576,24.54391302,0.962703766,1.322478635
4/15/2021,-0.059746337,651.3903414,53.88469009,803352050,1.06277E+11,0.755906372,66.94,55115000,23485.5,58.17750168,44.78229904,2.539999962,0.00122496,0.003243732,0.00066037,-0.029869968,-0.008518112,-0.010273973,-0.018459673,-0.009050807,-0.00123293,-0.006564577,0.034782609,-0.001768429,0.016424137,-0.016034403,-0.004015431,-0.009656134,-0.013083079,0.000476833,-0.004135859,0.026085827,-0.00998143,30.37114148,32.02150367,30.90135413,27.74654599,31.77242063,27.81280086,29.4289712,33.20121261,30.26771238,28.6909112,28.46137897,33.6510754,28.83972696,32.85556802,30.91107908,33.57381433,34.87168485,31.15930813,32.37445688,27.74402455,34.73365011,1.064863305,1.374005227,1.788302768,1.212025697,1.743262612,1.537152279,1.72325507,1.379382816,1.022815219,2.35160359,3.077532691,1.718830821,1.037182403,1.4996822,1.042991233,1.369895562,1.424450904,0.964950802,24.27143268,0.97424709,1.306825122
4/16/2021,-0.349532117,651.0747075,52.97121621,985507424,1.06268E+11,0.927381851,66.77,55265000,23483.5,50.67824936,40.64411926,2.309999943,-0.024343841,-0.023961781,-0.000148175,-0.008130081,-0.018890192,0,-0.018745643,-0.006997943,-0.017108781,-0.043565814,0.005984159,-0.014283329,-0.021521202,-0.01101065,-0.034038217,-0.012020262,-0.017249793,-0.015075774,-0.013664859,-0.038534594,-0.016225346,30.34974042,31.99563398,30.88467645,27.74027543,31.76726071,27.81280086,29.41396962,33.19619377,30.24607722,28.65964501,28.47253247,33.64295655,28.82676249,32.82610157,30.88083869,33.55978503,34.85692455,31.1422754,32.35505257,27.70216584,34.74303889,1.039762077,1.353848464,1.771258352,1.203675663,1.724087276,1.537152279,1.717190509,1.371610085,0.99954228,2.227444444,3.064324396,1.699145072,1.009839187,1.481482982,1.002572254,1.355904894,1.39932287,0.951561257,23.8275912,0.939968156,1.293932512
4/19/2021,0.085583552,651.2729253,53.13958118,825536190,1.06323E+11,0.776438479,67.05,55805000,23480.5,50.93096161,41.03993988,2.640000105,0.017078162,0.000927195,-0.010888464,0.035488506,-0.008965415,-0.017301038,0.021367731,-0.001269795,0.002540013,0.013060233,-0.035,0.005180159,-0.006258812,0.00475879,0.003230893,0.014714794,0.018772878,0.012047722,0.002417842,0.00595,0.007732159,30.3770146,31.99475357,30.88333392,27.76462083,31.78450024,27.79534841,29.41512762,33.20451613,30.25266646,28.67885533,28.4179888,33.6750478,28.86181704,32.84088464,30.89039228,33.57724231,34.8781292,31.15047923,32.35583618,27.71596027,34.75841041,1.064860781,1.371689974,1.750405039,1.24751617,1.715791066,1.510557949,1.724343568,1.372873446,1.010002186,2.249830316,3.064324396,1.713724294,1.031698946,1.489423827,1.011674779,1.372549027,1.425873792,0.962108968,23.80543294,0.934890328,1.31000939
4/20/2021,-0.096998711,651.2071135,53.33943617,823488117,1.06323E+11,0.774512213,66.57,55615000,23476,50.06235123,40.21231079,2.440000057,-0.001742138,0.018807766,0.009054463,0,-0.015224889,0.003521127,0.016413968,0.000752828,-0.016000596,-0.006690799,-0.027943085,-0.006174947,-0.035207114,-0.002041997,-0.014936469,-0.008539466,-0.004446219,-0.003934176,0.001369853,0.002392344,-0.006429164,30.36380991,32.00602798,30.89185435,27.76462083,31.79730662,27.79886335,29.42321598,33.20782908,30.24632273,28.66972566,28.36884762,33.66930805,28.83653858,32.82017622,30.86936005,33.58818107,34.8885459,31.14430918,32.36634218,27.71907208,34.76685606,1.063058088,1.400620067,1.761281477,1.24751617,1.708704645,1.515876815,1.750917915,1.379774454,0.994516737,2.24098843,3.10394928,1.705476331,1.005120071,1.485593095,0.997319512,1.369832631,1.424081711,0.962303656,23.97605799,0.936296798,1.310150295
4/22/2021,-0.489880632,650.5484275,51.92209566,779444325,1.06331E+11,0.733038013,65.4,55655000,23476.5,43.96987915,37.02770996,2.369999886,-0.028205625,-0.015877286,0.008273354,-0.02415404,-0.020861433,-0.031578947,-0.002177272,-0.008879294,-0.022349774,-0.057228156,-0.050599479,-0.026458709,-0.025417194,-0.013713286,-0.041460637,-0.027110675,-0.031420249,-0.022113194,-0.010360187,-0.007463441,-0.030725107,30.32175536,31.97732165,30.8873628,27.74720373,31.76437606,27.76677504,29.41484033,33.18252762,30.18751731,28.6196609,28.30789018,33.64297546,28.82340904,32.77313535,30.80888633,33.55207578,34.85884139,31.11444103,32.35266386,27.71387098,34.73089737,1.037898175,1.392593705,1.751246503,1.215689914,1.661358469,1.468007021,1.727408798,1.369215666,0.973180562,2.101757308,3.004887069,1.667711038,0.991475072,1.468242025,0.956434894,1.32851465,1.380582719,0.943014441,23.28531932,0.92672959,1.270828719
4/23/2021,0.157190938,650.7226008,52.20003266,700098702,1.06323E+11,0.658461226,66.11,55575000,23474.5,45.25746155,37.89133072,2.059999943,0.018560551,0.005844166,0.008505344,0.00308642,0.024462468,0.007246377,0.012018693,0.007755185,-0.007617867,0.039808689,-0.026054591,0.003694376,-0.00188993,0.011341636,0.007557421,0.013717114,0.022769105,0.009608511,-0.002823899,-0.0134941,0.013095269,30.34412785,31.97941074,30.89836407,27.74954356,31.79899029,27.77399528,29.42232737,33.18889318,30.19111369,28.63885767,28.26961713,33.66031398,28.81596761,32.79556233,30.81550358,33.56955127,34.88179299,31.13449505,32.34842975,27.7045401,34.74120331,1.054728731,1.40644862,1.760251943,1.218821176,1.70472389,1.478644753,1.727097627,1.376822541,0.96428566,2.209534917,3.004887069,1.675080041,0.999157683,1.479375291,0.9591823,1.345382939,1.410474069,0.950436623,23.27874201,0.909690025,1.286264754
4/26/2021,-0.335330484,650.3078918,50.88304477,734347371,1.06323E+11,0.690672999,65.65,55325000,23468.5,42.00603104,36.61616135,2.599999905,-0.014390299,-0.008980422,-0.019840852,0.016941289,-0.015249449,-0.021582734,-0.024208022,-0.01507181,-0.033577152,-0.016959883,-0.015545711,-0.020568997,-0.01052734,-0.012166884,-0.005697341,-0.019509985,-0.019089325,-0.014398731,-0.012191311,-0.030338185,-0.022377341,30.31699988,31.96374779,30.88513265,27.7607766,31.77531754,27.75217624,29.4211022,33.14856456,30.13686736,28.624764,28.25388068,33.64762536,28.80962945,32.77716911,30.81429382,33.53201265,34.85505047,31.11461499,32.32462239,27.68381931,34.70972474,1.03637054,1.407308741,1.728688279,1.242297399,1.670060938,1.446731557,1.721325968,1.360580305,0.937907485,2.194072168,2.958658037,1.651129779,0.998844502,1.467672287,0.957150716,1.318514984,1.382839515,0.939322677,22.32776333,0.872414628,1.263390941
4/27/2021,-0.125550453,650.185878,50.66963062,607623693,1.06407E+11,0.571036625,66.42,55475000,23465.5,41.85314178,36.55990982,2.680000067,-0.002369777,-0.000900849,0.003479149,-0.03310388,-0.005532025,-0.007352941,-0.011746828,0.00054889,0.002093637,-0.025965672,-0.013725304,-0.001384565,-0.010449238,0.000933066,-0.006876833,-0.002357008,-0.000494756,-0.001072778,-9.81546E-05,-0.006455838,-0.002718748,30.31222055,31.94327924,30.88657479,27.71773664,31.77072585,27.74479613,29.41310779,33.14697917,30.12029204,28.60882185,28.23229789,33.65821771,28.80907837,32.7722286,30.81312866,33.53899398,34.85718962,31.1182654,32.32264704,27.67962556,34.71967112,1.031605526,1.402068752,1.731123669,1.198772191,1.662138568,1.436093825,1.711262839,1.360338709,0.933698115,2.098135544,2.971866332,1.656296931,1.001202679,1.468035,0.953292062,1.317231569,1.383515021,0.934122919,22.29207685,0.864963867,1.261789645
4/28/2021,0.216178541,650.4229252,50.73254246,607596513,1.06407E+11,0.571011081,67.27,55475000,23465,42.15787888,36.85065079,2.799999952,-0.007203887,0.0171584,0.027384006,0.008872474,0.01120893,-0.018518519,0.013083953,0.002023,0.019956236,-0.002949129,0.028785104,0.012181126,0.017271899,0.010363005,0.00674705,0.01265256,0.008283631,0.01536291,0.001820783,0.024728052,0.006966955,30.31828565,31.96575426,30.93710751,27.74117282,31.77307689,27.726104,29.40803172,33.15292327,30.14550592,28.60276074,28.27622001,33.65914444,28.81338859,32.81315597,30.82104176,33.53236622,34.86663225,31.13242461,32.31734391,27.69371315,34.72677147,1.026257293,1.394228361,1.768636943,1.211080256,1.674737198,1.409499495,1.70419554,1.362847731,0.946485462,2.021753905,2.938845595,1.673760708,1.004332156,1.484301994,0.958753889,1.324976972,1.396239773,0.948065036,22.31873738,0.894440259,1.270366518
4/29/2021,0.070588137,650.5611708,50.90536644,643499901,1.06455E+11,0.604481217,68.05,55475000,23464,42.61877823,37.42784882,2.49000001,0.007119606,0.006097903,0.006810235,0.008519702,-0.004544163,0.009433962,-0.012766635,0.007261798,0.00917244,-0.005725191,0.033580775,0.000957447,-0.015609489,0.008977119,0.002993319,-0.008529062,0.008758491,0.008263417,0.00053712,-0.003542528,0.00282187,30.33078672,31.96897757,30.94742434,27.74743777,31.77398964,27.73549374,29.40827881,33.16690044,30.1480512,28.59165576,28.32424613,33.66853822,28.80124145,32.8313699,30.81942535,33.52708498,34.88148221,31.13607706,32.33447884,27.6913442,34.72688645,1.039578717,1.37664719,1.790971918,1.219430289,1.671547282,1.42279666,1.706577167,1.372672184,0.952308529,2.015195094,2.932241448,1.673146265,0.99073634,1.497691453,0.960259266,1.309429937,1.409631758,0.952520797,22.44717823,0.890185767,1.274620145
5/4/2021,-0.274092706,650.3389721,49.34935439,788622020,1.06455E+11,0.740803841,68.88,55475000,23472,41.10401154,36.16521835,2.140000105,0.001163222,-0.026620364,-0.014881262,-0.007111702,-0.013961875,-0.011214953,-0.00662622,0.001058539,-0.030763901,-0.014916545,-0.014791234,-0.006021379,-0.022014698,0.006145577,-0.022244616,-0.011520737,-0.004099474,-0.013806235,-0.011646758,-0.038212781,-0.01200531,30.34554886,31.95218259,30.92516948,27.73707643,31.79192993,27.72421542,29.39227036,33.16616609,30.11824927,28.5885944,28.31403083,33.66968288,28.78478983,32.82329952,30.79143784,33.50751066,34.88954951,31.12455828,32.31254907,27.64901852,34.73114232,1.046142306,1.329942659,1.765970851,1.210831618,1.6511062,1.406840062,1.681071247,1.371066819,0.923781569,1.937110599,2.859595826,1.665453598,0.979355329,1.507940446,0.944366778,1.294255424,1.404286184,0.939805936,21.30557442,0.859081505,1.265775009
5/5/2021,0.184393178,650.5466532,49.95319759,756464430,1.06514E+11,0.710204157,68.96,55485000,23473,41.77687836,36.88376999,2.75999999,0.010632977,0.015843099,0.014043986,0.013892568,0.01504658,-0.003780718,-0.004814065,0.012849097,0.014399415,-0.011411927,0.001101739,0.011122006,-0.003351031,0.003750047,0.011436197,0.015782906,0.020996753,0.015063046,0.006970447,0.009383395,0.015436661,30.35382067,31.97138241,30.92227943,27.7465697,31.79495482,27.72042754,29.39899235,33.18836847,30.168231,28.58515671,28.31347415,33.66820467,28.79467984,32.82650272,30.79824608,33.51243238,34.91086492,31.1493359,32.32279472,27.66019657,34.7397382,1.052913665,1.326636506,1.772298991,1.230408963,1.677786633,1.401521196,1.669848258,1.386612522,0.938433049,1.881992072,2.872804121,1.676053063,0.980532118,1.511718103,0.949362761,1.309098822,1.430106828,0.953447588,21.78655509,0.865438958,1.27962828
5/6/2021,-0.09824566,650.4030197,49.68874894,717566397,1.06514E+11,0.673684866,68.09,55525000,23474,42.76454926,37.38755035,1.909999967,-0.007668217,-0.00241673,-0.027132119,0.003748305,0.011347766,-0.001897533,-0.011213956,-0.009067817,-0.002928775,0.000233655,-0.017646322,-0.005656832,0.005834922,-0.008587423,-0.009384838,0.004987387,-0.000659308,-0.003869795,-0.005387701,-0.009157441,-0.001722887,30.34741195,31.96645208,30.90717271,27.74965425,31.79284021,27.7185282,29.38688463,33.17976224,30.17593002,28.57783132,28.28555382,33.66206988,28.79699546,32.82477861,30.78934484,33.49781061,34.90744005,31.13748843,32.308081,27.65405454,34.73693489,1.047004853,1.313758981,1.738091416,1.231057832,1.680321402,1.398861763,1.647745098,1.375914114,0.935644163,1.879577054,2.882710342,1.67073682,0.983281993,1.502002094,0.943867439,1.311975191,1.429763636,0.948568939,21.63400355,0.85479193,1.279070331
5/7/2021,-0.219821483,650.158696,48.9319931,775354810,1.0653E+11,0.727827142,68.28,55795000,23474.5,40.2933197,35.37157059,2.109999895,0.007995334,-0.016711855,0.008504233,-0.004815693,-0.001063248,-0.003802281,-0.030164757,-0.011064376,-0.013931579,-0.022578319,-0.033893953,-0.005288309,-0.011346735,-0.005066908,-0.013702289,-0.008629793,-0.0020554,-0.01049261,-0.008044832,-0.019680302,-0.013987811,30.36603556,31.95926524,30.8997926,27.74533778,31.79550169,27.71471867,29.36323131,33.16812118,30.15007696,28.56085876,28.24214553,33.66520181,28.79385462,32.8124619,30.76653846,33.47849735,34.90248843,31.12293405,32.2886798,27.63447874,34.72847551,1.058169901,1.281866438,1.728668661,1.225935959,1.677633895,1.393542897,1.594729822,1.36256229,0.929056073,1.79773715,2.839783384,1.66042032,0.985475647,1.495174943,0.932634492,1.294260948,1.426022886,0.937151427,21.21056753,0.837720496,1.26287794
5/10/2021,-0.010169968,650.3102821,48.46477195,758836127,1.0653E+11,0.71232102,68.32,56100000,23466,41.25408936,36.25540924,3.359999895,0.004003816,0.004319487,-0.011110715,0,0.001111464,0.003816794,0.00506444,-0.003824705,0.006166072,-0.008289679,-0.013792677,-0.000820738,-0.01021897,-0.000231669,-0.010808084,0.008660191,0.025440531,0.000543497,-0.008052751,0.005843216,-0.007989487,30.38531243,31.99744749,30.87696017,27.74533778,31.82197857,27.7185282,29.35752675,33.18260901,30.1727852,28.55503907,28.22729931,33.67715712,28.78405321,32.81252034,30.75544726,33.53411157,34.92153059,31.1375683,32.27987252,27.6396934,34.72750382,1.062460727,1.274534863,1.705168741,1.225935959,1.674175569,1.398861763,1.578495661,1.361444877,0.92919995,1.795203175,2.806762647,1.656298607,0.984140104,1.496301158,0.92380798,1.320032014,1.459581529,0.93990764,20.77988824,0.84312176,1.249448991
5/11/2021,0.135224654,650.3951566,49.24619544,761418942,1.0653E+11,0.714745554,68.55,56055000,23457,44.70317078,38.4601593,3,0.011449518,0.008083259,0.001264796,0.00408998,-0.0011095,0.005703422,0.017945448,0.004149019,0.010907049,0.012483594,-0.015866455,0.002587607,0.024937095,0.00385991,0.006298426,0.010855039,-3.06052E-06,0.00874366,0.010755075,0.004325789,0.003764982,30.39996277,31.99141545,30.88014827,27.74846215,31.81588336,27.72421542,29.37922333,33.17904736,30.18770985,28.56148358,28.20636899,33.67395688,28.80298434,32.82592471,30.76139358,33.5264616,34.919362,31.15724194,32.28958598,27.64356769,34.72075734,1.075724705,1.264825214,1.711211751,1.230110975,1.670836849,1.406840062,1.614171659,1.361484423,0.938816715,1.804121054,2.793554352,1.660088367,0.999089064,1.50373974,0.927966522,1.326775379,1.460666037,0.947210079,21.44992804,0.847140314,1.251894139
5/12/2021,0.215199113,650.702802,49.73789482,690526009,1.0653E+11,0.648198213,69.32,55955000,23459,44.73350143,39.02482986,2.680000067,0.009491452,0.022077614,-0.002064406,0,0.007429069,0.009451796,-0.008180411,0.004135239,0.003703621,0.008391442,0.016252955,0.008709971,0.024544272,0.011325685,0.039455085,0.018724992,0.012393891,0.00178421,0.003908709,0.009398711,0.014265215,30.42456415,32.00136588,30.87794245,27.74846215,31.81864832,27.73362283,29.36764509,33.18874295,30.20853483,28.58219968,28.22729931,33.67983772,28.85230841,32.8685136,30.81658708,33.54180523,34.93298976,31.16579248,32.29320596,27.64977427,34.72295989,1.085466511,1.297780609,1.714557828,1.230110975,1.679759692,1.420137227,1.613033158,1.367530677,0.94354811,1.821054047,2.806762647,1.675531374,1.026226463,1.518659196,0.975437312,1.349873486,1.479072887,0.949540314,21.65528303,0.857787342,1.270741939
5/13/2021,-0.060736021,650.5628965,49.25978621,718922433,1.06541E+11,0.674786991,67.05,55895000,23469,44.72592163,39.07881165,2.289999962,0.003341982,0.002641383,0.003071609,0.003030303,-0.005559939,0.005617978,-0.005788796,-0.00295095,-0.007075206,-0.005832463,-0.003577107,-0.000959135,-0.003246393,-0.01437805,-0.018398339,-0.001795971,0.005609514,-0.002983031,-0.007209422,-0.001833832,-0.002460155,30.42761539,32.00905815,30.8783533,27.75079903,31.80321249,27.73922509,29.36161605,33.17976726,30.19414217,28.57205957,28.21700742,33.67352359,28.84038806,32.85204922,30.80788169,33.53016086,34.9356342,31.15136177,32.2764067,27.64854357,34.71409096,1.088658844,1.287028457,1.71281898,1.233242238,1.660853246,1.428115526,1.603382589,1.367573375,0.93920288,1.811746649,2.839783384,1.671619127,1.022056402,1.495297834,0.951527676,1.348746659,1.485926375,0.945838257,21.24085624,0.855670894,1.269840575
5/14/2021,-0.008589868,650.5080998,49.19414616,764615525,1.06542E+11,0.717668871,68.71,56075000,23473,49.47278976,40.86001968,2.619999886,-0.005061282,0.013381845,-0.018292464,-0.005005005,-0.000573406,-0.009310987,-0.003272257,-4.04124E-05,-0.006875753,0,0.001073099,0.001906324,-0.004429771,0.008629852,-0.007870818,0.003069041,0.010070996,-0.000884025,0.01097486,0,0.003920295,30.42639059,32.02227116,30.87097709,27.74690118,31.81296411,27.72987048,29.35470315,33.16877884,30.17051297,28.57205957,28.22341546,33.67316997,28.82171193,32.85158174,30.78931236,33.53943972,34.94617405,31.1445819,32.28147222,27.64854357,34.71326776,1.083329715,1.299879261,1.688085517,1.228023467,1.662003201,1.414818361,1.588236809,1.365402198,0.930370128,1.811746649,2.806762647,1.674619567,1.008675755,1.501012223,0.941335819,1.353791364,1.503753491,0.945213797,21.25410873,0.855670894,1.277306577
5/17/2021,-0.136596465,650.2896373,48.96776648,842820532,1.06596E+11,0.79067023,69.46,56195000,23465,46.32329178,38.82458878,2.630000114,-0.001151971,-0.003045818,0.010976517,-0.034641101,-0.001668799,0,-0.009363135,-0.002479979,-0.007316072,-0.004944694,-0.016751918,-0.001372611,-0.020053564,0.00058406,-0.010276724,-0.008531496,-0.007435631,0.000378272,-0.007502954,-0.006513026,-0.005485821,30.41032019,32.00737536,30.86874509,27.72147765,31.82119291,27.72987048,29.34820147,33.1560566,30.15558006,28.56691585,28.20432787,33.67305979,28.79975179,32.83723854,30.76408835,33.51214396,34.93908893,31.15654683,32.26103516,27.63983732,34.71678305,1.076272208,1.278710595,1.676355946,1.184044891,1.658636911,1.414818361,1.574614599,1.362681168,0.92161693,1.807122068,2.77374191,1.67065011,0.987964907,1.501803314,0.928585327,1.337801655,1.493516927,0.945611804,21.25225061,0.852014073,1.268952174
5/18/2021,-0.120506067,650.2121485,48.65390679,701976273,1.06616E+11,0.658414615,68.71,56255000,23470,48.37751007,39.32197189,3.24000001,0.025777817,-0.01455806,-0.010515923,-0.031465592,-0.007124845,-0.009398496,-0.015379302,-0.00733873,0.000192023,-0.003438663,-0.005555556,-0.001316347,0.011618305,-0.006640532,-0.006683913,-0.002088221,-0.00793239,-0.005831374,-0.000749788,-0.01179733,-0.010279149,30.43834346,32.0051575,30.86445519,27.67931321,31.83126235,27.72042754,29.34547169,33.148998,30.1849456,28.55479507,28.19636345,33.6817535,28.79516202,32.82165102,30.75068849,33.51398834,34.9331544,31.15683117,32.25435903,27.63017849,34.70484895,1.11313706,1.257685291,1.652102079,1.145248087,1.636280103,1.401521196,1.570942111,1.353752014,0.918442646,1.799285865,2.77374191,1.666349805,0.992216194,1.494154755,0.92030687,1.335996542,1.480273818,0.940759959,21.10072945,0.839960575,1.26102046
5/19/2021,0.022819824,650.2579117,48.48097243,703286909,1.06791E+11,0.658562707,66.66,56075000,23460.5,48.39908981,38.80892181,2.660000086,-0.001767669,-0.008323019,-0.006036611,0.019684505,-0.003042323,0,-0.001856745,-0.00590153,-0.003486895,0.017292011,0.003237025,-0.003318451,0.009515707,0.001135016,-0.000855341,0.000871107,0.012371419,-0.001786758,-0.006302757,0.007539515,-0.006148382,30.43596028,32.00631081,30.86165935,27.69254184,31.86897136,27.72042754,29.33445289,33.14126432,30.16073413,28.55738625,28.2029648,33.69528642,28.79450008,32.83604764,30.74850558,33.52513713,34.94903268,31.1532999,32.23371704,27.63520854,34.70450306,1.110259994,1.242807566,1.664135527,1.171620911,1.658857036,1.401521196,1.558752952,1.344562268,0.915183381,1.868126886,2.760533615,1.6608814,1.001671645,1.498581636,0.928025055,1.344698096,1.499384963,0.935863732,20.81150946,0.848469559,1.255525553
5/20/2021,-0.129140007,650.1924116,47.82943491,743133252,1.06791E+11,0.695875097,65.11,56155000,23462,45.55945969,37.01298904,2.930000067,-0.02316536,-0.009452352,0.003660216,0.009646302,-0.002091277,-0.017077799,-0.006237299,-0.007178388,-0.017048936,0.006976145,-0.018460925,-0.00608795,-0.007803835,-0.005853071,-0.010485203,-0.001947902,0.023737245,-0.002484347,-0.010802958,-0.021313173,-0.00566914,30.4186615,32.00919756,30.84450641,27.69993695,31.91290458,27.70320223,29.31514567,33.13104408,30.13382706,28.55980687,28.17779691,33.69716072,28.79512151,32.82129916,30.7344103,33.54477763,34.97045823,31.159666,32.22873459,27.61767842,34.7170752,1.089818357,1.232377624,1.683978027,1.181014699,1.672084693,1.377586299,1.522744011,1.336618431,0.900595831,1.849867461,2.750627394,1.655990159,1.003977293,1.488179793,0.919882702,1.353183827,1.532528213,0.935329449,20.25916937,0.826781901,1.257099375
5/21/2021,0.146408606,650.2875397,48.54840495,711643137,1.06832E+11,0.666133762,66.44,56255000,23465,47.37760925,38.12545013,2.75,-0.00721096,0.002890854,0.016000113,-0.008333333,0.022118694,-0.001930502,0.001591785,0.010412215,0.010580884,-0.015345228,-0.007547847,0.005279008,0.023840459,0.015042595,0.021247587,0.016876739,0.004387048,0.000921012,0.009092399,0.007209063,0.019286021,30.40366675,32.05457789,30.84393955,27.69336622,31.90023387,27.70126987,29.32871585,33.13641818,30.14515666,28.54290224,28.16855923,33.69232791,28.81034457,32.84170809,30.74585119,33.54970739,34.9748536,31.1557963,32.24827153,27.62726026,34.72261252,1.077334595,1.236270395,1.702329958,1.172664665,1.709800303,1.374926866,1.53862074,1.3473138,0.906050182,1.798920974,2.740721173,1.665461188,1.026823788,1.509020019,0.940124105,1.368350556,1.538825273,0.935637012,20.85215555,0.830720016,1.276333795
5/24/2021,0.220253582,650.5491139,48.99541592,700407719,1.06907E+11,0.655156901,68.46,56225000,23465,51.54710007,40.62049103,2.670000076,0.014178457,0.001535859,0.012293299,0.021113968,0.02167799,0.042553191,-0.011579634,0.004502051,-0.001967269,0.013290631,-0.000746007,0.010689113,0.003732263,0.018897952,0.013321042,0.014140103,0.007160092,0.01455024,0.004353683,0.005773132,0.010783426,30.419827,32.04134668,30.85482357,27.72637823,31.90194525,27.74294256,29.32480784,33.14846613,30.16496464,28.55587102,28.16450237,33.70318785,28.81313493,32.8867968,30.75768938,33.56440044,34.98578938,31.17451466,32.25533775,27.63105257,34.73133482,1.094599733,1.242776206,1.718295172,1.197029336,1.742369736,1.433434392,1.527620803,1.353525105,0.902726488,1.818025912,2.760533615,1.676801848,1.031773664,1.535730462,0.946478628,1.385184775,1.551066097,0.951074926,21.00083588,0.837112553,1.288420589
5/25/2021,0.158085852,650.7443305,49.00996631,686471430,1.06907E+11,0.642120985,68.65,56245000,23464,49.56837845,39.24050903,2.779999971,0.006640769,0.009946935,-0.001418379,0.024357746,0.010227478,0.06864564,0.00332617,0.004291867,0.000608444,-0.003054537,-0.016900756,0.001351486,0.003961695,0.007933915,0.003015748,-0.003119945,0.017838569,0.01540612,-0.001795666,0.00950563,-0.002683078,30.43513681,32.04470976,30.83997406,27.76299071,31.90619368,27.80933465,29.31819508,33.15853238,30.18391326,28.5530822,28.14838438,33.72350267,28.83478694,32.8875259,30.76438082,33.56623393,35.0028343,31.18649063,32.25173518,27.63733707,34.72905609,1.104567396,1.265838467,1.706660772,1.226409015,1.759573005,1.531833413,1.508645769,1.361657834,0.902361872,1.813383384,2.707700436,1.679114445,1.044711688,1.548167951,0.948132486,1.387787405,1.578905475,0.965273822,20.83503908,0.847759581,1.286443015
5/26/2021,-0.074278741,650.6765859,48.91218219,742293455,1.06912E+11,0.694305377,68.87,56350000,23457.5,50.35737991,39.71860886,2.839999914,-0.006503919,0.006116049,-0.012543655,-0.02428864,0.009325053,-0.013888889,-0.019213154,-0.003433312,-0.014804856,-0.002164981,0.006242741,-0.002095645,-0.005255347,0.004164921,-0.003116733,-0.004112377,0.021678788,-0.002106257,-0.001798632,-0.001873226,-0.00460667,30.42561406,32.03610582,30.82078979,27.72393635,31.92065123,27.79534841,29.30751189,33.14842017,30.17090248,28.55383191,28.14719702,33.73415434,28.83335522,32.89768407,30.78097089,33.56767491,35.01822123,31.18174981,32.24834174,27.63607824,34.7280463,1.096961726,1.287862084,1.691536343,1.195135623,1.780549274,1.510557949,1.48078603,1.356471491,0.891902692,1.811896912,2.77374191,1.679252461,1.047020317,1.55280476,0.95564103,1.387180258,1.612397803,0.964736647,20.70603918,0.845621537,1.284086166
5/27/2021,-0.095977021,650.4670261,48.60665974,745644496,1.06913E+11,0.697430514,69.46,56340000,23453,50.79449081,39.89899063,2.849999905,-0.013811216,0.008641271,-0.012334877,0.025155499,-0.016017494,-0.01056338,-0.002867641,-0.003624181,-0.012264717,0.020263226,-0.020940906,-0.008504547,-0.009041615,0.003693088,-0.010713498,-0.006683076,-0.006117393,-0.011167845,0.008375023,-0.011243637,-0.006209103,30.40484411,32.01791149,30.79519038,27.76082415,31.90559719,27.78472884,29.30034319,33.13284857,30.14734086,28.55703554,28.12718826,33.72748197,28.82140895,32.90418792,30.75846856,33.55233779,35.00477526,31.16563801,32.24827687,27.62851742,34.72208071,1.08305013,1.302213791,1.669665563,1.225090611,1.76297307,1.494601351,1.478480905,1.3508463,0.883564563,1.879183487,2.707700436,1.668467097,1.042575664,1.56009236,0.942935314,1.378971316,1.600717706,0.954165358,20.50883882,0.832836464,1.279689438
5/28/2021,0.213243006,650.7150219,48.88064211,802876261,1.06909E+11,0.750986914,68.72,56500000,23452,52.53068161,41.24192047,2.710000038,-0.001766173,0.014772287,0.013834051,0.002136752,0.019316801,0.039145907,-0.002640151,0.004342043,0.014856291,-0.011572671,0,0.005535715,0.041628438,-0.001029666,0.01174033,0.011263846,0.028599192,0.014506234,-0.004412861,0.004799098,0.008187543,30.40641598,32.03853644,30.82351111,27.76236354,31.91980046,27.82312797,29.30694149,33.14782734,30.18086298,28.55329263,28.12718826,33.72983673,28.83889187,32.92327873,30.7598158,33.56603153,35.02998106,31.17999999,32.2422978,27.63167897,34.72334122,1.072633762,1.333692443,1.689704585,1.227178119,1.809791555,1.553108877,1.481397485,1.356408254,0.895348476,1.817276279,2.707700436,1.674477951,1.07366411,1.561004074,0.950908136,1.395012016,1.64667202,0.967601594,20.54194346,0.838170776,1.286947705
5/31/2021,-0.014361836,650.7653513,48.62419025,773404665,1.06909E+11,0.723420047,69.32,57000000,23452,51.25037003,40.00358963,2.299999952,0.006511687,-0.016897023,-0.015461768,0.002185843,-0.004283686,0.003424658,-0.018656254,-0.005378185,0.002618393,0.015511298,0.00739189,-0.000993304,0.009064221,-0.001236163,-0.011949638,-0.004220643,0.045957664,-0.005758805,-0.011630804,-0.00855721,-0.002004007,30.40969829,32.03526369,30.83023587,27.76587404,31.9472353,27.82654678,29.28366602,33.15170962,30.21589186,28.55674157,28.1412836,33.74849393,28.83787012,32.92110389,30.75777969,33.55620168,35.05143121,31.17286636,32.22535969,27.62082186,34.70927623,1.076129022,1.324126041,1.668559885,1.230008722,1.82221506,1.558427743,1.455854977,1.350816323,0.893636784,1.880480163,2.681283846,1.672544216,1.081669372,1.553277511,0.934159569,1.387276729,1.715682175,0.962447681,20.26003248,0.832893143,1.282668805
6/1/2021,-0.135537833,650.7214778,48.30359324,670603630,1.06922E+11,0.62718697,70.25,57300000,23443,48.34201813,38.05915833,2.630000114,-0.006101189,-0.010625328,-0.027445703,0,-0.00686243,-0.015358362,-0.02402948,0.006165068,-0.004975262,-0.008917848,-0.001762485,-0.004229633,-0.01219668,0.003515912,-0.00728837,-0.011202383,0.013697544,0.000702451,-0.009602164,-0.007063478,-0.001958012,30.40953244,32.03436394,30.80116753,27.76587404,31.9735527,27.81106926,29.25951545,33.16429647,30.23242881,28.55028183,28.13777834,33.76549738,28.83393968,32.91501428,30.75447101,33.54098148,35.06094491,31.17688684,32.20094533,27.61265412,34.72028201,1.073627473,1.311186354,1.632828843,1.230008722,1.820088785,1.534492846,1.405591898,1.35911609,0.889047402,1.87172573,2.687887994,1.665603115,1.074882527,1.557927357,0.93009501,1.369322738,1.734660378,0.962195835,20.08471774,0.82794216,1.280644247
6/2/2021,0.103768635,650.8152238,49.5350365,826747915,1.06935E+11,0.773131511,71.35,57250000,23445,50.6217804,39.85533142,2.700000048,-0.004064899,0.025123865,0.010494682,-0.002123142,0.006469297,-0.012131716,0.013532488,0.006855722,0.009344364,-0.017707984,-0.014505195,0.006900536,0.008604252,0.003955224,0.022799424,0.004505155,0.009005156,0.006596791,0.01151591,0.001916154,0.006682554,30.40320486,32.04360653,30.82967963,27.76434004,31.9579119,27.79886335,29.27012588,33.19244456,30.23926404,28.53383091,28.11919349,33.75186227,28.86205062,32.91008896,30.78679375,33.53774113,35.0678964,31.19320762,32.22268785,27.61394277,34.71648719,1.059302159,1.33021011,1.640929949,1.227921214,1.820103387,1.515876815,1.413849857,1.373897847,0.895456284,1.849311028,2.674679699,1.674715203,1.095344609,1.560387796,0.953693222,1.365233707,1.752644602,0.968082461,21.24745424,0.830080204,1.285862104
6/3/2021,0.414470141,651.1566483,49.65859084,955343370,1.06945E+11,0.893306052,71.31,57050000,23450,54.60586929,41.99351883,3,0.025148921,0.02327315,0.018274788,0.008364367,0.01257545,0,0.014486133,0.011680046,0.021031273,0.014025705,0.033950617,0.017146682,0.027597465,0.008773722,0.03029817,0.031712413,0.049980132,0.023075177,0.013724416,0.012359247,0.016992266,30.41767221,32.05049335,30.86083018,27.76988984,31.95517946,27.79886335,29.28948884,33.20907162,30.2517806,28.5544851,28.165607,33.7624778,28.90444576,32.92770271,30.81188116,33.54537578,35.09669752,31.21451306,32.2208301,27.6222465,34.72711636,1.080834369,1.356368589,1.672640307,1.239659325,1.826640437,1.515876815,1.438408904,1.384708013,0.913289361,1.813314504,2.674679699,1.694893432,1.123141237,1.573663394,0.971780394,1.396809907,1.833446727,0.987848922,21.01423654,0.8439235,1.302426456
6/4/2021,0.241402075,651.4351883,49.63996673,975235961,1.06945E+11,0.911906874,71.89,56925000,23453.5,57.06818008,43.30580902,2.910000086,0.017104482,0.014925843,0.007209899,0.017094017,0.002714818,0.001754386,0.020505173,0.003099597,0.030402305,0.0217317,0.042089488,0.006415373,0.027280967,0.004118056,-0.004271187,0.006862241,0.013209446,0.006832072,-0.002243594,-0.004286345,0.008853336,30.43899896,32.07706173,30.86069157,27.78202927,31.95132146,27.8006162,29.30376884,33.23460191,30.30738123,28.57063973,28.21793719,33.76584937,28.92077831,32.95598438,30.80310495,33.55041227,35.09883175,31.22444625,32.21891909,27.61601352,34.73580032,1.101896016,1.37358337,1.681084573,1.256359392,1.82691255,1.518536248,1.471111779,1.388540468,0.937549738,1.835519936,2.714304583,1.697149468,1.137749167,1.582798664,0.965461012,1.405634441,1.852498257,0.992013714,20.74592283,0.842168785,1.313171737
6/7/2021,0.065918996,651.4642352,49.63949835,918080662,1.06952E+11,0.858402855,71.49,56900000,23454.5,57.29217148,44.15256882,3.019999981,0.006849336,0.010368324,-0.009789078,0.020624158,-0.010600321,-0.010507881,0.012219879,-0.001560064,0.004184366,0.007545847,0.040474781,-0.002204532,0.022230264,0.005913918,-0.013645017,0.012057021,-0.035863131,0.001052083,0.010145803,0.00082247,-0.004399231,30.44265644,32.06625088,30.84725118,27.77634826,31.92904614,27.79005272,29.31092312,33.22663798,30.33972485,28.56796716,28.26920523,33.75163456,28.9366791,32.98447573,30.77965989,33.54891394,35.06612235,31.23158504,32.24360876,27.61365355,34.74183837,1.10622446,1.370759252,1.668814346,1.280748145,1.803669554,1.50257965,1.477465876,1.386958405,0.942074669,1.838409629,2.750627394,1.688968573,1.149389896,1.581595537,0.951656593,1.419224355,1.783208249,0.991701328,20.79153645,0.846029675,1.307856315
6/8/2021,-0.188518954,651.2391516,49.76104595,973503041,1.08112E+11,0.900459303,72.22,57050000,23374.5,54.77563858,43.19898987,2.680000067,-0.024892571,-0.010734066,-0.007420161,0.020990051,-0.019712556,-0.015929204,-0.009787599,-0.005735368,-0.017169112,0.02075993,-0.03224581,-0.012250927,0.024622339,-0.00126471,-0.011151069,-0.01145622,-0.056450489,-0.011649887,0.009615063,-0.002370268,-0.01428632,30.40420822,32.03496051,30.82997284,27.79136155,31.90593695,27.77399528,29.31353657,33.20016117,30.28027384,28.5868446,28.22129088,33.84694855,28.95245903,32.94426021,30.77170656,33.54557619,35.02022019,31.20258411,32.27780358,27.61167292,34.72337788,1.077849568,1.354173084,1.654265899,1.313038321,1.769726267,1.478644753,1.477372742,1.374010864,0.926708278,1.86541836,2.74732532,1.668761692,1.165476153,1.573041296,0.947271192,1.405258245,1.687807802,0.981372052,21.16052195,0.843610337,1.289391774
6/9/2021,0.080139512,651.2977272,50.06007344,841162218,1.0812E+11,0.777987869,72.06,56950000,23362.5,56.12725067,44.2065506,3,-0.002667908,-0.008472778,0.006123129,-0.007662835,0.015031776,0.043165468,-0.011067678,-0.000708778,-0.000472598,0.003254426,0.002852131,-1.81554E-06,-0.02132085,0.002840584,0.002444285,0.004229986,0.033888029,0.003300914,0.002533434,0.011952089,0.000898504,30.39649288,32.0147125,30.81935327,27.78536663,31.91744662,27.81625509,29.3072702,33.19579764,30.28662485,28.59731851,28.22645741,33.85054304,28.93767959,32.94492633,30.77386197,33.54631795,35.04523668,31.21137076,32.27114304,27.62600559,34.72754658,1.074586727,1.330446937,1.678794204,1.304688288,1.789611832,1.542471145,1.467370547,1.373409678,0.923051856,1.87343882,2.740721173,1.670717398,1.154366106,1.573712329,0.947646485,1.410378876,1.741784708,0.985902666,21.33233129,0.851092966,1.293549416
6/10/2021,-0.11444958,651.2429857,49.7163661,755901177,1.08239E+11,0.698365773,72.52,57000000,23361,54.07688904,42.83911133,3.039999962,0.000398398,-0.021580897,-0.008126227,-0.02862202,0.006719054,-0.010344828,0.005979713,-0.004403316,-0.020190967,-0.036713817,-0.017561937,0.00052191,-0.001412216,1.78858E-06,0.003672452,0.019598484,-0.00246448,0.001512214,-0.0001014,-0.004588008,0.003256518,30.40119891,31.98842975,30.80566206,27.76335347,32.04359616,27.80585639,29.30090898,33.1833023,30.23109427,28.57572256,28.19960928,33.86711163,28.95857105,32.93391231,30.77408754,33.56289859,35.03275482,31.21748091,32.26109177,27.62282603,34.71351692,1.081301769,1.294689292,1.683535908,1.26124125,1.796811047,1.526514547,1.463023507,1.369098406,0.906376561,1.792387048,2.74732532,1.677449425,1.179504041,1.56894471,0.947337686,1.43660521,1.73841489,0.987677635,21.11643681,0.845758654,1.295932379
6/11/2021,0.238237383,651.5873992,51.04265617,762061866,1.08239E+11,0.704057563,72.69,57200000,23359.5,54.5870285,43.0379715,2.299999952,0.018421843,0.001582826,0.008301246,0.003106902,0.021157472,-0.003484321,0.011897719,0.005396263,0.013508452,0.010401508,0.02987733,0.010604525,0.018166151,0.009134957,0.002140023,-0.000650283,0.034771331,0.019161988,0.012792536,-0.001439977,0.013388892,30.42554434,32.0115096,30.81250997,27.78347457,32.06478072,27.80236598,29.32427067,33.19078025,30.24527654,28.58779389,28.23748635,33.88875475,28.97869955,32.94863468,30.76933297,33.57004268,35.06200871,31.24571099,32.28638221,27.62150922,34.73053061,1.106699968,1.29285839,1.685661985,1.257921376,1.861815243,1.521195681,1.484158116,1.373741299,0.916787782,1.808359607,2.77374191,1.693773183,1.195671446,1.588765438,0.94677012,1.439137067,1.798689486,1.005817613,22.13127829,0.844419136,1.315393041
6/14/2021,0.06939362,651.7457505,50.83967704,786874535,1.08239E+11,0.726981617,72.86,56850000,23358.5,54.89083862,43.16455841,2.75999999,-0.008336153,-0.023011302,-0.000700433,0.02267762,0.004074192,-0.003496503,-0.003043816,0.009328717,0.00951103,0.02190411,-0.019622332,-0.001842405,-0.00458763,0.011421887,0.015554286,-0.005639955,0.01797019,0.020163629,-0.005450366,0.005880636,0.00663822,30.41980523,32.02279569,30.81715366,27.79838204,32.06818052,27.79886335,29.3207954,33.21293103,30.26105121,28.61350975,28.21087703,33.89560067,28.97775648,32.96746262,30.79668697,33.57590548,35.05938348,31.27747994,32.281389,27.62228808,34.74745293,1.094807592,1.264765446,1.693551147,1.290211552,1.867304889,1.515876815,1.479247679,1.389932003,0.927662064,1.840184243,2.760533615,1.690386989,1.191934762,1.611476389,0.961725814,1.43848409,1.823689784,1.026095115,21.78746201,0.854369673,1.32997537
6/15/2021,0.072486224,651.8477576,50.98487247,764301880,1.08239E+11,0.706127078,73.99,56900000,23360.5,56.34009171,43.94213104,2.910000086,-0.003241407,-0.002472837,0.015381916,0.023169551,0.005231088,-0.003508772,-0.002457224,0.001366264,-0.002032477,0.028173393,-0.010989011,0.005488703,-0.009504797,-0.000237097,0.001518834,0.004491845,0.002808377,0.006639593,-0.000102932,0.003473652,0.009289563,30.42158001,32.02201194,30.8345321,27.81439946,32.06156571,27.79534841,29.31722599,33.20688813,30.24984096,28.6564483,28.19498947,33.89807798,28.96540172,33.00839989,30.80776477,33.57657937,35.05424491,31.28281069,32.2880276,27.62785378,34.76376637,1.095015043,1.271880101,1.713083371,1.325446626,1.864118707,1.510557949,1.470831406,1.39279592,0.927765074,1.880407786,2.760533615,1.698455034,1.17850914,1.62232775,0.957789584,1.442998545,1.823143862,1.031328195,21.81724021,0.855066165,1.345578383
6/16/2021,0.043640544,651.8421388,50.66566805,823338529,1.08239E+11,0.760670156,74.39,56950000,23363.5,58.33829117,45.25613022,2.720000029,-0.00222568,0.019308016,-0.003188551,0,-0.003599919,-0.007042254,0.003579166,0.003020746,0.022662999,-0.006908768,-0.00681415,0.002110708,-0.003487555,0.008218953,0.007111212,0.012373883,-0.00875255,0.001337499,0.000388264,0.001282868,0.004265656,30.41955107,32.04117837,30.82945462,27.81439946,32.05961626,27.78828124,29.32578167,33.23136127,30.26987587,28.64474528,28.18625678,33.88579661,28.95665024,33.01767558,30.82297965,33.56703966,35.04267707,31.27958064,32.28114289,27.62620372,34.75189087,1.093223143,1.288854501,1.710404503,1.325446626,1.856506592,1.499920217,1.473345644,1.399087996,0.943029272,1.865173594,2.753929468,1.704989788,1.167171816,1.626969583,0.965784054,1.449118197,1.80349465,1.032565527,21.5006418,0.859208349,1.346802732
6/17/2021,0.12488836,651.9279201,50.40749647,807996338,1.08239E+11,0.746495735,73.08,56550000,23366,58.40050888,44.82323074,2.680000067,0.001076293,0.019913914,0.006369099,-0.022862316,0.011576196,-0.00177305,0.000177345,0.005246898,0.004050627,-0.004800309,-0.001641868,0.009712593,0.01620564,0.010614301,0.021516218,0.024127328,0.008401303,0.007989588,-0.000966245,0,0.009954806,30.42277903,32.05242811,30.83753817,27.79748831,32.05522136,27.78650662,29.32679218,33.24862671,30.29380002,28.62464277,28.18290594,33.88290502,28.97154615,33.05580965,30.82857473,33.56467661,35.04741717,31.29902478,32.27529341,27.62620372,34.74773967,1.093800821,1.297452346,1.716203194,1.288262113,1.872488119,1.497260784,1.473020644,1.406087449,0.949157118,1.89159256,2.760533615,1.71916833,1.182459645,1.644166515,0.98635932,1.470963666,1.817526366,1.040697347,21.08654514,0.859208349,1.354543028
6/18/2021,0.139153642,652.1802258,50.72764495,828294421,1.09625E+11,0.755572771,73.51,56500000,23383.5,61.07337952,46.09571838,2.5,0.02306738,-0.020418132,0.009436303,-0.005952381,0.004376847,0,0.010984689,0.004534901,-0.001717654,0.007576847,0.010830485,0.008133555,0.015844666,0.01397147,0.022236442,0.004904155,0.005596561,0.016338607,0.000656837,-0.000912043,0.009664105,30.45616824,32.04285092,30.86609736,27.793023,32.06884605,27.78650662,29.32792417,33.24143511,30.28086763,28.63555586,28.19864267,33.90185909,29.00954019,33.06863984,30.8322642,33.5829537,35.08870436,31.30825601,32.27503028,27.62556103,34.78949944,1.114405477,1.265993885,1.733030064,1.281999588,1.888852979,1.497260784,1.478639047,1.408711011,0.954141917,1.902953142,2.757231541,1.733610665,1.219834434,1.658803878,1.015847197,1.48204635,1.832188762,1.05652082,21.21834943,0.858128529,1.369095445
6/21/2021,0.067788502,652.2320087,51.29050072,791746374,1.09634E+11,0.722173009,74.9,56650000,23393.5,61.77996063,46.77941895,3.559999943,0.000712266,-0.01342385,-0.008713219,0.004166257,0.014260996,-0.001776199,0.014527288,0.005127611,0.009824592,0.019959354,0.008982036,0.005863775,0.007896585,-0.006548788,0.007513538,-0.009496694,-0.01030861,-0.000197792,0.006898408,0.010818318,0.00170263,30.45453885,32.06976975,30.8565621,27.77595438,32.08771868,27.78472884,29.34000036,33.24680296,30.28737555,28.63990881,28.20376666,33.89323784,28.99219169,33.0662873,30.875854,33.57983357,35.07519087,31.3034398,32.27321468,27.63314415,34.79248783,1.109815594,1.25496386,1.726213087,1.28947523,1.904176078,1.494601351,1.500047323,1.415414854,0.967591683,1.970601359,2.806762647,1.740353076,1.221292508,1.640476642,1.024713386,1.470352854,1.810539803,1.05488655,21.64445848,0.870913601,1.372850754
6/22/2021,0.067364589,652.2833205,51.29011017,771727665,1.09743E+11,0.70321595,74.81,56725000,23402.5,60.69229889,45.95177841,2.950000048,-0.005206636,-0.007966883,-0.008163451,0.003944773,0.003296232,-0.005338078,-0.006528043,0.00759227,0.010623725,0.033858835,0.017936247,-0.000891689,0.015543149,0.001444353,-0.007148261,-0.00289974,0.005913057,0.001340519,0.001161389,0.006171073,0.002681749,30.44017117,32.06690627,30.85021899,27.77898468,32.08610724,27.77937646,29.33684471,33.26238027,30.30301747,28.65436683,28.22796469,33.89594,28.99587428,33.06049198,30.8597681,33.5787305,35.08632204,31.30682196,32.27684686,27.63753699,34.79864898,1.105382739,1.23983545,1.716258483,1.293650246,1.908533559,1.486623052,1.496954283,1.4229806,0.97214438,2.057894253,2.813366794,1.734424756,1.238334155,1.640135055,1.014001346,1.467068244,1.821575172,1.056288469,21.55203832,0.878364362,1.374256455
6/23/2021,-0.076004156,652.178858,51.03901225,728715006,1.09727E+11,0.664118966,75.19,56875000,23406,55.38566971,42.317379,3.019999981,-0.011121003,-0.012700457,-0.00519051,0.014504216,-0.000657638,-0.001788909,-0.016988289,-0.009859307,-0.013020545,0.03350995,0.002347418,-0.011212919,-0.002829282,-0.003893864,-0.004695448,-0.005696205,0.000456508,-0.004800726,-0.005003638,-0.006961623,-0.010401885,30.41627125,32.05049718,30.84238428,27.80547347,32.08243833,27.77758595,29.32350124,33.25079156,30.28665233,28.66944889,28.22929413,33.89363791,29.00237535,33.04518713,30.84017106,33.5688927,35.09431464,31.30476523,32.27269914,27.63251867,34.78995751,1.088540532,1.224896446,1.70679417,1.312220836,1.918219058,1.483963619,1.47638345,1.409997797,0.958770555,2.150264207,2.826575089,1.719158988,1.242742183,1.634328007,1.016954034,1.462194113,1.824840796,1.050265366,21.30599865,0.869855378,1.356048983
6/24/2021,-0.033244305,652.1928827,51.00217069,603142309,1.09899E+11,0.548814959,75.56,56775000,23406,53.17399979,40.64411926,3.130000114,-0.002444037,0.001208588,-0.006278282,0,-0.004952406,0,-0.000470313,0.002678499,-0.005798968,0.033043227,0.013513514,-0.005233281,-0.011584075,0.002796785,-0.015672246,-0.012121498,-0.002119956,-0.000637624,0.003203855,-0.01519039,-0.007185698,30.4164031,32.04341744,30.83903022,27.80547347,32.07915442,27.77758595,29.32065472,33.2621827,30.26977084,28.69423904,28.2484524,33.88465049,29.00423663,33.0685745,30.82836233,33.55891255,35.10068343,31.29748448,32.27536199,27.62102306,34.79722897,1.089495675,1.222313081,1.697278045,1.312220836,1.899619444,1.483963619,1.472290922,1.412503313,0.950674754,2.222651692,2.826575089,1.712547987,1.244966237,1.640271327,1.005263098,1.447426696,1.822158666,1.046721514,21.29251398,0.852253225,1.348461492
6/25/2021,0.088396815,652.2954482,51.17762017,618021217,1.09899E+11,0.562353584,76.18,56775000,23399.5,54.55059052,41.40345001,2.940000057,-0.001459249,-0.004720498,-0.003257578,0.003992016,0.001508098,0.016129032,0.001067144,0.00164749,0.004709589,-0.005014821,-0.01008362,0.003555632,0.016322209,0.00395678,-0.00492423,0.0064985,0.021303666,0.017174639,0.000528231,0.014365171,0.005098614,30.42379834,32.05117102,30.83895708,27.80841576,32.08503621,27.79358629,29.32511576,33.27580309,30.27204583,28.68471722,28.23694345,33.88698944,29.01057464,33.07388143,30.82643918,33.56423986,35.11137359,31.30948968,32.2783542,27.63415835,34.80435773,1.092144854,1.21975694,1.684456105,1.316395853,1.904534562,1.507898516,1.47410532,1.414567953,0.952455165,2.227714661,2.806762647,1.719959318,1.249482438,1.646881528,0.996438524,1.456170279,1.859603434,1.064384562,21.35972553,0.865713193,1.358468787
6/28/2021,0.123963108,652.455353,51.26254085,737566035,1.09899E+11,0.671130524,74.68,56750000,23394.5,58.53116989,43.32376099,2.940000057,0.006108924,0.007277328,0.009082648,-0.013151686,0.004325795,0.040564374,-0.005607478,0.003394666,0.014624027,0.011760804,0.01054902,0.004893178,0.009990852,0.004315738,-0.015414221,0.002464271,0.014461594,0.005759279,0.000329118,0.005360765,0.002874114,30.43488006,32.06308127,30.84618551,27.78337419,32.08959774,27.83334953,29.32277374,33.27515113,30.27453248,28.69822404,28.25557666,33.90460183,29.00910009,33.09913338,30.81493319,33.57191318,35.12826462,31.32436562,32.27622644,27.63792464,34.81216367,1.097151824,1.230479474,1.699456273,1.298099912,1.9039161,1.569065475,1.471775224,1.41561747,0.963903315,2.248268838,2.783648131,1.730559858,1.244214443,1.651718872,0.971428125,1.459917134,1.887040677,1.070127044,21.32919462,0.872105729,1.364852312
6/29/2021,-0.019474408,652.4169151,51.6438008,674254897,1.09899E+11,0.613520119,74.76,56650000,23398.5,57.35520172,42.4095993,3.160000086,0.002391564,-0.002592332,0.002075019,-0.013565891,0.000310898,-0.008474576,-0.002518257,0.000526423,-0.016289627,0.009451363,-0.012142054,-6.48252E-05,0.015188523,-0.003225309,0.012079795,0.002965335,0.000540325,-0.011216215,0.010179024,-0.004260058,-0.000833531,30.43411881,32.04967695,30.83967916,27.77277461,32.11865336,27.82483884,29.32353468,33.26116247,30.24486026,28.7006123,28.23940303,33.89743601,29.01755371,33.08826205,30.82289539,33.58097637,35.13086515,31.30710073,32.30451495,27.63551037,34.82248593,1.099369256,1.22858398,1.696386349,1.283487354,1.91488318,1.55576831,1.472230854,1.41215613,0.951053924,2.333047275,2.77374191,1.725248583,1.247615381,1.64388236,0.990364889,1.470130051,1.887521199,1.05913019,21.66783164,0.866275781,1.365092207
6/30/2021,-0.080131553,652.3452971,51.51492504,606022409,1.09954E+11,0.55116141,74.62,56550000,23399,56.93225098,42.17515945,2.480000019,0.002184135,-0.018097885,0.001307032,-0.003816086,0.012190379,0.01025641,0.003957616,-0.000900314,-0.011287408,-0.009382248,-0.01031746,-0.001267249,-0.011293458,5.55265E-05,-0.022139994,-0.004531175,-0.008651344,-0.001847431,-0.000733406,-0.002834625,-0.00298257,30.44521708,32.02181195,30.83919392,27.76555805,32.11372026,27.83504301,29.32256298,33.26177375,30.23475501,28.70255618,28.22651611,33.89374409,29.01444035,33.07772146,30.80298114,33.58455696,35.12999047,31.30532541,32.31076499,27.63289551,34.82416847,1.1089515,1.193999321,1.694746316,1.278488389,1.923164008,1.571724908,1.475734835,1.413033459,0.938769105,2.324168542,2.760533615,1.722332542,1.251443126,1.641493695,0.962530838,1.466802178,1.874601743,1.057944055,21.6300121,0.863575149,1.360875615
7/1/2021,0.069011406,652.4499082,51.63290329,778138469,1.09963E+11,0.707637308,75.84,56600000,23401,55.15074158,41.02656174,2.670000076,0.011357959,0.00148704,-0.003405505,0.012048193,0.021287492,-0.011844332,-0.006056174,0.006788778,0.002327022,-0.022968199,0.016129032,0.001024604,-0.010367269,0.005812799,0.012713377,0.001409507,0.021321691,0.003611342,0.003575153,0,0.002758898,30.45534732,32.03083977,30.82978082,27.77471582,32.12509983,27.82312797,29.31880282,33.27618438,30.24435021,28.68074658,28.24952549,33.90248717,29.01196138,33.10378455,30.80492724,33.59713373,35.13720316,31.32176062,32.3071378,27.63289551,34.822096,1.119878621,1.193388079,1.701362031,1.291013439,1.954887362,1.553108877,1.467079372,1.421966505,0.94207855,2.309403179,2.760533615,1.7239929,1.243153628,1.659020345,0.97619298,1.468552863,1.91143344,1.066428032,21.63953951,0.863575149,1.366314813
7/2/2021,0.00679361,652.4985104,51.53124294,741622241,1.09963E+11,0.674429536,76.17,56875000,23402.5,53.95198822,40.13605118,2.650000095,0.011012718,-0.014611083,0.007935301,-0.00035805,0.025086163,0.003424658,0.004122231,0.001866741,-0.006250254,-0.02440065,0.002392344,0.00250388,-0.003271766,-0.005038223,-0.00359514,-0.008697688,0.019112489,0.007799176,-0.002489568,-0.006117451,-0.003632219,30.47057648,32.02599242,30.83907622,27.77494012,32.15709525,27.82654678,29.32532707,33.29437159,30.24047981,28.6624577,28.25082658,33.899585,29.02678923,33.0959251,30.79639505,33.59173218,35.14354855,31.32360785,32.30396961,27.62921435,34.82005342,1.133305098,1.169429196,1.710580395,1.282287844,2.008271896,1.558427743,1.474553485,1.425573156,0.934308627,2.279336916,2.77374191,1.725101424,1.251323183,1.64174523,0.971320065,1.457902575,1.94809464,1.069221017,21.49937929,0.855628752,1.361710499
7/5/2021,-0.215142114,652.3029509,51.01020906,1345462936,1.09983E+11,1.223335634,77.16,57050000,23405.5,50.52040863,38.66809845,2.059999943,-0.004199768,-0.026256514,0.006336165,-0.03493454,-0.009798599,-0.006825939,-0.011140465,-0.003438351,-0.000317493,-0.026795166,-0.000595238,-0.00781568,-0.011603108,-0.008072884,-0.029845961,-0.015138552,0.004274107,-0.007320112,-0.006743725,-0.001825558,-0.013084735,30.48487634,32.00790995,30.84705214,27.74832118,32.17764456,27.81969744,29.31705398,33.26141441,30.21847132,28.64103527,28.25050147,33.88552933,29.01233691,33.09468723,30.76903499,33.57631366,35.15184819,31.3195559,32.2878696,27.62794524,34.80385175,1.137740965,1.140486937,1.726518861,1.234740766,2.005073593,1.547790011,1.464458292,1.420126656,0.933372225,2.247311603,2.770439836,1.715896119,1.239221894,1.624664584,0.937493537,1.433997752,1.955804323,1.063178187,21.21408609,0.853490708,1.344316124
7/6/2021,-0.464775788,651.6313271,50.05172734,726827979,1.09985E+11,0.660840095,74.53,57100000,23397.5,44.75477982,36.53776932,2.890000105,-0.02764756,-0.020386527,-0.012864663,-0.021397851,-0.033637861,-0.020618557,-0.019237532,-0.014768739,-0.042086933,-0.035704106,-0.000816324,-0.017645272,-0.009379118,-0.024944597,-0.012884571,-0.033594041,-0.051118741,-0.026622734,-0.005920232,-0.00715687,-0.026342961,30.44566257,31.95931495,30.82864416,27.71961608,32.11789174,27.79886335,29.30077094,33.20672553,30.15667511,28.60792594,28.2476856,33.84634404,29.00325536,33.03873422,30.74960044,33.54837327,35.10685183,31.27010189,32.28740304,27.61910959,34.77177744,1.104823004,1.113497467,1.707973417,1.208042101,1.923628242,1.515876815,1.445701873,1.397689452,0.899783924,2.201909948,2.780346057,1.689289392,1.230523653,1.5894464,0.931242628,1.38696281,1.856173082,1.034233843,20.87665283,0.849056957,1.308873448
7/7/2021,-0.055352863,651.7897597,49.71143065,816376471,1.1002E+11,0.742025779,73.43,57150000,23400.5,42.14527893,35.2117691,2.529999971,-0.005340928,-0.020137834,-0.010141642,0,0.014718154,-0.014035088,-0.003955266,0.001520196,-0.001766846,0.009363432,-0.00380545,-0.005309432,-0.008327492,-0.002744399,-0.006279967,0.003718903,0.015693198,-0.002706744,-0.000635468,-0.012237766,-0.002942425,30.45693983,31.98000305,30.833189,27.71961608,32.15341505,27.78472884,29.29449568,33.24677894,30.14165933,28.61488547,28.2432254,33.86501834,28.9876407,33.05908329,30.72412288,33.58641186,35.12891837,31.27336974,32.29505985,27.60473038,34.79646766,1.115205487,1.095921226,1.70080833,1.208042101,1.963138583,1.494601351,1.432269501,1.403263847,0.897328834,2.141365239,2.77374191,1.689305255,1.219689498,1.589258405,0.921692974,1.40708827,1.886294842,1.031312755,20.5878874,0.840797398,1.312417446
7/8/2021,-0.031423222,651.709353,49.85596752,574324254,1.10043E+11,0.521907551,74.12,57225000,23405.5,39.81539154,33.95106125,1.970000029,0.009997629,0.000401859,0.007563567,-0.012896302,-0.00056373,0,-0.008843099,-0.001776009,-0.00390305,-0.001957658,0,-0.00120702,0.002728432,-0.005841926,0.008529889,-0.003327447,-0.008439541,0.000163294,-0.00493376,-0.00722205,0.000103699,30.46614987,31.96450421,30.83087655,27.71129812,32.14567645,27.78472884,29.2933909,33.25697969,30.13329493,28.61696606,28.2432254,33.85233374,28.98902265,33.0445851,30.73151292,33.5892,35.11906642,31.27223864,32.29013137,27.59642959,34.77774154,1.134711673,1.083905706,1.701773661,1.187883506,1.95134427,1.494601351,1.43217272,1.405594387,0.892957541,2.190438318,2.77374191,1.682675834,1.218894205,1.578449914,0.926477321,1.405340833,1.869597348,1.033883543,20.74696036,0.835846414,1.308716704
7/9/2021,-0.278868595,651.3412463,49.30764731,778635608,1.10043E+11,0.707572073,75.55,57150000,23411,36.98141861,32.29579163,2.690000057,-0.0169574,-0.019947923,-0.016770108,0.030913309,0.00163156,-0.039145907,-0.016283219,-0.007522829,-0.015683799,-0.039750231,-0.000219298,-0.013524453,-0.026687938,-0.009217367,-0.013692589,-0.011600721,-0.028282149,-0.003221691,-0.00574952,-0.008355571,-0.01880075,30.44019762,31.93812909,30.83334578,27.74637178,32.14358921,27.74479613,29.28668458,33.24192092,30.09781255,28.58812255,28.24664934,33.82783918,28.98079074,33.00171668,30.68452212,33.56933827,35.10241083,31.24853774,32.28010484,27.58665493,34.75171143,1.120382782,1.068828138,1.686019081,1.227079284,1.943852883,1.436093825,1.42364559,1.394881714,0.88038734,2.092492657,2.750627394,1.664118772,1.198309237,1.567009317,0.906061292,1.389887837,1.820468901,1.028280495,20.59111047,0.830354439,1.287755868
7/12/2021,-0.691725891,650.6716674,47.58708101,1007607064,1.10055E+11,0.915548628,75.16,56975000,23409.5,31.33275986,30.18491936,2.089999914,-0.044388346,-0.038370429,-0.019702862,-0.015427033,-0.039183119,-0.037037037,-0.016516176,-0.018125769,-0.026594004,-0.063552511,-0.030521347,-0.040489264,-0.03201379,-0.029352001,-0.044532022,-0.032467261,-0.054388524,-0.027398096,-0.025227498,-0.017700201,-0.038738602,30.39651959,31.9142441,30.8054921,27.73546885,32.10239564,27.7070558,29.26657265,33.20116661,30.10770401,28.52752835,28.20290471,33.78799721,28.95256102,32.94457406,30.61813757,33.56805717,35.05142337,31.22146429,32.27125927,27.56849621,34.72064482,1.074668877,1.041645348,1.645654816,1.206340854,1.865272894,1.382905165,1.383672149,1.368822478,0.854411153,1.952919048,2.740721173,1.608377752,1.169541457,1.515788292,0.867083781,1.357343394,1.721324218,1.000208118,19.76807719,0.815983637,1.246319217
7/13/2021,0.272060636,650.904685,48.16594569,558644205,1.10055E+11,0.507604555,76.49,56975000,23411,35.24542999,32.8282814,2.150000095,0.013798327,0.027019124,0.007632747,0.016480613,0.024139122,0.013461538,0.003372702,0.015442108,0.021239235,-0.001664586,-0.003557721,0.007992102,0.041097892,0.010172465,0.021267269,0.00983795,0.009684817,0.019946844,0.00567623,-0.00710874,0.016130599,30.40238169,31.94232177,30.80973275,27.75906682,32.11508789,27.72042754,29.27261688,33.23480494,30.12310269,28.53673467,28.20928404,33.79157989,28.99384016,32.96208622,30.63629414,33.5448744,35.04527961,31.24265216,32.27803411,27.55984573,34.72463692,1.079001306,1.068340786,1.649289153,1.225900355,1.907132224,1.401521196,1.393157345,1.386585217,0.872581192,1.887751221,2.668075551,1.616171071,1.210621475,1.529713752,0.882038504,1.355300579,1.733945759,1.017694158,20.21186258,0.81183118,1.257431085
7/14/2021,-0.099094393,650.7843553,48.11648746,603591701,1.10145E+11,0.547997356,74.76,57025000,23412.5,35.35467148,33.4719696,2.430000067,0.000857696,-0.003492238,0.014186585,-0.030391061,-0.007913881,-0.0056926,-0.006358623,-0.001458271,-0.006896899,0.00948,-0.002717391,0.0027815,0.009594851,-0.00945863,-0.011678788,-0.006265178,-0.023619842,-0.00633265,-0.00519563,-0.007558651,-0.00096469,30.40096912,31.9410997,30.8324373,27.71668819,32.09597583,27.71471867,29.26286355,33.23211497,30.12037089,28.53390654,28.20532944,33.78866068,29.01129269,32.94258524,30.63831772,33.55061119,35.01791916,31.23878226,32.26451802,27.55440708,34.72078707,1.076685725,1.061112395,1.663407826,1.189214397,1.888211292,1.393542897,1.381178187,1.384946841,0.864658714,1.909290098,2.668075551,1.614812407,1.22218911,1.51795416,0.879178404,1.347373675,1.690105113,1.010361451,20.29514996,0.803300599,1.255738655
7/15/2021,0.193650164,650.9783439,48.5621251,476521766,1.10503E+11,0.431228915,73.47,57225000,23412,36.74290848,34.59595871,3.069999933,0.017391059,0.003679508,0.007917993,0,0.00289371,0.011450382,0.002335625,0.005468933,0.01290823,0.022801435,-0.001494617,0.013582791,-0.012326535,0.00888322,0.012036576,0.012212633,0.032916591,-0.000535231,-0.001982892,0.033741707,0.009769045,30.42423802,31.93996016,30.83699017,27.71668819,32.09882246,27.726104,29.26278045,33.23315666,30.12677622,28.54319307,28.20204201,33.8073812,29.0073957,32.97166843,30.6580978,33.55263767,35.04072629,31.25059411,32.2558818,27.5959269,34.72728262,1.095749026,1.055139,1.675426588,1.189214397,1.902260427,1.409499495,1.383867524,1.38888554,0.874922872,1.9889268,2.674679699,1.630159028,1.219521552,1.531591719,0.886929847,1.360930793,1.744353071,1.009533003,20.45319963,0.821191105,1.26614398
7/16/2021,0.066065589,651.1020889,48.41641569,490387698,1.10503E+11,0.443776906,73.59,57125000,23406.5,37.11188889,34.15681839,2.799999952,-0.003351635,-0.005166359,-0.00244478,0.027360296,0.019452895,-0.013207547,-0.002347903,0.006874448,0.007293666,-0.001618691,0.001651743,0.004197676,0.005017197,0.008085177,-0.003772014,0.001703734,-0.001658053,0.008909591,0.003222127,0.001916154,0.003947869,30.42607045,31.94391674,30.84418386,27.74774314,32.11752381,27.71280845,29.26598208,33.23043842,30.11981785,28.54463041,28.20662942,33.80785673,29.02244298,32.98976228,30.65645551,33.57413399,35.03964901,31.26411108,32.25530122,27.59723727,34.7353942,1.089529417,1.053825566,1.675964984,1.219415202,1.963708861,1.390883464,1.391091757,1.396938783,0.883188874,1.990431411,2.661471404,1.636883686,1.237153197,1.538235507,0.884084983,1.367934253,1.739887994,1.018046666,20.17934969,0.823329149,1.27506084
7/19/2021,-0.543489239,650.4385326,46.75929661,743931174,1.10717E+11,0.671922585,68.62,57225000,23408,34.12498093,32.54565048,2.859999895,-0.029208727,-0.023926092,-0.011411289,-0.005780347,-0.030653266,-0.059273423,-0.016278966,-0.024731149,-0.025085691,-0.046262182,-0.002092616,-0.025779699,-0.023448951,-0.011717261,-0.041057564,-0.031399318,-0.056855099,-0.012289583,-0.017046415,-0.018052639,-0.031138963,30.38384805,31.90142995,30.83268887,27.74304955,32.09318232,27.65170571,29.24156312,33.1960001,30.07932883,28.51015634,28.1968079,33.7677488,28.99010976,32.94202552,30.60232564,33.56010117,34.97710877,31.25498894,32.23061164,27.57932616,34.70442547,1.060601936,1.026819105,1.676508346,1.213152677,1.91425785,1.30844104,1.361738303,1.366137736,0.863136903,1.882598948,2.701096288,1.60400949,1.212418566,1.522699226,0.853537453,1.336842071,1.637491373,1.010047867,19.15894712,0.808181417,1.240632891
7/20/2021,0.20821292,650.7038005,47.32406543,583436018,1.10717E+11,0.526962508,69.35,57225000,23414,36.8626709,35.06819916,2.690000057,0.018875796,0.020595804,-0.000306205,0.007843137,0.017314691,0.016260163,0.011011385,0.006286427,0.001952955,-0.011832931,-0.007334963,0.011146126,0.01026763,0.019081047,-0.002178534,0.017945359,0.037461957,0.009991478,0.00776452,0,0.016067078,30.4086304,31.90727656,30.8305103,27.74930279,32.1159001,27.66783509,29.24959674,33.21617476,30.07512787,28.50996681,28.19268215,33.80242882,29.0088712,32.9806569,30.59947726,33.5793298,35.00981758,31.2643132,32.23999777,27.57932616,34.71657824,1.078900191,1.043402191,1.660019405,1.221502711,1.940482891,1.329716504,1.366140554,1.37636062,0.863788002,1.875149786,2.661471404,1.621422383,1.226508606,1.553671743,0.841763719,1.358558665,1.699877243,1.018100522,19.51800591,0.808181417,1.261040962
7/21/2021,0.081422578,650.7747462,47.78345212,464663648,1.11992E+11,0.414906555,72.23,57125000,23416,36.86473846,34.62226868,3.039999962,0.001002167,-0.006556523,0.008453759,-0.021917501,0.004963496,0.056,0.00574169,0.002299154,0.015136267,0.005644347,-0.001388889,0.00598066,0.01790264,0.001468902,0.003925056,0.00222296,-0.005799373,0.006036638,-0.002334644,-0.022758427,0.0054002,30.42108961,31.91657761,30.85060575,27.71770968,32.11582457,27.72232327,29.25845334,33.2056962,30.07150596,28.51722215,28.1906737,33.81241163,29.02167572,32.97117079,30.60262423,33.57236889,35.02085388,31.2750814,32.24211504,27.5464287,34.72233404,1.093292134,1.037057605,1.682374313,1.188850869,1.96220913,1.404180629,1.376824681,1.380546355,0.872647825,1.883316886,2.661471404,1.629008282,1.252132379,1.551966111,0.842525943,1.355730158,1.688227603,1.027016145,19.82969728,0.798652506,1.265723876
7/22/2021,0.29950671,651.1992068,48.26106202,548838668,1.13074E+11,0.485378862,73.79,57125000,23418,39.49633026,37.09273148,2.839999914,0.007791998,0.005993263,-0.013226532,0.046213223,0.010518841,0.045454545,0.004001874,0.004562173,0.013841256,0.006993684,0.006355537,0.006898058,0.007620567,0.008941976,0.028336726,0.02367128,0.018761006,0.029282875,0.00704916,0.00707785,0.023367348,30.43806486,31.93209622,30.84767712,27.77092112,32.14562262,27.76677504,29.26835427,33.22353378,30.09179282,28.52722465,28.19543454,33.81986081,29.03761518,33.00257034,30.63806648,33.58672263,35.0575308,31.30208301,32.24545389,27.55440708,34.74739951,1.104669342,1.036893427,1.662183367,1.241962244,1.999611992,1.468007021,1.387779452,1.387267625,0.882235114,1.830316503,2.687887994,1.636738184,1.261950546,1.563458952,0.861299473,1.382871017,1.719414059,1.059425245,19.98862185,0.803300599,1.295168017
7/23/2021,-0.093221283,651.0136911,47.72505951,600049394,1.13283E+11,0.529691145,74.1,57175000,23415,39.7868309,37.30158997,2.890000105,-0.013641437,-0.010594306,-0.007093545,-0.014237856,-0.006383507,-0.032608696,0.00312795,0.001757569,0.004244704,0.026577143,-0.000320775,-0.006955111,0.007966264,0.003487122,-0.011588926,-0.003901506,-0.015476768,-0.000358761,-0.004579263,-0.000952048,-0.01168953,30.42495287,31.91988823,30.84366888,27.75787298,32.15558553,27.73362283,29.27165447,33.2150393,30.06261975,28.52942071,28.19280356,33.79911606,29.07407083,32.99760099,30.62240521,33.57814119,35.03779107,31.28424539,32.23429765,27.55373034,34.72516331,1.090430766,1.028703709,1.651879352,1.224218423,1.996507052,1.420137227,1.390024532,1.386760667,0.883132761,1.900049167,2.701096288,1.624183316,1.29132646,1.565959952,0.850255594,1.378162126,1.687597808,1.058424492,19.5135221,0.802242375,1.28044535
7/26/2021,0.128931892,651.2137226,47.62711024,516129960,1.1329E+11,0.455582273,74.5,57125000,23417,44.37144852,39.56459045,2.890000105,0.010811963,-0.008315406,0.006628974,0.016950104,0.018226318,0.020599251,-0.003222321,0.003163827,0.011197749,-0.003545718,0,0.003340747,-0.005983105,0.011890809,-0.008544676,0.014674882,-0.001919733,0.012820011,-0.003764688,0.027840909,0.006081993,30.4552995,31.91259566,30.84943928,27.78079013,32.19012923,27.75401279,29.27192824,33.2189424,30.07276934,28.52359982,28.19280356,33.79658799,29.06133053,33.03298802,30.6038211,33.59490627,35.02693991,31.31664014,32.23223687,27.58902309,34.73693871,1.112774029,1.01480819,1.661989491,1.245966952,2.046045049,1.44939099,1.393789173,1.392676092,0.891712849,1.895777826,2.701096288,1.628687406,1.285546438,1.588927401,0.84130547,1.401180075,1.678737106,1.076164647,19.21141834,0.816025779,1.293090649
7/27/2021,0.111274613,651.316401,47.84362273,584650257,1.13334E+11,0.515864404,74.48,56950000,23419.5,45.21665955,40.59584045,2.599999905,0.006785734,0.008059803,-0.00174011,0.023148148,0.016650805,0.014678899,-0.014985794,-0.003029653,0.009447864,0.010321679,-0.00995069,0.006901356,0.008610109,0.001721301,0.022031141,0.003314655,0.009866625,-0.003966008,0.004360986,-0.000953864,1.62703E-06,30.45985803,31.92274907,30.85612615,27.79949075,32.18833614,27.76858499,29.26251676,33.22804191,30.10067502,28.52240587,28.17732386,33.80663045,29.05848366,33.03553532,30.61601083,33.60083713,35.03405673,31.31817662,32.23894627,27.58836939,34.7332461,1.117126155,1.02667183,1.659226088,1.272060806,2.072158672,1.470666454,1.379685086,1.389823294,0.903076916,1.897944428,2.707700436,1.638457017,1.285938861,1.587368974,0.86043421,1.407232136,1.696530492,1.070880952,19.29524258,0.814967555,1.290429793
7/28/2021,0.055025025,651.3041736,47.63600132,413012580,1.13334E+11,0.364420414,74.74,56850000,23420,45.44271851,40.61378098,3.079999924,-0.010143268,0.000113229,-0.003008612,0.002297342,0.008579222,0.012658228,0.02127312,0.000442587,-0.007909341,0.017188166,0,0.001073407,0.019492725,-0.008389765,0.007577992,7.90918E-05,-0.000613203,-0.002587423,-0.003440406,0.001911375,-0.00156944,30.44451092,31.92545439,30.85425809,27.79981033,32.17716231,27.78116377,29.26698207,33.22567236,30.09581664,28.52935576,28.17732386,33.81288342,29.08325826,33.0319428,30.60127234,33.59533236,35.04097667,31.31151282,32.23212103,27.58967637,34.72768702,1.100147368,1.027112987,1.654413469,1.27563525,2.068258451,1.489282485,1.394399248,1.389105739,0.895279929,1.912992642,2.707700436,1.638589647,1.314810479,1.570916365,0.861035958,1.409204727,1.697954881,1.068863554,19.05825346,0.817084003,1.284960239
7/29/2021,0.115780376,651.5600999,48.95219438,475798753,1.13343E+11,0.419786258,76.05,57000000,23416.5,48.71765137,43.00072098,2.690000057,0.009592628,-0.004954414,0.010367239,-0.007522576,-0.002787539,0.016071429,0.001585109,0.003785943,0.003649709,0.042737621,-0.004285714,0.003662253,-0.000995424,0.004939441,-0.000658415,0.000395335,0.019390324,0.005577745,0.008953789,-0.002856144,0.009132039,30.45801545,31.93173496,30.86706766,27.79195941,32.19028159,27.79710742,29.34469024,33.22918413,30.11281428,28.55597102,28.17119266,33.82407204,29.08560553,33.04683078,30.59490604,33.6046108,35.05912497,31.32160268,32.24989982,27.58771526,34.73571315,1.11434027,1.022876175,1.669424745,1.267749136,2.074324703,1.513217382,1.406872213,1.392483645,0.899123955,2.014128296,2.707700436,1.643389742,1.321575969,1.579264018,0.857508545,1.410441451,1.731719212,1.070246097,20.14329401,0.813909331,1.298605045
7/30/2021,0.097722318,651.6499182,50.29665078,670521364,1.13343E+11,0.591585523,75.41,57050000,23400,57.43870163,46.55419922,2.819999933,0.00840503,-0.002649968,0.006258559,-0.026110399,0.02620914,0.0228471,-0.001276927,0.003501647,-0.008945086,-0.001740872,0.006761791,0.003423599,0.006482879,0.011517555,-0.010843554,0.006625682,0.015501459,0.018358351,0.013297084,-0.010262839,0.010362085,30.46991145,31.93470418,30.86340371,27.75348786,32.19887413,27.81969744,29.34345047,33.23052944,30.10684657,28.55801539,28.1787223,33.83243366,29.09164652,33.06138257,30.58970572,33.61990956,35.07398367,31.34257628,32.2624034,27.57102026,34.74721367,1.12703347,1.017757225,1.673561458,1.234759783,2.103947747,1.547790011,1.414675597,1.397915549,0.893134666,2.012830283,2.720908731,1.647853029,1.331027235,1.596479319,0.850939835,1.423165798,1.758702643,1.0926594,21.32850092,0.811345816,1.311662267
8/2/2021,0.170727889,651.8603522,51.61457421,629727059,1.13393E+11,0.555350702,72.89,56850000,23400,55.97951889,45.72864151,2.420000076,0.010802152,0.008564534,0.005171665,0,0.019701763,0.013745704,0.000255109,0.000511952,0.012230522,0.019564176,0.004854369,0.005643559,0.007132618,0.012455796,0.006704175,0.001411444,0.000897349,0.024014573,0.016452263,0,0.000614164,30.48570624,31.93759387,30.86740088,27.75348786,32.21756566,27.83334953,29.34042343,33.25724165,30.11961116,28.58969386,28.18151334,33.82960726,29.1268572,33.06379754,30.57902439,33.62832336,35.0704082,31.36577399,32.29251757,27.57102026,34.74943498,1.138552393,1.017643878,1.681823491,1.234759783,2.146501936,1.569065475,1.41252376,1.403952526,0.905880177,2.035381323,2.74732532,1.657807037,1.363726948,1.614448239,0.857386548,1.427111858,1.759214099,1.117726429,22.39832458,0.811345816,1.314072585
8/3/2021,0.080920298,651.9247362,51.30228253,667734327,1.1354E+11,0.588102658,72.41,56950000,23398,57.55192184,47.35515976,3.049999952,0.005944999,0.005375227,0.008190847,0.013896821,0.00244623,-0.027118644,0.006887734,0.002766643,0.001663167,0.012121237,-0.000453297,0.002416442,0.013659268,-0.000205995,-0.011486686,-0.002103389,0.020546512,0.020738226,-0.003737571,-0.000554939,0.009927466,30.49657372,31.93420587,30.86668895,27.77892355,32.21904929,27.80585639,29.3479509,33.2552166,30.11490154,28.59722932,28.17884543,33.83174342,29.13069157,33.06880683,30.55899166,33.63556017,35.0880483,31.37922031,32.28899249,27.57029944,34.77694042,1.153000776,1.023406465,1.683201788,1.251915072,2.148212367,1.526514547,1.420680521,1.405770075,0.904536383,2.039486357,2.760533615,1.65877122,1.373770423,1.614125436,0.834768172,1.428643595,1.794737407,1.144662108,21.99390555,0.811064522,1.330576128
8/4/2021,0.215535132,652.1103206,51.21000973,678837969,1.1364E+11,0.597358304,70.38,57000000,23393,56.60303116,46.41053009,3.059999943,0.008832313,0.019203459,0.022977533,0.025936813,-0.000319853,0.038327526,0.019340085,0.006313243,0.003381177,0.030686074,-0.003588517,0.005248477,-0.000382733,0.010723383,0.00577495,0.010201992,0.008369957,0.003046115,-0.004015831,0,0.005478968,30.50243398,31.95688637,30.87145807,27.81670815,32.2177876,27.84346766,29.35041904,33.26241893,30.138024,28.60993568,28.17674728,33.83799796,29.13944515,33.06944154,30.5896298,33.63071775,35.09131587,31.37258529,32.28385348,27.57029944,34.77874753,1.158455441,1.04282857,1.70700859,1.283200419,2.157797532,1.585022073,1.431184725,1.411111708,0.907613599,2.123860152,2.740721173,1.66339028,1.3717704,1.632567975,0.844134117,1.439381463,1.807588446,1.144859338,21.61086719,0.811064522,1.335582025
8/5/2021,0.182180719,652.199468,51.27008775,676006030,1.1364E+11,0.594866277,71.29,56900000,23392,57.70600891,47.69760895,2.599999905,0.005283031,0.012099232,0.006065133,-7.98212E-05,0.008058835,0,0.013249134,0.006057903,-0.002330522,0.024584992,-0.005747126,0.010073121,0.017927166,0.010524776,0.021845267,0.01199185,0.013953963,0.005700996,0.004294417,0.005729106,0.012899267,30.50236323,31.95825166,30.87011539,27.79751243,32.22751217,27.84346766,29.35620314,33.26339161,30.13241206,28.62577561,28.16855923,33.85088436,29.13998623,33.0980375,30.61857284,33.62739533,35.10229413,31.37317043,32.28441055,27.57431359,34.78483886,1.154737309,1.0479736,1.716746507,1.280959764,2.168614548,1.585022073,1.439894495,1.418181931,0.905880524,2.154070382,2.740721173,1.670727014,1.374989957,1.646351683,0.859552734,1.450735772,1.833538059,1.149353461,21.50599968,0.817457059,1.348580024
8/6/2021,0.086978904,652.2009085,51.4891854,773013702,1.1364E+11,0.680230298,70.7,56900000,23393.5,65.99060059,49.83724976,2.279999971,0.005381501,-0.001482421,-0.000969196,-0.031231231,0.016789245,0.053691275,0.009017181,0.001500916,0.004159539,0.022589622,-0.002199496,0.001990151,-0.009530673,0.001711526,-0.001767242,0.010737132,-0.010407679,0.014033952,-0.001282374,-0.002832102,0.00707928,30.50792675,31.96566623,30.86633976,27.75521712,32.22808716,27.89576716,29.35777984,33.25483968,30.13556224,28.62896934,28.16243647,33.84775224,29.13508162,33.0869997,30.60967603,33.63131372,35.09192864,31.38809454,32.28852306,27.57230853,34.7906387,1.159309386,1.045720468,1.721322359,1.242186298,2.182211942,1.67012393,1.443852743,1.419527032,0.915188669,2.239946808,2.760533615,1.673829962,1.36620874,1.647114693,0.856852841,1.45798427,1.813334304,1.166137577,21.53651428,0.814260791,1.357024695
8/9/2021,0.335559323,652.5543168,51.66950378,748662838,1.13762E+11,0.658094344,69.04,56550000,23396.5,66.11427307,49.80158997,3.039999962,0.010607436,0.011206527,0.007739304,0.001851852,0.016847955,0.068471338,0.027741527,0.008408444,0.013162757,0.020333643,0.027716015,0.00996913,-0.003310033,0.015315271,0.006334293,0.015548586,0.023041779,0.036760827,0.005275532,-0.005,0.017537142,30.52551789,31.96741796,30.90233975,27.75676517,32.23793422,27.96199613,29.39402382,33.26229734,30.14101927,28.6453875,28.19739269,33.86553402,29.11897851,33.11235133,30.61724685,33.6560293,35.10472342,31.42200079,32.29633551,27.56581083,34.80321449,1.175615902,1.059312163,1.728324239,1.244273806,2.204675559,1.784479549,1.478046225,1.428910645,0.929078269,2.263376933,2.783648131,1.689987249,1.353760922,1.664607254,0.859007622,1.479266543,1.854639473,1.208859637,21.28651822,0.811729145,1.381386297
8/10/2021,0.307029661,652.9405352,52.20552665,754271912,1.13648E+11,0.663690967,70.63,56600000,23404,67.15396881,50.48701096,2.460000038,0.012195782,0.005908524,0.018362449,0.003762825,0.003763097,0.04023845,-3.21569E-05,0.008450356,0.005091157,0.038554093,0.033707865,0.007236442,0.024564103,0.012143473,0.012688468,0.007445733,0.003217104,0.031455664,0.002552635,0.029784262,0.005939336,30.53973179,31.98212448,30.93588428,27.75401648,32.24104756,28.00144609,29.4081667,33.28720507,30.18563817,28.67061005,28.24420754,33.86595284,29.16565072,33.11529919,30.63504625,33.65780837,35.10054421,31.4544241,32.29383883,27.60193773,34.79995477,1.188572075,1.066421241,1.759524846,1.248022433,2.217522773,1.85628424,1.482674469,1.443416142,0.935352374,2.371585325,2.783648131,1.705947039,1.391368406,1.678581918,0.867027082,1.486658213,1.858125785,1.246991831,21.40394563,0.828427523,1.38542918
8/11/2021,0.241705691,653.087073,52.67959989,829849910,1.13862E+11,0.72881927,71.44,56550000,23399,65.09488678,48.62915039,3.450000048,-0.000894086,0.022200926,-0.008223068,0.017730496,-0.011692955,0.068767908,-0.009230395,0.002572,0.012735547,-0.021467705,0.037176125,0.007120394,0.015241794,0.000864072,0.021024721,0.008668327,-0.001953191,0.048449752,0.01909655,0.017166568,-0.00364809,30.53114648,31.97743485,30.94028941,27.76940844,32.22251472,28.06795259,29.39788686,33.28764085,30.19100241,28.66207636,28.2941241,33.86247716,29.19934282,33.10387097,30.63437152,33.66038639,35.10730652,31.47382365,32.29833447,27.61728489,34.78839759,1.186171124,1.086488123,1.756077837,1.268897516,2.184954001,1.983937025,1.466589827,1.444137138,0.943673431,2.297746767,2.8001585,1.71216693,1.442633155,1.675794801,0.885720189,1.49807297,1.851632212,1.302129542,21.67159064,0.844285232,1.376742933
8/12/2021,0.073666873,653.0995764,52.5739434,776442372,1.13862E+11,0.681913869,71.31,56750000,23273.5,67.15519714,50.27056122,2.970000029,0.005275311,0.019906643,-0.001106417,-0.016835017,-0.001689058,0.032171582,-0.004308799,-0.000373384,0.023637033,0.013586085,0.031534645,0.004656051,-0.008404006,-0.002908238,-0.008319408,0.002375063,-0.004177421,-0.014833798,-0.007349944,-0.003686377,0.014516326,30.54424304,31.97341529,30.9450907,27.75401648,32.2010543,28.09961751,29.40593927,33.27923164,30.2034888,28.67066761,28.34215594,33.85526075,29.18865763,33.09873144,30.63124424,33.65221045,35.10169282,31.44973512,32.29600679,27.61472754,34.7923891,1.194298554,1.101511748,1.749368475,1.248022433,2.165667035,2.047763417,1.46848783,1.44509796,0.967160305,2.306080849,2.783648131,1.716501247,1.433624509,1.66817257,0.868676383,1.492959824,1.843085656,1.273292087,21.56674093,0.84003074,1.393752716
8/13/2021,0.055741921,653.1513732,52.47839796,784279273,1.13922E+11,0.688433889,70.59,56750000,23269.5,66.15219879,49.90980911,2.789999962,0.001184611,0.014851071,-0.003979875,0.029863463,0.000743802,-0.023376623,1.75778E-05,-0.000384309,-0.003225259,-0.006176946,0.031596613,-0.000748828,0.000985727,0.008112017,0.001573332,0.008341156,0.010379884,0.009309745,-0.005471376,-0.023684211,0.005830349,30.54948566,31.97303061,30.94483508,27.78309858,32.21218038,28.07596331,29.40552795,33.26815376,30.19582409,28.66450605,28.39128155,33.85473231,29.19092013,33.11423715,30.62200985,33.65060484,35.1030204,31.47438932,32.29088945,27.58319739,34.80348537,1.200426054,1.117451363,1.743070899,1.283221234,2.170042536,1.999893623,1.466025208,1.442020813,0.962444404,2.298215816,2.767137763,1.711771206,1.442687598,1.676098609,0.87509578,1.502611267,1.86234214,1.286354119,21.44037911,0.827372513,1.403735913
8/16/2021,0.233739563,653.3460907,52.83721414,885266951,1.14196E+11,0.775215692,69.51,56900000,23274,67.34326935,51.02814102,4.539999962,0.019376243,0.0211301,0.002665993,-0.001751826,0.015277734,0.063829787,0.008598978,0.012790178,0.002583973,-0.011311275,-0.003117027,0.011135868,0.009532566,0.014796237,-0.001824637,0.009714951,0.035881522,-0.001080532,0.001331659,0.010236399,0.013942673,30.56868784,31.96373182,30.9629669,27.77818262,32.22004984,28.13783872,29.4214603,33.2850584,30.1954181,28.65729143,28.38524821,33.86568828,29.19247267,33.15948223,30.61404588,33.65174843,35.12897411,31.48105384,32.28750728,27.59045502,34.79872875,1.220005051,1.140585481,1.748275611,1.283036284,2.19490712,2.127546407,1.485969126,1.461254236,0.967800776,2.296139489,2.77374191,1.72612031,1.442836316,1.70302424,0.870828335,1.513416606,1.927209366,1.284751964,21.41126413,0.839099361,1.419402021
8/17/2021,0.042658883,653.3068729,52.85946007,832398133,1.14211E+11,0.728823486,69.03,57000000,23276.5,67.03131104,51.07952881,3.130000114,0.014828434,0.005887653,-0.005214775,0.017766966,-0.005194928,0.0625,-0.001832328,0.00382139,-0.008292933,-0.01020645,-0.034782609,0.001096654,-0.000812121,0.006751152,0.019467986,0.002775825,0.004890749,-0.020306474,0.000658223,-0.004334769,-0.00680876,30.58630342,31.95610319,30.94077565,27.79378597,32.21252967,28.19846334,29.41089236,33.27560355,30.20055016,28.65106288,28.33083488,33.86760131,29.18984471,33.16645081,30.62180038,33.64726157,35.1269471,31.46846395,32.28664527,27.58948842,34.78546436,1.239622138,1.147496187,1.740148551,1.304389779,2.187635106,2.260518058,1.476140982,1.465246198,0.956820765,2.257300352,2.77374191,1.720676934,1.440203023,1.713192054,0.890635607,1.514123563,1.933707955,1.260997263,21.33772348,0.831479614,1.407660545
8/18/2021,0.074990583,653.3759601,52.95229237,723616830,1.14237E+11,0.633436944,68.23,57000000,23279.5,66.00141907,50.37688065,2.75,0.005285274,0.005150018,0.002221744,0.029402211,-0.007425684,0.018823529,0.009343911,0.007591895,0.013321239,0.001733364,-0.035091233,0.001565905,0.007679319,0.002976892,-0.008137983,0.003314914,0.011748547,-0.006328757,0.006359333,0.001840583,0.003615559,30.5890538,31.95556776,30.93670688,27.83142985,32.21352214,28.2171119,29.43399251,33.27940261,30.21098935,28.6531908,28.27940357,33.86717493,29.2092085,33.16811304,30.62659787,33.65718517,35.12375133,31.46093376,32.28975299,27.59079394,34.78207743,1.246873404,1.153837439,1.740501575,1.339650469,2.178711531,2.303068986,1.487274278,1.47400918,0.967824372,2.258588819,2.760533615,1.719729511,1.470094898,1.717357459,0.881788085,1.522234862,1.951747646,1.254142234,21.27688229,0.833596062,1.413845662
8/19/2021,0.149798142,653.5419029,53.07210512,780693799,1.14237E+11,0.683400764,66.45,56900000,23274.5,65.48381042,49.96411133,2.900000095,0.010002228,0.008802764,0.004282469,-0.003236246,0.014851059,-0.009237875,0.016475043,0.006148225,-0.005429315,0.001011302,0.037392344,0.007183642,0.004369977,0.014936643,-0.004370463,0.014768412,0.009169445,-0.009526525,-0.001909605,0.025342407,0.008772211,30.59812476,31.95527451,30.94020889,27.8285546,32.22044672,28.20783109,29.45918636,33.26799732,30.20004305,28.65153513,28.33083488,33.8776208,29.21625706,33.19380252,30.62227259,33.66631923,35.12665644,31.4495957,32.29804042,27.6265287,34.80477214,1.259919184,1.159572607,1.751568953,1.335475453,2.213550233,2.281793522,1.517598567,1.47996175,0.965194051,2.260060015,2.77374191,1.728273865,1.482842723,1.744197311,0.871511696,1.542509734,1.966595421,1.242995511,21.22448063,0.842460351,1.427801629
8/20/2021,-0.28999813,653.0992023,52.14735464,1292787242,1.14237E+11,1.131675172,65.8,56800000,23280.5,59.82537842,47.82843018,2.609999895,-0.008461029,-0.026063088,-0.00716241,-0.004084967,-0.016411449,-0.06993007,0.010211893,-0.015872044,-0.021017143,-0.009394785,0.003304406,-0.016212709,-0.016628554,-0.011351227,-0.010190667,-0.022430662,-0.023289933,-0.007187065,-0.010354032,0.013090634,-0.020563228,30.57895959,31.91942012,30.96608405,27.82494888,32.20444987,28.13533559,29.44383831,33.23481909,30.14657795,28.63966868,28.34628406,33.84627186,29.19101556,33.15369867,30.59300047,33.64104417,35.08922137,31.43882624,32.29185501,27.6448684,34.76901438,1.252999485,1.13646262,1.737480006,1.330256682,2.184415321,2.122227541,1.50312789,1.456542389,0.943328894,2.248276881,2.714304583,1.697890252,1.456540296,1.716494051,0.862222665,1.50746567,1.919242168,1.236408817,20.88094473,0.848501428,1.392222268
8/23/2021,-0.252612184,652.6454517,51.48284974,838427952,1.14239E+11,0.733924339,68.75,56750000,23286,55.67881012,45.85427094,2.700000048,-0.025477738,-0.002811215,-0.008857289,-0.040847721,0.018565418,-0.047619048,0.002,-0.0033955,-0.018555128,-0.001434226,0.032874364,-0.011150712,-0.017696481,0.002986858,-0.017068505,-0.026112767,-0.008502903,-0.012782467,-0.009180149,-0.042050613,-0.015496364,30.55488593,31.89888622,30.94458986,27.77811269,32.19003151,28.08654542,29.45257804,33.22140126,30.10446086,28.63668947,28.39605588,33.82164173,29.14877872,33.12363379,30.56111863,33.60655961,35.06036831,31.42275012,32.28971768,27.59235253,34.7542934,1.227030389,1.137685834,1.716159462,1.275983989,2.187567287,2.021169087,1.513526761,1.454029373,0.929931723,2.247531448,2.707700436,1.679697336,1.413423987,1.715033714,0.857314193,1.464462234,1.904550843,1.219904635,20.61962032,0.820561565,1.369965126
8/24/2021,-0.156737634,652.539099,51.17706353,770507470,1.14239E+11,0.674469624,71.05,56850000,23280,52.5497818,44.62036896,2.700000048,-0.008192919,-0.00734531,-0.011731086,-0.006734007,-0.015719777,0,-0.014487765,-0.003352289,0.002591222,0.006772802,-0.034042553,-0.006357732,-0.00919089,-0.012657507,-0.008776722,-0.003654867,-0.013555589,-0.012253146,-0.001014019,0.010752688,-0.00778817,30.55613073,31.90383456,30.92332374,27.77203758,32.19669274,28.08654542,29.4439325,33.21979189,30.111192,28.63655918,28.34224349,33.8226495,29.11817627,33.11030499,30.55220191,33.61228924,35.05889603,31.4130565,32.29948798,27.60636088,34.75339187,1.223919636,1.141248956,1.703979296,1.267633956,2.153095418,2.021169087,1.497694701,1.452088856,0.930792012,2.253118558,2.707700436,1.670580785,1.385692289,1.691927962,0.855414418,1.467792757,1.870285221,1.199572741,20.49239135,0.826187444,1.364777657
8/25/2021,0.095423998,652.7163669,52.05900972,549663891,1.14239E+11,0.481152503,72.25,56800000,23273,51.90584183,44.17055893,2.859999895,0.010328516,0.007249041,0.003001051,0.006872852,0.00561442,0.017105263,0.001945998,0.008325026,0.020222818,-0.002430539,-0.029680365,0.005809273,0.015468143,0.004436436,-0.000340412,0.015623126,0.005568907,0.007051534,0.009955275,-0.025278653,0.008576288,30.57087393,31.91679548,30.92997823,27.77811269,32.1982752,28.10350604,29.446467,33.23676697,30.131812,28.63616722,28.29628294,33.83809928,29.16454133,33.12666083,30.55263591,33.63723286,35.06372069,31.42829052,32.33019372,27.57554055,34.75441349,1.232032726,1.151959374,1.707509307,1.275983989,2.17741706,2.055741716,1.501048478,1.463498711,0.948107799,2.249752086,2.707700436,1.679930095,1.430826798,1.695481125,0.850896526,1.49837546,1.883657463,1.210760247,21.14826516,0.809904264,1.380160901
8/26/2021,0.164884819,652.8705607,52.30417469,562350237,1.14673E+11,0.490396338,71.07,56650000,23268.5,52.5492897,44.34672928,2.869999886,0.008027536,0.010606207,0.002387485,-0.01010101,-0.002096671,0.018111255,0.006037106,0.007976488,-0.004795999,-0.00958379,0.016990291,0.001457677,0.005395079,0.013748854,0.01470166,0.01394298,-0.007752561,0.036856152,0.00108306,0.034293372,0.007599649,30.57506159,31.90409038,30.92975501,27.76898613,32.19264711,28.12145524,29.46721988,33.23419386,30.12715632,28.62756331,28.32129308,33.83191566,29.17503919,33.13997736,30.57083741,33.637033,35.05007989,31.47175311,32.32522792,27.6182606,34.78101458,1.241571845,1.170937638,1.714769795,1.263458939,2.164780926,2.092973778,1.514501797,1.475142895,0.946907266,2.237812573,2.707700436,1.680570125,1.445857111,1.723494271,0.873785722,1.51648182,1.864854762,1.257494925,21.19478727,0.828617055,1.387673741
8/27/2021,0.266904589,653.1424424,52.67959713,685696427,1.14673E+11,0.597960123,72.7,56750000,23268,52.4535408,44.25699997,2.829999924,0.006307183,0.013280224,0.005198643,0.022569444,0.010008129,0.041931385,0.008332251,0.02063899,0.016857023,-0.004695495,-0.01056338,0.006314199,0.007079065,0.033242864,0.021524927,0.01427584,0.012718992,0.014301448,0.002743367,0.007674672,0.017164817,30.58174045,31.9196439,30.93883898,27.78865614,32.20011729,28.16253133,29.47535907,33.25839439,30.15672795,28.62655871,28.30528711,33.83712708,29.18069547,33.18107634,30.6042938,33.64475816,35.05183474,31.4816911,32.33021779,27.62336369,34.79352894,1.244617464,1.195663282,1.722188628,1.290596548,2.188024972,2.180735067,1.522272038,1.501100168,0.963676534,2.232678373,2.707700436,1.690832445,1.456776068,1.77972751,0.885184866,1.538501687,1.885066006,1.273652386,21.17120583,0.837147635,1.412249191
8/30/2021,0.371573248,653.4451116,53.46691949,680008105,1.14677E+11,0.592979414,73.41,56950000,23265.5,54.30469131,46.10552979,2.920000076,0.031085494,0.01391548,0.013674137,0.000187996,0.024624912,0.004878049,0.011339701,0.0181616,0.026764118,0.027389042,0.014368018,0.020841392,0.020131566,0.032530058,0.016870432,0.026982637,0.023530529,0.014421796,0.008040106,0.009433962,0.012402222,30.62172905,31.92286623,30.97073572,27.79628577,32.2039923,28.16739752,29.48827015,33.27332211,30.18734236,28.64924962,28.32772361,33.85241835,29.21363663,33.19663607,30.60945559,33.6428774,35.07090394,31.4952642,32.33577107,27.62969654,34.78953742,1.2797435,1.215064044,1.748595773,1.289280965,2.22231351,2.191372799,1.535670899,1.528794748,0.989247311,2.278039286,2.701096288,1.717361817,1.49446189,1.840481738,0.891652848,1.569877761,1.926876981,1.295000282,21.4799079,0.847794664,1.424284488
8/31/2021,0.097833665,653.5561216,53.24020251,752232549,1.14724E+11,0.6556873,71.63,57050000,23262,55.04465866,46.42856979,2.450000048,0.015588695,0.006492084,0.003847526,0.015694698,0.0049712,0,-0.002983194,0.00545038,0.012278634,-0.017847534,0.025939614,0.007139076,0.000333422,0.013174616,0.012175074,0.005740942,-0.005187578,-0.003776478,-0.008639705,-0.003699947,0.011142141,30.63350341,31.92546659,30.97119994,27.81014596,32.20816367,28.16739752,29.47988073,33.29297252,30.20848214,28.63786171,28.35889242,33.86689374,29.205271,33.2200622,30.60892571,33.64938425,35.06378778,31.49693456,32.32804557,27.62717078,34.79567941,1.296098291,1.230033123,1.7496285,1.308546952,2.238906378,2.191372799,1.533147924,1.53367832,0.998579086,2.25468554,2.740721173,1.726841569,1.48857017,1.864671205,0.896051453,1.570065438,1.917924443,1.288384068,21.12797578,0.843540172,1.440780125
9/1/2021,0.118488102,653.6487804,53.27692859,721171341,1.15123E+11,0.626437002,71.59,57050000,23251,55.80220032,46.76956177,3.180000067,0.014688188,0.011878092,0.002581688,-0.012665698,0.003513373,0.006067961,0.024183774,0.014666266,0.032679044,-0.013158319,-0.024663677,0.007240287,0.003560476,0.003331527,0.010673206,-0.002623172,0.003497009,0.032041407,-0.004550238,-0.007027865,0.012574772,30.64546855,31.94511993,30.99033603,27.79791545,32.20804067,28.17344715,29.50282587,33.30616855,30.22010285,28.62755647,28.32079384,33.86619707,29.19625107,33.23945295,30.62329305,33.64873577,35.06877779,31.52964748,32.32041031,27.61905494,34.79918461,1.309170686,1.249638362,1.756022294,1.29263524,2.239613836,2.204669964,1.589567399,1.551119936,1.03345224,2.237874943,2.740721173,1.733430331,1.478840638,1.86012908,0.90097856,1.564584683,1.924889214,1.336255598,20.98197144,0.838589188,1.452773791
9/6/2021,0.315653573,654.0770307,54.15785195,958141307,1.15167E+11,0.831958753,72.22,57100000,23249.5,58.93119812,48.61809158,2.920000076,0.028129521,0.014354471,0.0160303,0.005522466,0.026845542,-0.001206273,0.016973713,0.007939212,0.021825673,-0.006021277,0.010741078,0.023652754,0.03117807,0.004490423,0.012432245,0.008330797,0.012811195,0.043429765,0.007379323,0.010925867,0.019888707,30.86253355,31.95078655,31.01151355,27.80963199,32.23253615,28.17224015,29.51854438,33.31929525,30.22541959,28.63467675,28.33083488,33.89382971,29.20703259,33.22331467,30.63058456,33.64621286,35.07384232,31.56134555,32.32831521,27.62746017,34.8170803,1.356502227,1.245658335,1.774576131,1.299491939,2.278267584,2.202010531,1.639029712,1.560671535,1.058514035,2.231858601,2.77374191,1.759136016,1.50202821,1.853633345,0.905357528,1.56814752,1.947259798,1.388985622,21.47857894,0.850080098,1.484322324
9/7/2021,-0.14468201,653.8882508,54.36178628,880326485,1.1543E+11,0.762647236,71.69,57100000,23247.5,54.84518814,45.99784851,3.230000019,-0.019859555,-0.014573358,-0.024667479,0.015625,-0.011519373,-0.036231884,0.00735573,-0.009022448,-0.010456237,0.029838138,-0.015759902,-0.01438958,-0.003389575,-0.023415892,-0.03074916,-0.008441865,0.011155013,-0.007907822,0.001668175,0.04002616,-0.019966095,30.84703088,31.93595858,30.96291152,27.8227503,32.21931815,28.13533559,29.51717789,33.29719721,30.20158957,28.66311564,28.30637276,33.88223385,29.1990537,33.20971281,30.59928659,33.63520171,35.08685798,31.54089814,32.33036259,27.6693333,34.82655209,1.337781729,1.216301009,1.739623446,1.318279514,2.25836409,2.122227541,1.631953865,1.547336159,1.046612096,2.266555175,2.777043984,1.738172692,1.485710502,1.821154293,0.876716821,1.556645457,1.966644689,1.377843086,21.94066729,0.881398702,1.454754131
9/8/2021,-0.11273218,653.7865314,54.42238358,636775442,1.15493E+11,0.551354549,72.85,56850000,23251,54.46358109,45.4056015,2.859999895,0.006075793,-0.007757838,-0.00317916,-0.009950249,-0.006842164,-0.022556391,-0.00314486,-0.007975428,-0.014485767,-0.028132366,-0.002415459,-0.003209979,-0.010030855,-0.005118507,0.011066957,-0.004904461,-0.006774543,0.002485446,0.002453403,0.004465416,-0.002801169,30.85391308,31.93332714,30.96204473,27.81402391,32.21467138,28.11252091,29.51458689,33.28856306,30.1921862,28.64155967,28.30278472,33.88959757,29.19294209,33.21097587,30.59435626,33.62399536,35.07919557,31.54023078,32.33470839,27.6723686,34.81797923,1.346939558,1.197318884,1.725890928,1.305754464,2.245970515,2.074357747,1.615166441,1.535877123,1.035472305,2.220651228,2.777043984,1.734183376,1.480328293,1.816900861,0.886859208,1.549066232,1.952790878,1.381411505,22.20014773,0.886733015,1.453519307
9/9/2021,0.183996829,654.0159666,56.06119225,625008769,1.15555E+11,0.54087597,71.45,56900000,23258,55.08079147,46.98011017,2.630000114,0.007014842,0.000230595,0.013015878,0.001144812,0.00681373,0.008974359,-0.003760748,0.016177035,0.024902469,0.019826044,0.018626693,0.007377833,0.000632918,0.001335591,0.014202072,0.006942975,0.007405738,0.025281229,0.028885032,-0.027098496,0.006066228,30.87468761,31.95322347,30.98312089,27.81018442,32.21727873,28.12145524,29.51644745,33.30880782,30.19854155,28.67603577,28.32161334,33.89862993,29.19175137,33.22458365,30.60540455,33.63390153,35.08409844,31.56482736,32.37726698,27.63145084,34.82265563,1.358112598,1.182163825,1.76961361,1.306753343,2.25852598,2.092973778,1.595747307,1.557961245,1.055679018,2.24510461,2.826575089,1.745142873,1.475178309,1.82033334,0.899358257,1.557001742,1.967960853,1.419133806,23.58567353,0.875832716,1.466366418
9/10/2021,0.205329131,654.1493731,57.32783284,598328849,1.15555E+11,0.51778745,72.92,56950000,23256,55.01517868,46.62799072,2.819999933,0.017047969,0.01099082,-0.001962817,-0.008333333,0.010382181,0.041931385,0.006028866,-0.00320073,0.011787634,0.005853175,-2.22519E-05,0.00489165,0.006222081,0.000562969,0.008352773,0.003288002,0.005212286,0.015769725,0.025638088,0.039977046,0.004911613,30.89769968,31.95122988,30.97998978,27.8028255,32.22022321,28.16253133,29.51951352,33.30398139,30.19427227,28.67655455,28.32045465,33.89981239,29.21528932,33.21630485,30.60638547,33.63898459,35.08323785,31.56712287,32.39573599,27.67386081,34.82336319,1.391031892,1.181133069,1.792761123,1.296315801,2.265975927,2.180735067,1.616088285,1.554938221,1.063584047,2.256117103,2.833179237,1.752692453,1.49987162,1.823514633,0.894658,1.556341704,1.978179295,1.437701887,24.57285314,0.906655684,1.473504652
9/13/2021,0.285778919,654.3286249,59.17457267,779663541,1.15673E+11,0.674021044,73.51,56950000,23253,59.46511078,48.28210068,2.49000001,0.00646708,0.015336016,0.007762245,0.024925313,0.015915871,0.043902439,0.003138836,-0.001712801,0.015723659,0.012327334,0.047426718,0.000243143,0.016313819,0.000725786,0.00953751,0.003221964,-0.010181458,0.017240412,0.02683531,0.027967821,0.002661902,30.91809394,31.95017264,30.95788065,27.81976208,32.21703924,28.20549737,29.52553668,33.30375663,30.19585661,28.69297445,28.37671923,33.90549952,29.2187105,33.19662368,30.61170529,33.64363278,35.072808,31.58888397,32.40973999,27.69359831,34.82413336,1.408187623,1.196201245,1.801668017,1.33087985,2.276900512,2.276474656,1.609688569,1.551828174,1.078693237,2.27466916,2.905824858,1.755656578,1.499584818,1.81876991,0.902771183,1.561870653,1.958934019,1.464969222,26.08819591,0.941793038,1.471011437
9/14/2021,0.178917623,654.4809327,60.78613818,729182126,1.15673E+11,0.630379738,73.6,56900000,23262,62.03614044,49.09584045,2.75999999,0.018400768,0.013700167,0.006595942,0.02278481,0.045997954,0.007009346,-0.0041866,0.002369128,0.009706751,0.008436581,0.006594968,0.002526133,0.030496817,-0.004020874,0.010802498,-0.005230421,-0.011186356,0.005233086,0.003149631,0.006560033,0.003177262,30.95021943,31.94736377,30.96410258,27.8391798,32.22927979,28.21248226,29.52029103,33.29985117,30.19619099,28.70133487,28.39209504,33.9056406,29.25360125,33.20188943,30.60727353,33.65588706,35.0631353,31.58698162,32.42122274,27.70891132,34.8239991,1.444175579,1.207903822,1.794266061,1.359061213,2.335173128,2.292431254,1.595501575,1.549752878,1.083983702,2.234774119,2.872804121,1.760139463,1.536668724,1.813462655,0.905900044,1.559298281,1.93715521,1.482271066,27.61539948,0.934947007,1.471068798
9/15/2021,0.091732333,654.5849914,59.31587974,686418090,1.15716E+11,0.593192273,75.46,57000000,23255.5,64.46073151,51.20851135,2.230000019,0.032282826,0.033378521,0.0019561,-0.031523147,0.013184216,-0.023201856,0.000258125,0.008857423,0.010905314,-0.025452756,0.014856134,0.015566511,0.034996212,0.005680248,0.011512993,0.016088583,0.005363141,0.00036277,-0.01219922,-0.03234047,0.011200665,30.97783023,31.96395315,30.96721513,27.81572587,32.23302231,28.189007,29.52704728,33.3219591,30.24503079,28.67966088,28.41139927,33.92573785,29.27978855,33.20898791,30.61471791,33.68031696,35.06050185,31.59075828,32.39989551,27.66518653,34.82724902,1.480264845,1.241622404,1.795999444,1.313271268,2.348067726,2.239242593,1.601345641,1.561325957,1.090211417,2.201790093,2.889314489,1.778419104,1.574911423,1.824037159,0.90588071,1.589176153,1.94687793,1.478651985,26.053149,0.917372878,1.484947524
9/16/2021,0.055763138,654.6131149,58.25406719,592478339,1.15934E+11,0.511046877,75.67,56850000,23251.5,63.45286942,50.63130951,2.99000001,0.007429532,-0.003671303,0.005170733,-0.003722608,0.010339614,-0.007125891,0.010182162,0.009387244,0.011300287,0.008750246,-0.012352584,0.003309019,-0.007012607,-0.002650377,0.005798504,-0.005313734,0.003163716,-0.002280866,-0.011004983,0.02961525,0.006451782,30.95509648,31.9626174,30.96551015,27.81164973,32.23815629,28.1818556,29.53090872,33.33393692,30.25864013,28.68467939,28.39430077,33.91580972,29.28631243,33.20767773,30.61671113,33.69420357,35.07533752,31.5966628,32.38398274,27.70261411,34.81645158,1.476677254,1.22176165,1.797504972,1.308840851,2.360838986,2.223285995,1.619742585,1.575648005,1.105402289,2.209559465,2.879408268,1.7725398,1.586901526,1.8193951,0.916033983,1.583609447,1.949775132,1.468671765,24.94923721,0.932134068,1.497098841
9/17/2021,0.116204206,654.6535725,59.54930945,841486516,1.15934E+11,0.725830849,75.34,56325000,23256.5,64.25478363,51.56925964,2.819999933,0.015972558,-0.021179474,-0.000391482,-0.020604128,0.026690798,-0.005980861,-0.003338607,0.009475583,0.036219885,-0.017391892,-0.012564819,0.011822454,0.022560714,0.011491036,0.000512336,0.003901572,0.018742158,0.018068259,0.009918817,0,0.012279298,30.97855988,31.9556891,30.97214212,27.78180917,32.25003419,28.17585679,29.52682692,33.33203705,30.28290693,28.67505906,28.36559724,33.92251215,29.27644582,33.22000587,30.64921075,33.68523739,35.08500261,31.60463264,32.39464569,27.70261411,34.81674706,1.505973334,1.200306032,1.805939623,1.283131766,2.414360359,2.20998883,1.616363121,1.588368791,1.144352628,2.190438106,2.932241448,1.786946796,1.583029003,1.84681668,0.918366485,1.583565032,1.986568947,1.493657123,26.01268235,0.932134068,1.514078926
9/20/2021,0.139802975,654.6810575,59.16873742,892734375,1.15942E+11,0.769985473,73.92,56475000,23263,62.00246048,49.8920517,2.960000038,0.000552546,0.011488935,-0.003390001,0.065311757,0.010577285,0.037304452,-0.019194746,-0.007051932,0.013555617,-0.009562326,0.026085176,0.000815481,0.016229562,-0.00424414,0.015489399,-0.005766127,0.009522864,-0.010594182,-0.004612455,-0.004081905,0.001367713,30.97774699,31.94575184,30.96466131,27.84402478,32.24108909,28.21248226,29.50694581,33.30600973,30.27963664,28.67488751,28.3983345,33.90995317,29.28368426,33.20365802,30.67635766,33.68600318,35.09791228,31.58123798,32.38277831,27.69686385,34.81103835,1.510571727,1.205301174,1.795536264,1.367224881,2.427197765,2.292431254,1.593846213,1.573135169,1.1551828,2.154335339,2.965262185,1.777675972,1.587801081,1.841571843,0.939073411,1.575697051,2.003955292,1.474703576,25.48543477,0.930379352,1.512420302
9/21/2021,-0.066303716,654.5041361,58.38788146,852834321,1.16042E+11,0.734938078,74.36,56775000,23264,57.82461166,46.85353088,3.049999952,0.000569476,0.002637318,0.010254583,-0.018735363,-0.013861852,-0.013921114,0.001185708,0.001039691,0.024831465,-0.020190713,-0.033307885,0.002140986,0.010221145,-0.007369294,0.004789424,-0.002884072,-0.001596878,0.005072405,-0.007817222,-0.012364244,0.003002722,30.98005625,31.93864899,30.96406986,27.82686735,32.23062189,28.19846334,29.4939074,33.29682146,30.32605834,28.64706146,28.34779414,33.90684833,29.2624342,33.19182887,30.67536362,33.68736366,35.09231227,31.57917708,32.37035189,27.68796426,34.80012149,1.522931792,1.197553965,1.804738642,1.342174781,2.395149557,2.260518058,1.567399437,1.571283549,1.183126209,2.121864941,2.961960111,1.776671925,1.566503165,1.832367185,0.942088295,1.574734083,1.999848366,1.481111802,24.85226959,0.914398011,1.51918799
9/22/2021,0.330971245,654.7210207,59.21519905,780366693,1.16119E+11,0.672038201,76.19,56825000,23263,59.57648087,48.40867996,3.029999971,0.020027863,0.031363438,0.010828919,0.006617039,0.003045373,0.011764706,0.009544936,0.016015195,0.030068285,0.025043359,-0.008230967,0.020810786,0.021945899,0.022252729,0.03865173,0.014474774,0.00522178,0.005834088,0.00542612,0.013517218,0.026747977,30.9929595,31.95338208,30.97810497,27.83261926,32.23055369,28.21015938,29.50596853,33.30551921,30.33878069,28.67061853,28.33455175,33.91223369,29.26575528,33.21163202,30.70795234,33.71256835,35.09537463,31.57897169,32.37592452,27.69745037,34.80994019,1.537370997,1.223596562,1.815591633,1.350524815,2.408894131,2.287112388,1.577633928,1.590152323,1.217642629,2.153789248,2.968564258,1.802612749,1.574695644,1.880466855,0.970797629,1.597810623,2.00609505,1.481998265,25.28747124,0.931437576,1.550940512
9/23/2021,-0.077714909,654.7072383,58.79884773,994211520,1.16119E+11,0.856197641,77.25,57025000,23266.5,57.30025101,46.89754868,2.910000086,-0.002979762,-0.008200524,-0.005840473,0.00243309,0.008321534,0.023255814,-0.006438609,-0.000533842,-0.027860597,-0.034659519,0,-0.003929074,0.003449073,-0.006408691,-0.013125199,-0.013348093,-0.006803836,-0.019553968,-0.001673997,0.039591078,-0.003409315,30.9820264,31.95376505,30.98604342,27.83476773,32.22972733,28.2331489,29.50579402,33.3187477,30.32784701,28.65337979,28.33455175,33.91162331,29.25753549,33.20867313,30.67133339,33.70150195,35.0943554,31.56439906,32.37407203,27.74432483,34.81962063,1.527047425,1.21703723,1.815608995,1.353656077,2.425905994,2.340301048,1.579971762,1.595290951,1.182373844,2.057232239,2.968564258,1.79947531,1.556874073,1.859171279,0.955058594,1.577370302,1.99414041,1.452453647,25.03641103,0.957520689,1.547382581
9/24/2021,-0.270092034,654.5684802,58.6796377,683523239,1.17124E+11,0.583588153,78.09,56725000,23264,52.66138077,43.68687057,3.089999914,-0.014132809,-0.026504054,-0.005654827,0.010304018,-0.006918009,-0.043181818,-0.006861865,-0.000301619,-0.030369026,-0.022929586,-0.020559881,-0.012125117,-0.012461444,-0.01287734,-0.015871796,-0.006893045,-0.004858564,-0.02350453,0.002317437,-0.006508094,-0.010200064,30.97340699,31.94786922,30.97433648,27.84374268,32.22379083,28.189007,29.50071587,33.3198997,30.30346479,28.63772918,28.30772784,33.90761069,29.2557503,33.19584914,30.65893686,33.69208574,35.09946252,31.53821314,32.38370685,27.73981593,34.87535845,1.513106486,1.193435763,1.805160759,1.367155847,2.407517855,2.239242593,1.581991035,1.597353635,1.144921602,2.031477414,2.945449742,1.783094725,1.560175268,1.835842363,0.938237022,1.568259666,1.981932521,1.41676489,25.28992099,0.949011705,1.529585815
9/27/2021,-0.42485816,654.1916497,57.79707146,786808361,1.17132E+11,0.671728974,79.53,56675000,23267.5,49.65909958,42.38935089,2.369999886,-0.044319772,-0.022916223,-0.013733839,0.019540239,-0.031302857,-0.026128266,-0.014586094,-0.018876823,-0.032499838,-0.020399026,-0.009189512,-0.028997382,-0.018042919,-0.022563689,-0.037453946,-0.029193508,-0.033340387,-0.010823097,-0.00058366,0.003296961,-0.032744524,30.92738717,31.94806531,30.93926481,27.85611547,32.21328672,28.16253133,29.48490763,33.30338352,30.27008828,28.6212562,28.3004396,33.89625898,29.246866,33.16122448,30.60443522,33.65607166,35.07927367,31.52563695,32.3968555,27.74207292,34.85622831,1.454364069,1.186285822,1.790123805,1.397310218,2.350805279,2.180735067,1.557473587,1.569223552,1.104354127,2.016578382,2.905824858,1.744369336,1.552184519,1.800254124,0.911065042,1.521496411,1.913106759,1.413042434,24.99527276,0.953266197,1.479935109
9/28/2021,0.091048305,654.3691962,57.55006204,628691114,1.17132E+11,0.536738116,79.09,56775000,23269.5,52.03488159,44.4944191,2.599999905,0.02359952,0.003398389,0.005610608,-0.004728132,-0.000221313,0,0.01130526,0.017860321,0.013653144,-0.011295793,-0.02970297,0.002956883,0.009412882,-0.000802003,0.015639139,0.016454576,0.013088478,0.013114783,-0.002816693,-0.013888889,0.008410115,30.96281264,31.96441279,30.95329611,27.85190496,32.22356474,28.16253133,29.49800148,33.34284685,30.32066639,28.60460873,28.25624203,33.91530723,29.25491788,33.16934586,30.6122313,33.66478122,35.08735113,31.5479105,32.39027421,27.72368693,34.86250185,1.49277749,1.185025984,1.81984354,1.391047693,2.36579476,2.180735067,1.569302105,1.599970171,1.127782074,1.997765581,2.905824858,1.751734211,1.561796544,1.795630024,0.92136759,1.542716329,1.939875517,1.430141451,24.53604948,0.944827378,1.490054198
9/29/2021,0.019734485,654.4035553,57.13134754,597824090,1.17152E+11,0.510299252,78.64,56650000,23275,50.93875122,43.25297165,1.799999952,-0.00415986,-0.009732516,-0.004323846,-0.019760175,0.018879424,-0.020731707,0.002221161,0.0111825,0.020493765,0.008147238,0.01507177,0.003346508,-0.017085747,0.01140609,0.00321057,0.006748042,-0.006831122,-0.000531749,-0.002790871,0,0.004975009,30.95698272,31.9763993,30.95389513,27.83846731,32.22532578,28.1415817,29.50485827,33.36183126,30.33222567,28.61442925,28.27373749,33.92090508,29.2389379,33.17478553,30.6168251,33.68080338,35.07866231,31.54373944,32.38221208,27.72368693,34.86326369,1.483329233,1.169469034,1.81371726,1.358017459,2.377993889,2.135524706,1.568910938,1.623355453,1.157102161,2.01078028,2.932241448,1.754745386,1.549044807,1.79960375,0.924154629,1.556899567,1.92849394,1.431089134,24.11853835,0.944827378,1.49350874
9/30/2021,0.149631393,654.5780339,57.78990911,471147878,1.17152E+11,0.402169156,78.31,56550000,23278.5,51.28353119,43.44939041,3.170000076,0.006192966,-0.005319491,0.008570821,0,0.009290004,0.051058531,-0.00215595,0.010155193,0.004895135,0.012624105,0.010959413,0.007341679,0.004803785,0.011511727,-0.000750325,0.010134625,0.001222628,0.013454638,-0.000313989,-0.007382037,0.003337936,30.97222625,31.96964954,30.9743564,27.83846731,32.22418051,28.19137949,29.50489956,33.36452789,30.34895789,28.62376586,28.29320766,33.92118684,29.24750772,33.18568931,30.61766625,33.68593976,35.07592253,31.56487398,32.38571743,27.71849812,34.86941361,1.497260424,1.168643587,1.829244162,1.358017459,2.391314627,2.244561459,1.568387362,1.634216322,1.158673468,2.023775503,2.905824858,1.768139293,1.571184516,1.828740933,0.918879055,1.568302865,1.928633683,1.451804607,24.54158829,0.935238574,1.497478064
10/1/2021,-0.065135937,654.569814,57.65668615,736324023,1.17192E+11,0.628306299,79.28,56900000,23277.5,50.32397842,42.4632988,2.440000057,-0.005744226,0.00363276,-0.006922312,-0.023110621,-0.005783891,0.002369668,-0.0062351,0.004351832,-0.011411476,0.014475938,-0.009772727,0.00288473,0.000387926,0.011109501,0.007666365,0.001309442,-0.017521818,-0.00349079,0.003365165,-0.017987525,-0.008708777,30.97430421,31.97353691,30.96942876,27.80472966,32.22299137,28.19374635,29.49749479,33.40719535,30.36626743,28.63806081,28.28099993,33.92431989,29.26973808,33.19980539,30.60518109,33.67952701,35.05918003,31.56369046,32.3884351,27.69108034,34.86010099,1.49373895,1.165885311,1.814721347,1.329203123,2.389772426,2.249880326,1.55851451,1.64524446,1.141636047,2.042255685,2.892616563,1.771637049,1.600933126,1.84562699,0.926231362,1.56657182,1.896097372,1.446174288,24.46922976,0.928624636,1.482090998
10/4/2021,0.137393776,654.7442231,58.66227656,754597392,1.17192E+11,0.64389899,81.26,57050000,23275.5,51.72137833,43.35839844,2.930000067,0.012074267,0.024932112,0.004944666,0.022408516,0.011009832,-0.009456265,-0.008487925,0.034552748,0.002637384,-0.004256996,-0.022903484,0.008383853,-0.007377015,-0.002359224,0.019821076,0.011496854,-0.0081246,0.009095099,0.010456634,0.023427637,0.005118604,30.9827395,32.00688699,30.96325647,27.83557008,32.2418067,28.18424509,29.49943857,33.43534796,30.35386717,28.63952476,28.25203018,33.94742251,29.2555583,33.21077255,30.6206684,33.6872822,35.04731419,31.57442817,32.41457762,27.72412566,34.86736,1.504185566,1.188695119,1.81362364,1.355079992,2.444458391,2.228604861,1.548024829,1.695155722,1.146778318,2.038675933,2.8628979,1.786587449,1.583499318,1.837332459,0.940299568,1.583046782,1.879591915,1.452510506,25.34706721,0.936993289,1.489167794
10/5/2021,0.091936338,654.8702881,58.99613374,667517351,1.17192E+11,0.569593471,82.56,57100000,23274.5,51.66056061,42.8751297,2.470000029,0.002487199,0.010043887,-0.004583125,0.00152581,-0.005014762,-0.031026253,0.009069146,0.005384648,0.007646923,0.00240196,0.002883506,0.005341817,0.02097005,-0.002397217,0.019027715,0.002403732,0.02861792,-0.007823058,0.005547142,0.009989858,0.009439438,30.98520268,32.00785024,30.98787815,27.83775431,32.2411998,28.15272733,29.5050014,33.46474463,30.38470374,28.64150997,28.25365222,33.95205293,29.28390989,33.2161546,30.62453204,33.68437091,35.0647476,31.558809,32.41335195,27.73098788,34.87914678,1.510089031,1.188177576,1.816287488,1.356973705,2.441720677,2.159459603,1.560687362,1.710857417,1.148270104,2.040641857,2.879408268,1.794813664,1.608606815,1.830856364,0.952742686,1.582602086,1.935152347,1.434533013,25.59040662,0.949756766,1.504090291
10/6/2021,0.157807351,654.9918732,59.02088931,626688563,1.17204E+11,0.534698483,81.08,57100000,23276.5,53.2652092,43.69852829,2.789999962,0.011432019,0.002983937,0.019428712,0.004455534,0.027052844,-0.002463054,-0.009460417,0.008427673,0.014846231,0.022264635,0.021288025,0.013159227,0.015791335,0.000799541,0.019512179,-0.000563552,0.001575528,0.00599649,-0.002475424,-0.032321616,0.016077506,30.99657008,32.00791025,30.99730573,27.83728736,32.24223887,28.15026124,29.50686068,33.49074692,30.39576838,28.65260052,28.28131528,33.96064691,29.29683924,33.22085934,30.64742656,33.68586498,35.06549181,31.57513487,32.40372485,27.68696806,34.89005128,1.525015361,1.191565357,1.844038362,1.364680447,2.470385401,2.154140737,1.55863929,1.726095596,1.165859384,2.120725822,2.895918637,1.811050945,1.63026352,1.826726385,0.967524773,1.583940508,1.938018269,1.442490241,25.34507299,0.931641645,1.527095644
10/7/2021,0.174856889,655.2432527,59.37404792,681447365,1.17354E+11,0.580676224,81.95,57500000,23282.5,52.72657013,43.28678894,4.070000172,0.012547466,0.00121901,0.005649011,-0.005157588,0.022469064,0.00617284,0.010045141,-0.008430402,0.002904283,0.027627765,-0.018594192,0.009289672,0.024440235,0.007316688,0.000323976,0.014354283,0.011308094,0.018426336,0.002111026,0.023061743,0.007772439,31.00716298,32.01023746,31.01068608,27.82934091,32.24411535,28.1564151,29.51432078,33.47068019,30.38693729,28.81906175,28.25246918,33.95806991,29.33605093,33.22766304,30.64786881,33.68459849,35.07197688,31.60225259,32.4016188,27.71748237,34.89424379,1.535451954,1.19593425,1.85490891,1.355795075,2.503445732,2.167437902,1.575166641,1.705400669,1.166866316,2.207230796,2.905824858,1.820573672,1.671710456,1.843205505,0.967040589,1.594915547,1.961266181,1.471478448,25.38751391,0.942014439,1.540866068
10/8/2021,0.047047487,655.3465271,59.6410241,618018885,1.17362E+11,0.52659153,82.73,57500000,23280,53.36531067,43.03615952,2.900000095,0.001061555,-0.005464348,-0.002451929,0.01633221,0.009707627,0.001226994,0.014431709,-0.003610216,-0.005900118,0.005046805,0.002645503,-0.001097011,0.002379745,-0.002644794,-0.009326337,0.001548614,0.000348597,0.019051466,0.000931277,0.003275363,-0.000445226,31.00359678,32.00828604,30.99939844,27.84884639,32.28452579,28.15764135,29.51753722,33.47268753,30.3795074,28.82200312,28.25624203,33.96460006,29.34987102,33.21735597,30.64899087,33.69981181,35.07682521,31.61884095,32.40372065,27.71979027,34.89644819,1.536201458,1.189494468,1.850844378,1.375388549,2.535534877,2.170097335,1.596099894,1.697187882,1.157295655,2.229391347,2.905824858,1.820027739,1.700259778,1.845739492,0.963211559,1.604744122,1.963816728,1.502081418,25.50918005,0.946268931,1.54233358
10/11/2021,0.058022641,655.4679005,60.67162821,746601560,1.17363E+11,0.636149485,83.65,57600000,23282.5,54.6257019,43.55356979,2.190000057,0.000367757,0.002465701,0.00045759,0.022764437,-0.004436014,0,0.003855147,-0.00136674,-0.009435465,-0.012996016,0.023564593,-0.001875379,-0.017001832,0.004765492,-0.004485941,-0.004125424,0.021250215,-0.002618434,0.012945163,0.02008097,0.003846822,31.00645395,32.02304079,30.99799976,27.8692532,32.28645332,28.15764135,29.51905635,33.47284545,30.38479045,28.81049866,28.26056813,33.97835121,29.31962231,33.22310313,30.65164985,33.70595374,35.10299663,31.61349897,32.4309832,27.7435444,34.90959569,1.537827666,1.190441688,1.85725129,1.406222763,2.528400083,2.170097335,1.602332283,1.696603284,1.147388004,2.219411077,3.10394928,1.817089409,1.665345983,1.855475584,0.961845419,1.600833433,2.001559347,1.495366867,26.30716623,0.960368711,1.546652473
10/12/2021,0.025404865,655.5269436,60.3671364,721885516,1.17471E+11,0.614523338,83.42,57700000,23284.5,51.53091049,41.39286041,3.539999962,-0.013776917,-0.008597232,0.003534722,0.005353943,-0.009176699,-0.00245098,-0.004064757,0.001066155,0.008985776,-0.002824922,-0.013017616,-0.001230005,0.016302909,0.003379703,0.004300695,0.001279407,-0.000731118,-0.001506649,-0.002696065,0.03246616,0.008808354,31.00336236,32.02356074,30.99494213,27.87909872,32.28441142,28.15518736,29.51622179,33.47156177,30.4095668,28.8100721,28.25372793,33.97744567,29.34552009,33.22804848,30.65014583,33.70331589,35.1011755,31.61058374,32.42753879,27.76451643,34.91694012,1.522470797,1.180688575,1.860512256,1.411350057,2.518494295,2.164778469,1.595598634,1.70409618,1.1556978,2.200901722,3.01479329,1.816098457,1.689430666,1.858922868,0.96333676,1.601563085,1.996706068,1.491380336,26.05595829,1.004746623,1.559611172
10/13/2021,0.102241049,655.5577497,60.19809269,627829026,1.17471E+11,0.534455367,83.18,57700000,23288,52.71310043,42.32143021,3.160000086,0.003653377,0.002933401,0.009645287,0.010334202,0.023733741,-0.018427518,-0.000171099,0.003501158,-0.00869405,-0.002708451,0.029923741,0.001030985,-0.006196077,0.013837428,0.007391217,-0.004439299,-0.002310997,0.003626725,0.000358118,0.024963943,0.010255218,30.99389214,32.00488607,30.99148456,27.89589686,32.28879454,28.13658794,29.5134779,33.46402872,30.40345636,28.80729032,28.29885492,33.97303498,29.33827161,33.24154602,30.66164376,33.69534836,35.09746471,31.6193729,32.43090574,27.78255866,34.91895268,1.516266968,1.184092536,1.870824046,1.424550135,2.550523475,2.124886974,1.600870977,1.706975547,1.146088278,2.195322027,2.985074627,1.816704259,1.684673905,1.884148026,0.961896819,1.591391792,1.99191426,1.500234506,25.84413873,1.039883976,1.577630825
10/14/2021,0.144692023,655.6243491,60.32226898,705663130,1.17471E+11,0.600713621,84,57650000,23286,55.97937012,44.75,2.829999924,0.008066077,0.008055005,0.008012719,-0.010708137,0.018874374,0.025031289,0.003898229,0.007200108,0.016385029,0.004278274,0.007077983,0.00752717,0.000633546,0.005958985,0.003194438,0.006557625,0.00372959,0.009456877,-0.000404231,-0.001077878,0.01294495,30.99717443,32.00872942,30.99840866,27.86928316,32.28660033,28.16131107,29.51800512,33.467808,30.41138386,28.81163033,28.30610048,33.97472846,29.33732304,33.25730891,30.67415979,33.69279472,35.09568342,31.62834278,32.43155049,27.77942553,34.91659707,1.522224227,1.197205846,1.882166212,1.412482541,2.587676949,2.178075634,1.621214409,1.717580426,1.161739854,2.200955155,3.004887069,1.829566386,1.687007877,1.887470146,0.96508112,1.596496755,1.999063841,1.512560861,25.72401944,1.042383752,1.592410475
10/15/2021,0.068522025,655.7130898,60.21211841,755641565,1.19458E+11,0.632557983,84.92,57600000,23277,63.61360931,47.25,3.349999905,0.006386998,0.009389151,-0.002346809,0.018954771,-0.003206546,0.001221001,-0.004298262,0.006470773,0.01238723,0.003865979,0.022907441,0.008023482,-0.00037197,0.003208901,0.002637201,-0.001651343,0.001186646,-0.002867495,-0.002560826,-0.0110114,0.000197101,31.00616225,32.00521308,30.99530109,27.88242341,32.28736279,28.16253133,29.51525437,33.47055507,30.42335398,28.81579043,28.33386538,33.98644035,29.34134233,33.25679153,30.67287623,33.69035245,35.13841269,31.62537729,32.41674349,27.77330652,34.91363371,1.531603487,1.20398314,1.880652324,1.442892313,2.583805351,2.180735067,1.622155023,1.729246992,1.178200485,2.207210367,3.037907806,1.846955713,1.68735487,1.893829226,0.963675972,1.59302776,2.001855998,1.510372813,25.50384931,1.021786187,1.591018201
10/18/2021,0.012242279,655.7295618,59.89280254,777437403,1.19678E+11,0.649609694,84.33,57600000,23277.5,61.93780136,46.1152916,2.640000105,0.002509241,0.005184714,-0.010073777,-0.008238283,-0.007224276,-0.007317073,-0.004224693,0.008346675,0.006313173,-0.001739094,-0.015342809,0.002035711,0.016963385,-0.004036331,-0.007561694,0.004646408,0.003987811,0.006659475,-0.002207532,0.023129273,0.000431976,31.00098748,32.01769343,30.99211552,27.87556324,32.28816738,28.15518736,29.50768773,33.49502395,30.44772186,28.81460586,28.30334609,33.98752597,29.34439815,33.24616449,30.66772761,33.69335512,35.13902064,31.63437376,32.4090576,27.79266909,34.91716952,1.526366319,1.201980766,1.868525367,1.430691698,2.585313757,2.164778469,1.608195133,1.743597252,1.18091411,2.204999276,3.090740985,1.844137919,1.70362224,1.883534891,0.9576083,1.600802654,2.011000446,1.52064541,25.12221119,1.0512059,1.591930454
10/19/2021,0.030773628,655.7067272,60.03189439,614048139,1.19678E+11,0.513085197,85.08,57600000,23279.5,61.79162979,45.97206879,2.589999914,0.006367498,0.001412271,0.003764813,-0.019886942,0.00594579,-0.001228501,0.002521126,-0.00506555,-0.000743256,0.001148456,-0.005050505,0.003353811,0.018723542,0.011679646,0.0017507,-0.001301153,0.009758031,-0.008700919,0.004047526,-0.003730672,0.006007916,31.0080912,32.02407107,30.99627174,27.86109255,32.28440112,28.1539581,29.50725722,33.48547326,30.44194773,28.81590133,28.29613522,33.97882548,29.35530347,33.24578248,30.65738806,33.6902512,35.14237422,31.62711403,32.42853476,27.78870856,34.91784444,1.534638924,1.198692624,1.868784289,1.397006653,2.594621139,2.162119036,1.615771783,1.730387178,1.176167099,2.20436058,3.090740985,1.84707272,1.714378378,1.899649248,0.956992771,1.59962979,2.02882323,1.504324395,25.26209787,1.047682982,1.597952707
10/20/2021,0.034410377,655.6674293,60.14233814,811530016,1.20033E+11,0.676088428,85.82,57600000,23270.5,60.90327072,45.11278152,1.940000057,0.007577328,0.007770691,0.001703744,-0.001554002,0.000135611,-0.003690037,-0.005677964,-0.002986732,0.003313683,0.002398517,-0.00255102,0.004567283,0.024158943,0.005227016,-0.003791743,-0.004021973,-0.003153144,0.001546591,-0.001191703,-0.006614193,0.01124348,31.00997088,32.00986001,30.99358059,27.85969798,32.27486269,28.15026124,29.50165122,33.48483823,30.44145411,28.8175024,28.29251019,33.97486728,29.35121428,33.25405921,30.65912755,33.69441412,35.14267706,31.62023209,32.43315594,27.78255866,34.91893359,1.53839977,1.201525819,1.868003593,1.394919145,2.579603804,2.154140737,1.609436586,1.721414309,1.17236816,2.206193418,3.090740985,1.859198953,1.728398886,1.910378476,0.954729572,1.59535929,2.020251871,1.496843484,25.38830473,1.039883976,1.612242578
10/21/2021,0.165933989,655.751213,60.34753191,688248379,1.20033E+11,0.573382075,84.61,57750000,23269.5,62.49147034,46.20479965,3.00999999,0.019002571,0.020330341,0.020636608,-0.015423257,-0.01091163,0.067901235,-0.006501075,-0.003089134,0.018153007,-0.004689996,-0.00491453,0.000776033,0.02902866,0.005489671,0.003234306,0.004095834,-0.003656911,0.006756552,-0.003803722,0.008267917,0.015251509,31.0150706,32.00668493,31.01134479,27.84910385,32.26682845,28.2159565,29.49749534,33.46940215,30.4660418,28.8136537,28.29177645,33.97380063,29.39383198,33.25405109,30.66921762,33.68230762,35.13412287,31.62006033,32.41520013,27.79105766,34.91420448,1.558175651,1.2167445,1.887487951,1.370468202,2.554668705,2.300409553,1.599071294,1.717592998,1.186793765,2.198820249,3.044511954,1.859838469,1.774071422,1.926340995,0.956988276,1.594960044,2.010815259,1.504114195,25.4041672,1.048009631,1.633481587
10/22/2021,0.144258686,655.9253423,60.54794867,782431855,1.20142E+11,0.651254432,85.66,57850000,23268,62.18653107,46.30294037,2.569999933,0.010752158,-0.005567713,0.004549973,-0.00078064,-0.013677141,0.032369942,0.028236011,0.006080801,0.026970973,-0.000293669,-0.010394993,0.006289481,0.025010157,-0.002748413,-6.28213E-05,0.006225174,-0.003412212,0.007030555,0.000474304,0.012132155,0.015074604,31.01437665,31.99703044,31.05066954,27.8483984,32.26098842,28.24781357,29.5127034,33.47243237,30.49002111,28.8144158,28.27592123,33.97709433,29.43573813,33.26686908,30.67271797,33.68999464,35.13280053,31.62131763,32.41532183,27.80468666,34.92403053,1.566661264,1.207960061,1.897946984,1.369424448,2.52576963,2.374873677,1.617696479,1.723967084,1.218051461,2.197670406,3.051116101,1.868061155,1.820330121,1.911220121,0.955995487,1.606202809,2.001446667,1.50941229,25.40923508,1.057911599,1.656995738
10/25/2021,0.020397698,655.8815138,60.05385818,878193523,1.20142E+11,0.730961323,85.99,57900000,23265,61.19763947,45.60713959,2.559999943,0.008858173,0.00544868,0.007032454,0.017705801,-0.015361762,0.001119821,0.006889897,0.013702164,0.009865349,0.000522655,0.004809377,0.005511139,0.003138614,-0.002356043,-0.003508578,0.005820318,-0.006103177,-0.011698129,-0.00262572,-0.036795388,0.008422051,31.00983927,32.01869996,31.04778034,27.85943638,32.24733183,28.24893277,29.52100926,33.4730925,30.49357683,28.81498922,28.28625484,33.96286252,29.42947917,33.2746354,30.66807952,33.68838277,35.12560486,31.61474898,32.40871181,27.76006875,34.92799685,1.568304745,1.219505712,1.902842758,1.396613184,2.488899615,2.37753311,1.631098168,1.740567215,1.238751733,2.198677618,3.024699511,1.867683932,1.820017137,1.898546009,0.952223341,1.608075676,1.985335596,1.493005075,24.94019129,1.030770262,1.670516494
10/26/2021,0.11802834,656.0315625,60.66188022,711832597,1.20142E+11,0.592491385,86.4,58250000,23261.5,60.51794052,44.88005829,2.609999895,0.009020302,0.003070548,-0.001806511,-0.018388405,0.009640659,0.042505593,0.005070623,0.004416497,0.004562468,0.009211092,0.000190348,0.006702405,-0.006795768,0.002977187,0.003642741,0.017517026,0.006415453,0.021673899,0.002111475,-0.01006907,0.006359779,31.0151881,32.02813034,31.05050663,27.84711391,32.26548824,28.29055981,29.54801676,33.48331133,30.51234901,28.81523523,28.28745382,33.97389003,29.42103509,33.28034023,30.66550225,33.68837662,35.12822613,31.63212166,32.41664365,27.75227174,34.92980195,1.578722091,1.223617189,1.893046155,1.366479551,2.512549538,2.478591564,1.655745675,1.74586315,1.245597394,2.262332645,3.018095364,1.879429648,1.814587061,1.898924843,0.954553936,1.627010425,1.99947732,1.531402758,25.28076681,1.015847145,1.679239955
10/27/2021,0.231666557,656.3493751,60.93132779,913069621,1.20295E+11,0.759024802,84.58,58350000,23262.5,61.96866989,45.64286041,2.940000057,0.006364871,0.023681594,0.018436396,-0.003879948,0.006019658,0.019313305,0.004519986,0.009265416,0.015551516,0.025696108,-0.001094092,0.012085471,0.021993954,0.004443851,0.008578656,0.00902649,0.016281772,0.009849679,0.002879056,0,0.022652819,31.03461576,32.04320088,31.07875754,27.84319907,32.27784777,28.30968898,29.5540405,33.5272112,30.53328833,28.84063869,28.28682688,33.99699213,29.42451993,33.2884226,30.6708348,33.71234556,35.14904078,31.64770288,32.42173085,27.75227174,34.95619819,1.597623468,1.254061187,1.935006717,1.361357678,2.530037227,2.526461358,1.656695715,1.763663134,1.259665304,2.296753499,3.011491216,1.899875947,1.825603702,1.91209703,0.965311642,1.649752381,2.034909171,1.548652182,25.16807523,1.015847145,1.718386856
10/28/2021,0.177177264,656.5290618,60.69143735,843981883,1.20099E+11,0.702737901,84.32,58150000,23269.5,63.87945175,46.94643021,1.610000014,0.019021588,0.010269928,0.002020805,0.018759243,0.006207845,0.021052632,0.003154665,0.008941724,-0.001049848,0.016787362,0.008586844,0.005208721,0.003582054,0.01388521,0.007893272,0.012093736,0.013493664,0.011136284,-0.005474002,-0.014563107,0.016168643,31.04204022,32.03956593,31.10677648,27.85286233,32.27781723,28.33052306,29.56357738,33.55114538,30.523071,28.85860207,28.29715836,34.00477735,29.43588925,33.29755995,30.68597287,33.72848752,35.15715816,31.66444485,32.41177692,27.73407402,34.9657815,1.614171482,1.265565579,1.937974487,1.39037667,2.545002431,2.579650019,1.661963515,1.779825275,1.259253376,2.325039815,3.024699511,1.911018339,1.829263731,1.933023661,0.972743858,1.669041302,2.046906208,1.569420831,24.61929072,1.007408327,1.749798223
10/29/2021,0.168394955,656.6362308,60.71284079,939727111,1.20095E+11,0.782489016,84.38,58150000,23262.5,63.70320892,47.625,3.160000086,0.013827265,0.014069997,-0.001472606,0.02985039,-0.002800097,0.028865979,-0.005307208,0.002864476,0.002654597,0.010796281,-0.007983768,0.010003631,-0.001439865,-0.001831374,0.009495579,0.002484428,0.006137024,-1.83699E-05,-0.002116185,0.042331509,0.017983269,31.04943286,32.03058327,31.12517861,27.87076928,32.2698717,28.35898027,29.55593932,33.55458224,30.5228066,28.87272707,28.29041747,33.99534359,29.43801855,33.29312465,30.68732269,33.72767628,35.16021311,31.66463039,32.4026835,27.78147007,34.98445931,1.62568725,1.273307622,1.930953136,1.436920865,2.546965125,2.654114143,1.654956748,1.784824033,1.257536846,2.33714208,2.991678774,1.924680443,1.831683005,1.932508123,0.974407079,1.664326444,2.057547571,1.569893143,24.44478194,1.037745932,1.781180486
11/1/2021,-0.015811636,659.1769372,56.60942003,1101156431,1.2017E+11,0.91633023,84.71,57950000,23267,61.43872833,48.03570938,3.160000086,-0.022049095,0.001707035,0.006478133,0.061670681,0.014172604,-0.044088176,0.009276374,-0.006794148,0.012232187,0.015408875,-0.022647886,-0.012405599,0.009091446,-0.043425911,0.024571884,0.003830932,-0.037214215,-0.00708912,-0.001397694,0.023315586,-0.000455528,31.00851713,32.02642415,31.12768311,27.92970903,32.26170557,28.31389066,29.56012253,33.54001374,30.518501,28.46264751,28.2730407,33.96970577,29.46384233,33.26611844,30.72924756,33.1726377,35.08770686,32.3951064,32.41125475,30.7138505,34.94521179,1.566504403,1.265924038,1.941888587,1.525873372,2.560836747,2.53709909,1.663686661,1.763954494,1.266189249,2.358447036,2.886540748,1.892111119,1.8637294,1.914742538,0.999092768,1.655539674,2.02677211,1.56003037,20.56439725,1.043593212,1.752467166
11/2/2021,0.272505727,659.3616659,56.95965969,984608172,1.20172E+11,0.819330248,84.72,58200000,23272.5,63.33906174,49.69643021,2.920000076,0.015418183,0.01582952,0.000659304,0.040914235,0.01506823,0.012578616,0.004148122,0.00491361,0.021207105,0.00873093,0.002564103,0.013276885,0.018018692,0.013326773,0.017520026,0.012243832,0.01826162,0.00889139,0.006527096,-0.008827747,0.031235202,31.00992263,32.03521392,31.13899756,27.96272893,32.2651388,28.32639082,29.58431135,33.53869609,30.54106886,28.47014895,28.27673687,33.97707896,29.44814202,33.30757183,30.73057709,33.1762655,35.09612105,32.40252524,32.42030233,30.6969503,34.95677675,1.57897507,1.282109397,1.941630912,1.593999012,2.581683616,2.569012287,1.703617925,1.769367024,1.29665254,2.358220961,2.886540748,1.910114822,1.858530524,1.942777827,1.013589398,1.667698027,2.06455126,1.577500313,20.52462828,1.030829736,1.807630016
11/3/2021,-0.363162065,659.00449,55.14347475,1475871388,1.20221E+11,1.227631256,81.99,58250000,23267,57.74300003,47.01493073,2.559999943,-0.02812195,-0.029776212,-0.006988366,-0.005424122,-0.02293785,-0.068322981,-0.011160677,-0.010259946,-0.034070519,-0.013070669,0.026505445,-0.017629269,-0.01589679,-0.024405528,-0.027874131,-0.015270759,0.002708696,-0.018969921,-0.012373689,0.009516996,-0.039339821,30.9774985,32.00973656,31.08846452,27.96147496,32.26283813,28.25562175,29.55981807,33.52254093,30.52039415,28.44820843,28.30909881,33.97834247,29.44574811,33.25650081,30.69507688,33.16872857,35.11771956,32.40145556,32.39115764,30.69926754,34.93479807,1.534036378,1.244887167,1.914092475,1.576970264,2.547485838,2.393489708,1.671093319,1.750458034,1.25458549,2.334192046,2.921740853,1.881376609,1.848741559,1.895574548,0.989960151,1.638683651,2.068317305,1.54658505,19.36080141,1.037513839,1.732889051
11/4/2021,0.153668701,659.1080114,56.30997618,902839183,1.20421E+11,0.74973525,80.54,58150000,23273.5,57.97293091,47.64268112,2.619999886,0.000623929,0.01722924,0.008073478,-0.001654766,0.005800586,0.035555556,0.009925293,0.004812714,0.010198195,-0.014991492,-0.007198124,0.005277242,0.003536954,0.010841739,0.004823001,0.015693723,0.017429722,0.008927928,0.014968247,0,0.003795537,30.98580407,32.00842573,31.10414739,27.95400052,32.26277732,28.29055981,29.56830801,33.50940076,30.52306946,28.42554667,28.29500577,33.98733488,29.45703259,33.27163439,30.69943024,33.1839081,35.12182996,32.4194313,32.40586281,30.69926754,34.93523407,1.532309465,1.264412483,1.924413508,1.578549804,2.556275054,2.478591564,1.6741902,1.754051402,1.264760916,2.321050182,2.944128913,1.888137764,1.869591266,1.915532568,0.993066889,1.665948498,2.126991167,1.557839447,20.22257387,1.037513839,1.740047384
11/5/2021,0.173685085,659.3657418,56.92017693,849287208,1.20423E+11,0.705254401,82.42,58400000,23213.5,59.53913116,49.20241165,2.99000001,0.016811227,0.0209697,0.01500961,0.006013205,-0.006076231,0.004291845,0.014765103,0.006489612,0.00483671,0.012246441,-0.01294724,0.010594974,-0.000763219,0.022099415,0.027472736,0.034867703,0.000753201,0.005959978,0.00955831,-0.024358972,0.005090977,31.00346496,32.03185406,31.15002306,27.96030109,32.27680877,28.29484247,29.57793157,33.54091773,30.55643368,28.44535425,28.28103028,33.99670997,29.44449428,33.28939493,30.73694644,33.19378967,35.11896278,32.41599646,32.41475275,30.69940181,34.93633084,1.562780404,1.292891857,1.951458673,1.585461198,2.557193435,2.489229296,1.687991544,1.769440848,1.268923555,2.335234009,2.91216484,1.910093996,1.853696901,1.956557092,1.021115979,1.710721116,2.126836534,1.563152622,20.59662841,1.022774246,1.745830382
11/8/2021,0.176611402,659.5758867,57.30368724,1046583047,1.20423E+11,0.86909033,83.43,58650000,23208.5,61.17026901,50.79758835,2.99000001,0.001004802,0.026970216,0.02579555,-0.040236984,0.004240472,-0.014957265,0.006165783,0.011633614,0.008405405,0.00488468,0.005660418,0.008406373,0.007394137,0.011737489,0.028284638,0.025334542,0.012728961,0.020526241,0.010810299,0.001483455,0.010338579,31.00268921,32.04785827,31.18952145,27.9223642,32.27505826,28.27977221,29.58996848,33.5467569,30.57722424,28.46298965,28.28529905,34.00420492,29.45285345,33.30444487,30.78759406,33.2221015,35.12234477,32.43225324,32.42708089,30.70221714,34.94128998,1.558549063,1.326465415,1.988787129,1.51927755,2.554039592,2.451997234,1.693902439,1.791327745,1.274067284,2.320854548,2.93772289,1.920996644,1.858165947,1.973672243,1.05064195,1.745224236,2.156160889,1.593953179,20.80424856,1.024890694,1.758742016
11/9/2021,0.163675365,659.6384758,57.4051567,1023080026,1.20423E+11,0.849573218,84.78,58950000,23201,61.39300156,51.09889984,2.74000001,0.006006852,0.017703788,0.006920993,0.044022931,0.012230409,0.013015184,0.009295777,0.0018211,0.001193595,-0.016621297,0.008704517,-0.000900398,-0.014559951,0.001331248,0.012056592,0.001960029,0.002825105,0.015906096,0.000865477,0.034090909,0.005806408,31.00179942,32.0485978,31.20134517,27.969173,32.2665038,28.29270343,29.5921853,33.52558936,30.59494638,28.44104236,28.2968154,34.0018042,29.45157513,33.30171676,30.81479382,33.2037644,35.11817977,32.44408049,32.4233569,30.70559415,34.94290872,1.566327118,1.352152001,1.997322122,1.582340004,2.555703675,2.48391043,1.70568276,1.794309278,1.275903141,2.265866803,2.944128913,1.91709574,1.848689193,1.975586217,1.064438518,1.735459417,2.161566102,1.619213982,20.74587936,1.04598774,1.767594177
11/10/2021,0.34768813,659.9220006,57.72090006,966579309,1.20438E+11,0.802551896,82.64,59050000,23196.5,62.10303116,51.75035095,3.109999895,0.008984641,0.024757126,0.018330828,0.012584275,-0.002582118,0.069593148,0.012721195,0.013275325,0.007885838,0.002022477,0.032824136,0.017683339,0.023362498,0.001633477,0.029743957,0.019186155,0.00182498,0.009151191,-0.006543321,0.034042553,0.01720643,31.00287357,32.11027767,31.23189785,27.97820897,32.27101462,28.35998177,29.59351153,33.53926767,30.61309807,28.44468702,28.34505258,33.99800585,29.45083006,33.31262966,30.83393081,33.21052748,35.11602229,32.44026737,32.41518086,30.70918378,34.94555106,1.579236172,1.384792592,2.035155684,1.605836966,2.550486013,2.656773576,1.705860209,1.81080964,1.287094298,2.269793114,2.931316867,1.936287577,1.867347457,1.978714051,1.090381224,1.757407111,2.166548777,1.626492445,20.62126327,1.068491256,1.790811764
11/11/2021,0.175577477,660.0415386,58.02622198,1239892945,1.20438E+11,1.029484517,82.87,59650000,23199,61.76153946,51.73266983,2.359999895,0.001343074,0.018300272,-0.000507939,-0.004452003,-0.016160058,0.019019019,0.013673204,0.008102314,0.004390562,0.001268533,0.034430481,0.009906326,-0.01535992,-0.000588322,0.030949757,0.006842304,-0.005829999,0.001806004,-0.001054046,0.047266697,0.022231216,31.00140176,32.13467119,31.22022332,27.97398238,32.25991697,28.37882219,29.62302827,33.54397382,30.60547221,28.45069422,28.39408352,33.98710281,29.42632584,33.3183115,30.86749471,33.20718724,35.10798706,32.43856743,32.41282823,30.73787302,34.95159095,1.574676716,1.402092269,2.023605401,1.599076095,2.51248347,2.707302803,1.735978123,1.825058503,1.293005192,2.272390668,2.934552899,1.949691214,1.830583703,1.978926409,1.124912269,1.762256583,2.154605691,1.625412339,20.78099012,1.111578851,1.827042664
11/12/2021,0.130636564,660.1240222,58.26838311,941160729,1.20438E+11,0.781446202,82.14,60350000,23204,62.63504028,52.31612015,1.889999986,0.028894886,0.01033273,0.01925138,-0.005509642,-0.016110623,0,-0.004138153,0.006174042,0.012211398,0.020374025,-0.00928763,0.015342238,0.016738042,0.003127057,0.020258725,0.011622235,0.014754969,-0.006047645,-0.004268295,-0.015947908,0.012864734,31.0219732,32.13801857,31.22564529,27.96899061,32.27516346,28.37882219,29.61646906,33.54374717,30.59662612,28.47865723,28.38281441,34.00078148,29.43800073,33.31341408,30.89990443,33.22242611,35.11956703,32.42387036,32.41398349,30.70737709,34.9577701,1.608739502,1.408194347,2.052834277,1.590726062,2.4859406,2.707302803,1.727295094,1.833310816,1.303779651,2.293730184,2.918570863,1.973892698,1.837455266,1.979422818,1.15072223,1.785380198,2.185041243,1.616796767,20.87888976,1.08814675,1.842211176
11/15/2021,0.335888631,660.5777419,58.49036213,1150791420,1.21234E+11,0.949228219,82.05,60450000,23198.5,62.86458969,52.79349136,3.230000019,0.019976029,0.018606714,0.037525012,0.010103605,-0.008661511,0.039292731,0.004507398,0.006331675,0.024249967,0.027504242,0.040398438,0.008410553,0.023733599,0.008783172,0.036852132,-0.005518133,0.018902976,0.004931231,-0.00257251,0.007885312,0.014646,31.0483752,32.14078424,31.27519438,27.97652629,32.26734261,28.4173626,29.62839877,33.55257841,30.6082632,28.48344621,28.43584903,33.99209033,29.45361908,33.30431736,30.94965426,33.23821926,35.11894126,32.43399827,32.55544376,30.73174798,34.96558937,1.642635292,1.428171796,2.125370532,1.610303407,2.458235629,2.813680123,1.747876274,1.838962449,1.328627078,2.378445471,2.953770968,1.978744864,1.864564509,1.987442053,1.195549506,1.773053077,2.228781876,1.619291622,20.56436354,1.10310495,1.849387113
11/16/2021,-0.066134601,660.5188555,58.7353631,1189618638,1.21234E+11,0.981255111,82.43,61450000,23200,59.84342957,50.63648987,3.00999999,0.000770649,-0.023739386,0.011136802,-0.004206569,0.0141102,0,0.002530096,-0.003709748,0.012111156,-0.013134037,-0.016154982,-0.006143905,-0.02093183,-0.001204887,-0.003320714,-0.009068624,0.000966677,0.017503225,0.005837612,-0.023502617,-0.005983719,31.06023673,32.11872769,31.28006987,27.97516902,32.27785249,28.4173626,29.61443976,33.54099265,30.62717324,28.47744834,28.41276938,33.97621697,29.44163374,33.28996364,30.93305488,33.2251428,35.11560529,32.47599801,32.56729056,30.73416669,34.95754116,1.657488331,1.400887684,2.139011644,1.594111309,2.492651499,2.813680123,1.727561727,1.833187914,1.3370927,2.314305948,2.944128913,1.967462117,1.852115941,1.988001251,1.193837505,1.764622088,2.225121025,1.647901609,20.92223424,1.087668865,1.832290668
11/17/2021,0.10509576,660.6583958,59.51073238,839246419,1.21234E+11,0.692251123,80.28,61450000,23203.5,58.88872147,50.28289032,2.799999952,0.005899933,0.014712709,0.018092054,-0.014423766,-0.008584761,-0.003780718,0.02324814,0.008932747,0.014775079,0.010236929,0.002705882,0.006227696,0.037194156,0.005174339,0.003788193,-0.001811462,0.007071223,-0.009664797,0.006292215,-0.031702335,0.010712303,31.06709919,32.16586957,31.29064515,27.96039197,32.27794186,28.41357472,29.63260013,33.54498642,30.62790245,28.48759903,28.41518379,33.97395715,29.4988961,33.3032713,30.93098277,33.21972466,35.12008646,32.46105871,32.57852215,30.72025565,34.96784661,1.660517488,1.419559603,2.175245133,1.572936882,2.483292984,2.803042391,1.756267799,1.846596109,1.358481132,2.393366586,2.953770968,1.976434783,1.946461636,1.998481818,1.199517288,1.759734197,2.245541989,1.632641736,21.41954015,1.060854178,1.848447524
11/18/2021,0.181683261,660.6317261,59.33764292,1067902267,1.21234E+11,0.880857549,81.24,61375000,23204.5,58.71603012,50.15911865,2.5,0.011462963,0.014931572,0.016344509,0.000414482,-0.001241613,-0.001897533,-0.003688445,-0.000569234,-0.00044006,0.022683631,-0.001668725,0.005718295,0.021094083,0.004346789,0.025078965,0.005898043,0.01985283,0.004716863,-0.005104546,0.023409542,0.020340849,31.08236515,32.15217374,31.29376259,27.9523594,32.26544426,28.41167538,29.63959134,33.528554,30.59551765,28.5132948,28.41651983,33.96175689,29.50635426,33.29775109,30.96981804,33.21172993,35.11782524,32.44802149,32.56370194,30.73443602,34.96907301,1.688325247,1.430483682,2.205537565,1.57505234,2.480079415,2.797723525,1.767734719,1.845180225,1.353443337,2.425981146,2.931316867,1.984809461,1.966055823,2.002983967,1.232955202,1.757519356,2.300285436,1.637038664,20.99353952,1.08169474,1.879902688
11/19/2021,-0.377590292,660.1984318,57.5179461,1498371778,1.2128E+11,1.235466506,78.47,60450000,23202.5,56.78815842,48.70933914,2.710000038,-0.014851821,-0.017945701,-0.013472446,-0.03432228,-0.029535355,-0.003802281,-0.030736795,-0.020241165,-0.040046741,0.021056337,-0.03563479,-0.014472292,-0.027346302,-0.024654534,-0.001155993,-0.011318424,-0.007011858,-0.032785026,-0.015383232,-0.009463934,-0.014465659,31.07701893,32.12585215,31.2835921,27.92042156,32.25359527,28.40786586,29.60957254,33.47875849,30.53285437,28.53899237,28.36411228,33.93826793,29.49340911,33.25710279,30.94377436,33.20499146,35.12624493,32.39476792,32.53924066,30.7526413,34.95535543,1.680295625,1.402231649,2.16166024,1.518044821,2.433171377,2.787085793,1.727598469,1.803043471,1.295093091,2.453071794,2.91533483,1.959250838,1.931922203,1.957642546,1.230643291,1.73534783,2.276588986,1.581391427,19.7393149,1.083611383,1.845601541
11/22/2021,-0.423761418,659.7464925,56.69325815,4616157906,1.21286E+11,3.806015589,79.7,59650000,23206,50.37602997,45.4031105,3.130000114,-0.029615822,-0.049976553,-0.025797557,-0.015876437,-0.035283797,0.06870229,-0.025095804,-0.027380836,-0.048901611,-0.030631511,-0.012925879,-0.02489663,-0.040436506,-0.020866909,-0.03388514,-0.021407698,-0.000315168,-0.036398662,-0.005856335,0.036743129,-0.043657981,31.06478074,32.06625824,31.22839442,27.90828423,32.2473922,28.47431095,29.57262772,33.44026404,30.46742745,28.50681796,28.33262236,33.93558663,29.45521698,33.21592025,30.8817497,33.20832611,35.1491786,32.35150823,32.53235755,30.76895689,34.93851127,1.642036722,1.33198697,2.103253155,1.490027103,2.388667594,2.97856497,1.681634565,1.753763787,1.232891267,2.41531043,2.985735042,1.92200001,1.866204895,1.914137568,1.187292421,1.714430152,2.262736383,1.524831884,19.41628652,1.113948988,1.767517728
11/23/2021,0.205128397,659.9864371,57.32110813,854487883,1.21498E+11,0.70329376,82.31,59650000,23213.5,54.70270157,47.98443985,3.130000114,0.010411001,0.013677413,0.000632294,-0.005897169,0.02820953,0.021428571,0.003639071,0.017610077,0.003881783,-0.026102339,0.019261575,0.00930148,0.010503283,0.012876384,0.016064233,0.029069416,0.014177588,0.016989989,0.008007833,-0.007402306,0.00878869,31.06286089,32.08511221,31.19764836,27.91313301,32.26264819,28.49551316,29.57912398,33.46579803,30.49825553,28.48446906,28.34733301,33.94212547,29.46030416,33.25350843,30.88269478,33.24962004,35.15266928,32.3807088,32.5552621,30.7656619,34.9519867,1.646500928,1.351848257,2.102086248,1.472772429,2.429644701,3.042391362,1.681130777,1.775297692,1.240703815,2.308102445,3.072183331,1.940429078,1.886605516,1.937638602,1.203582127,1.762569955,2.301638459,1.556372761,19.70955845,1.107591535,1.792459662
11/24/2021,0.177881716,660.2266454,58.05309997,1074597489,1.21518E+11,0.884311338,82.25,59750000,23217.5,55.10491943,47.7369194,1.5,0.007393134,-0.00129085,-0.002690494,0.004166667,0.017949145,0.019230769,0.003712885,0.00323516,0.004309787,0.023302045,0.014184033,0.003902996,-0.003231376,0.012763158,0.003149349,0.017967302,0.027295445,0.001510824,0.003518726,0.015872286,0.001630725,31.07250197,32.0843378,31.22720342,27.91709394,32.27767863,28.51456136,29.59138272,33.45682003,30.50248403,28.51432894,28.34443693,33.93350185,29.47532229,33.25177971,30.87848278,33.25654864,35.19670803,32.38640284,32.56073511,30.82648655,34.95784787,1.665676243,1.345594338,2.098343609,1.479034954,2.47731829,3.100898888,1.693129958,1.780386356,1.245549101,2.347257673,3.232135781,1.954230157,1.893194706,1.961587476,1.214200616,1.790883346,2.359237162,1.558738417,19.91598638,1.146764682,1.792951844
11/25/2021,0.179162777,660.4350085,58.56594962,979994840,1.21518E+11,0.806460612,82.22,59800000,23220.5,54.76488113,47.20650864,2.839999914,0.010691789,0.017847643,-0.018436959,-0.022590297,0.009438162,0.061749571,0.006988851,0.002816784,0.021607273,-0.006404506,-0.003508534,0.006013222,0.028250379,0.001112256,0.016074227,0.010072847,0.008820917,0.002611059,0.00259107,0.002871893,0.02054513,31.08459988,32.10363201,31.24583848,27.88556822,32.29735034,28.57447944,29.60676308,33.46321481,30.50785995,28.51146817,28.34444509,33.94171274,29.4978444,33.26195301,30.90177856,33.26189846,35.20092993,32.38822306,32.56230082,30.82434908,34.968799,1.673501665,1.373746876,2.073577988,1.449464106,2.512666334,3.292378065,1.730837888,1.785266283,1.265996799,2.339479707,3.193765685,1.966350222,1.943766482,1.961552564,1.242695624,1.8100149,2.387036774,1.563495399,20.02090308,1.147417981,1.832035194
11/26/2021,-0.129936656,660.1650226,58.30641407,1030050330,1.21519E+11,0.84764325,72.89,60650000,23219.5,52.13249969,45.27362823,2.920000076,0.009342943,-0.002298841,-0.004493211,0.015886043,-0.01857728,-0.011308562,-0.002778734,-0.003077539,0.005882757,-0.013144838,-0.043965698,-0.001345751,-0.006512437,-0.006937258,-0.008967185,0.00308006,-0.014489597,-0.010710575,0.001278725,-0.016,-0.000799677,31.08759065,32.0860832,31.22018468,27.90060461,32.28412212,28.56310645,29.59388771,33.44934709,30.48509175,28.47544739,28.30401057,33.93206735,29.49731045,33.24897779,30.88395611,33.26059201,35.19008925,32.37867215,32.55390744,30.79340814,34.97656567,1.678123968,1.366259056,2.066301412,1.473456815,2.469773951,3.255146003,1.731070875,1.780932404,1.278223649,2.376847523,3.020935147,1.96343033,1.942246913,1.952119406,1.24300206,1.813161287,2.351451856,1.542172314,20.05233178,1.121502293,1.827925031
11/29/2021,0.098305212,660.1813974,58.14696347,969897150,1.21525E+11,0.798103466,73.44,60300000,23218.5,51.97864151,45.17900848,3.00999999,0.001624267,0.005721516,-0.000934249,-0.013678074,-0.008676367,0.068627451,0.005645253,-0.00557683,-0.002520314,-0.009765762,0.022823957,0.002710035,-0.010232708,0.012555798,0.018561118,0.002677255,-0.004529956,-0.004472757,-0.007299301,0.0125,0.012544879,31.09928617,32.05834458,31.25453818,27.89306469,32.27437939,28.62948152,29.6025506,33.42938688,30.47464066,28.46836932,28.32002388,33.91963086,29.47581703,33.24664403,30.92091245,33.2399832,35.17219701,32.38252041,32.52750878,30.79464254,34.99747527,1.686742418,1.367354926,2.067023833,1.450698779,2.439241455,3.478538376,1.752060393,1.773238029,1.281471367,2.36380628,3.136177519,1.962797194,1.907781404,1.972415229,1.250814173,1.814517465,2.345384822,1.535342958,19.58793924,1.129941112,1.843676498
11/30/2021,0.120478386,660.3358809,58.26223578,1062544589,1.21555E+11,0.874124877,69.23,60350000,23216.5,51.12667084,44.62517929,3.089999914,0.011199959,0.007695525,0.016592712,0.031002853,-0.007526106,0.029051988,-0.008343967,0.002976261,0.010953029,-0.012283739,0.018887441,0.007171925,0.002115761,0.008845644,0.009543793,-0.003852313,-0.010567125,0.003120354,-0.005637335,-0.005173688,0.014705415,31.08817272,32.04829723,31.30301365,27.92114414,32.26408924,28.6581195,29.59707233,33.42322306,30.51004571,28.4486831,28.33810366,33.92729891,29.48595536,33.28145968,30.93999116,33.2252207,35.15320412,32.38616077,32.5142324,30.82100622,35.00138726,1.690776392,1.376772288,2.09929224,1.49222548,2.423056401,3.57959683,1.724416998,1.769788736,1.299297753,2.345146453,3.200171708,1.971864781,1.919035046,1.988712149,1.259890118,1.794854843,2.322883744,1.5411787,19.45846891,1.139632461,1.865173742
12/1/2021,0.031603088,660.4122843,58.18632787,859535221,1.21805E+11,0.705666321,68.87,60300000,23218.5,50.27080154,44.37765121,2.559999943,2.97362E-05,0.005952744,0.003175265,0.006814112,-0.001269181,-0.016344725,-0.007826395,0.003102241,0.000346844,0.03622864,0.004188023,-0.001387121,0.013925265,0.006734299,-0.010286396,-0.000606072,0.00385402,0.002620553,-0.00526159,-0.016484637,0.004097465,31.08400619,32.05337202,31.29327129,27.93186828,32.27370307,28.64163973,29.58652718,33.42964235,30.52018917,28.50182799,28.35074878,33.93010033,29.49658798,33.29491257,30.95221109,33.22792471,35.16511878,32.39284351,32.50411931,30.78113722,35.00053278,1.69357707,1.382702675,2.097329282,1.499855929,2.42479443,3.521089304,1.699557338,1.780048541,1.298966553,2.394685026,3.148923524,1.96721811,1.939019417,1.993946324,1.242965434,1.794424028,2.324646528,1.542945212,19.46147824,1.108970971,1.869183934
12/2/2021,0.019245568,660.3883988,58.08269311,751031875,1.21805E+11,0.616586601,69.67,60350000,23210.5,49.32733154,43.58203888,2.529999971,-0.008300592,0.00851855,0.004124573,-0.026013902,-0.003049767,0.004531722,0.015051107,-0.005058669,0.012149394,0.007634641,-0.026503968,0.003929316,0.021994789,0.001676733,0.004120574,0.003979898,-0.005841649,-0.001486172,-0.007523608,0.010477831,0.004834768,31.07021695,32.07170535,31.29150611,27.89997623,32.26500381,28.64616121,29.59991503,33.42783942,30.52005925,28.5030705,28.31648573,33.92806377,29.50819395,33.29567184,30.96116543,33.23829212,35.15670231,32.39192656,32.50120551,30.79340814,35.00182959,1.676079945,1.392114306,2.118890527,1.463087898,2.41850462,3.537045902,1.719769592,1.776048576,1.310735609,2.401698275,3.116959451,1.976606157,1.956320999,2.002766751,1.243155999,1.801414803,2.308895187,1.541009899,19.32094899,1.121502293,1.879137329
12/3/2021,-0.356527311,660.0530583,57.31454675,1073957708,1.2194E+11,0.880726898,70.05,60500000,23210.5,44.70550919,40.58200836,3.069999933,-0.032105568,-0.008876076,0.00179506,0.017742957,-0.014418231,-0.007518797,0.004751384,-0.017290964,-0.029596723,-0.017636883,-0.024478483,-0.020261985,-0.016544809,-0.020172507,-0.034557676,-0.028567775,-0.039212632,-0.018514435,-0.004258649,-0.022107438,-0.024697081,31.03308605,32.03529635,31.29310593,27.91677824,32.24768071,28.63861401,29.59577632,33.40764615,30.46721074,28.48557157,28.29801689,33.90417938,29.51645538,33.25501669,30.99284402,33.22124586,35.12530394,32.37744332,32.49850719,30.76602606,34.97725353,1.625444418,1.37292988,2.108331694,1.49021187,2.383756952,3.510451572,1.728200473,1.744997461,1.267352284,2.381980796,2.995377097,1.941143263,1.947457914,1.969461075,1.208821311,1.755700458,2.207422797,1.513210547,19.23028724,1.094280008,1.837727637
12/6/2021,-0.65028037,659.5905362,55.70444208,1013108309,1.21875E+11,0.831268959,73.08,61150000,23230,41.23175812,38.84371185,2.99000001,-0.035312959,-0.029474311,-0.02112975,-0.018924198,-0.029138071,-0.045454545,-0.007713848,-0.022162409,-0.035083289,-0.040827267,-0.02582102,-0.036180207,-0.037335473,-0.062249791,-0.021509975,-0.03269093,-0.038196431,-0.033315914,-0.01918176,-0.032541893,-0.026036326,31.00061825,32.00273729,31.28994987,27.89796352,32.23604627,28.59209399,29.57960922,33.37477713,30.46142595,28.45374847,28.26310486,33.8636358,29.55120982,33.23369584,30.96685989,33.20884629,35.1006964,32.33676481,32.48378434,30.72629803,34.96667013,1.576215239,1.331155924,2.070422289,1.459956635,2.336088235,3.350885591,1.716021925,1.709384206,1.226809109,2.262388101,2.976159028,1.881551776,1.90742954,1.925207161,1.18990872,1.705731339,2.123720212,1.46476561,18.64763851,1.055606221,1.787396715
12/7/2021,0.431571347,660.1152803,56.56162898,735218900,1.21875E+11,0.603256971,75.44,61000000,23253,43.71559143,40.62942123,2.720000029,0.031636146,0.005710442,0.027193231,-0.003236022,0.013642317,0.026984127,0.004760084,0.018056621,0.032246902,0.011149319,0.034674914,0.018785406,0.029436337,0.015398922,0.021885801,0.019301929,0.024566181,0.019115833,0.012319476,0.042388098,0.025555283,31.04682631,32.03183564,31.31564644,27.89542174,32.25164122,28.61872047,29.59036951,33.41704461,30.51850775,28.46266106,28.30341127,33.89007959,29.5479246,33.25735946,31.0101545,33.22064435,35.12274237,32.35943752,32.49844222,30.766872,34.9895377,1.62933976,1.342565791,2.126072431,1.454643738,2.371092707,3.441306313,1.734646787,1.739422451,1.265018396,2.274067365,3.033747193,1.914472028,1.921343975,1.959852786,1.216592754,1.737225361,2.174662555,1.49027638,18.80091381,1.099905887,1.834460514
12/8/2021,-0.035880246,660.1513769,57.10534315,757272981,1.21895E+11,0.621251768,75.82,60750000,22900,42.54373932,40.15205002,2.650000095,-0.012706118,-0.000676223,0.011806613,-0.010067873,-0.004992365,0.00309119,-0.001515147,0.000760564,0.003224201,0.0011085,-0.004943433,-0.003467209,-0.008767341,-0.000184914,0.004195261,-0.005945467,0.011039951,-0.000790284,-0.002668669,-0.020915958,0.006534474,31.03896521,32.03652513,31.31961619,27.89147184,32.24746536,28.62180689,29.58974535,33.42877979,30.52406379,28.46271983,28.29075638,33.88522792,29.53888457,33.26799248,31.04497063,33.21516821,35.13224197,32.36478844,32.50300379,30.7570655,34.99011768,1.610502485,1.338346527,2.161676044,1.437111292,2.359665189,3.451944046,1.744898593,1.742578385,1.264944389,2.274294584,3.072183331,1.909126638,1.910234762,1.966686261,1.227707987,1.726770401,2.195416248,1.490045502,19.28830245,1.082175207,1.850732826
12/9/2021,0.106960375,660.3023642,57.24113233,652646366,1.21898E+11,0.535404613,74.42,60900000,22900,46.20555115,42.91017914,2.900000095,0.004370594,0.004561535,0.009435888,-0.014284323,0.007238002,-0.004622496,0.01539465,0.007240379,-0.002964769,-0.016784583,0.004999694,0.005940587,-0.011363869,0.010070778,0.021752226,0.005709451,0.013806076,0.010295246,0.001438778,0.019371921,0.015354609,31.05657857,32.0417016,31.3324202,27.87144044,32.26074136,28.61717367,29.59010693,33.43337261,30.54313157,28.45252101,28.29044045,33.88966934,29.53238158,33.28238885,31.08667159,33.23020327,35.14127774,32.36970707,32.51083491,30.76666058,35.00294081,1.628532201,1.344400088,2.187784933,1.419164035,2.379505193,3.435987447,1.749114855,1.751872088,1.260680434,2.1874808,3.126535464,1.914693593,1.892334734,1.990611984,1.260795159,1.738950128,2.230260273,1.503916022,19.26336256,1.098499417,1.876650926
12/10/2021,0.083623203,660.3701892,57.83305498,791861951,1.21921E+11,0.649489553,75.34,60900000,22900,50.85778046,44.2715683,3.170000076,-0.009884479,-0.008145784,0.015903898,0.005333761,0.022307148,0,0.019442626,0.00294104,0.002752689,0.003423892,0.002344559,-0.005794543,4.78633E-05,0.004300653,0.007698145,0.003300101,-0.00326693,0.002946932,0.009546123,0.003508481,0.004917028,31.0453347,32.02752215,31.3689108,27.87722688,32.2539878,28.61717367,29.60487103,33.42842597,30.53844636,28.45641419,28.29498275,33.88053609,29.53390677,33.28914011,31.11470519,33.23466148,35.14252812,32.37185223,32.52690804,30.76955752,34.99309733,1.615229368,1.333766555,2.212650542,1.426921597,2.423125961,3.435987447,1.772967797,1.745339586,1.259293947,2.191012246,3.116959451,1.898355379,1.891840191,2.00364007,1.280243333,1.74383884,2.2215934,1.504467112,19.76844923,1.102065528,1.885307401
12/13/2021,0.296162915,660.6301433,59.2311775,846993313,1.21921E+11,0.694708601,74.39,61200000,22900,51.26366043,44.89038086,3.049999952,0.024533264,0.008115596,0.037637467,0.019597334,0.026211773,-0.009287926,0.009812344,0.012796948,0.022754152,0.019693445,-0.002055215,0.012778701,0.005969174,0.005272997,0.040082021,0.008718994,0.004591297,0.008880461,0.015374408,-0.005649718,0.030335399,31.05914088,32.03556751,31.42558715,27.8944957,32.25712376,28.60784235,29.62691279,33.43919531,30.55018697,28.45379986,28.29377526,33.8878666,29.52722705,33.30789591,31.17380203,33.24754361,35.14171986,32.37944207,32.5549073,30.75877187,35.00733947,1.639136094,1.343252287,2.28858823,1.457122283,2.45946888,3.404074251,1.80098739,1.765515619,1.286913295,2.265634802,3.104147405,1.922494453,1.878588475,2.019068731,1.338664795,1.756254725,2.235291279,1.51432787,20.72310802,1.093426965,1.935111655
12/14/2021,0.07796639,660.7056669,59.37334505,951366408,1.21964E+11,0.78003637,73.7,61250000,22900,50.15108871,44.20418167,3,0.016642264,0.002975557,0.006332857,-0.009727626,-0.004957968,-0.0078125,-0.005025428,0.003939983,0.013123362,0.028862845,0.007671905,0.001853953,-0.003506333,0.002417962,0.022083174,0.003083234,-0.000193533,-0.001000144,0.000935617,-0.002738095,0.003005304,31.06182129,32.04917882,31.43017785,27.88433562,32.25281163,28.59999917,29.62163849,33.44612291,30.54002202,28.48809571,28.30878283,33.90223482,29.52282216,33.30294482,31.20824829,33.25249431,35.13714087,32.37780384,32.54895909,30.76105404,35.00897827,1.649202042,1.353178227,2.300286806,1.44146597,2.44209866,3.377479921,1.793671886,1.771261446,1.301403395,2.371921737,3.072183331,1.92772956,1.877640594,2.021365688,1.380939638,1.762186251,2.235624886,1.514912843,20.75064153,1.092773666,1.935376971
12/15/2021,-0.038369097,660.6318968,58.81921879,920371607,1.21964E+11,0.754623373,73.88,61050000,22900,48.57376099,42.89250183,3.160000086,-0.01180799,0.008341451,-0.010182618,0.037902468,-0.011496287,-0.011023622,0.001888247,-0.002328009,-0.015679381,-0.010076242,-0.013026667,-0.001122229,-7.98129E-05,0.008353206,-0.001479915,-0.003094476,-0.006175802,0.021147542,-0.001996057,-0.009827863,-0.006605041,31.05077912,32.05332336,31.40942145,27.92496778,32.25301579,28.58891434,29.61094703,33.44646505,30.51682624,28.47106887,28.29045024,33.90053314,29.5049133,33.29975769,31.20142671,33.26869398,35.1376255,32.39783122,32.53950062,30.75749236,35.00794296,1.631641926,1.362259066,2.269940295,1.492819285,2.419342584,3.340247859,1.777693896,1.769526933,1.281093735,2.355753846,3.068947299,1.918949878,1.855550744,2.03463568,1.380851257,1.760760018,2.218396523,1.553912314,20.31893772,1.084988147,1.922969788
12/16/2021,0.06668715,660.7537638,58.17138063,1080499716,1.21966E+11,0.885902701,75.02,61200000,22900,49.69694138,43.99148941,3.210000038,0.004733723,0.004117702,0.015531286,0.004539547,0.005319156,-0.03343949,0.009637755,0.000320258,0.010623267,0.015746202,0.006847263,0.002918363,0.018716367,-0.005213816,0.010330577,-0.001142642,-0.007963702,-0.004287625,-0.006607833,-0.004273504,0.020234295,31.05380547,32.05751222,31.45094258,27.93653916,32.24977552,28.55490296,29.62878912,33.46179381,30.52720397,28.49382145,28.3040094,33.89558228,29.51625967,33.29673118,31.24325474,33.26436477,35.13071161,32.39255942,32.51966049,30.7570655,35.01847853,1.632889942,1.361299996,2.305969684,1.494282441,2.42578833,3.228551673,1.807979705,1.768381596,1.288668617,2.377765474,3.040153216,1.92657769,1.873530436,2.024384179,1.414499213,1.758780803,2.19951672,1.548721269,19.65122178,1.082175207,1.960242662
12/17/2021,0.092020971,660.80258,58.46649991,943325664,1.21966E+11,0.773433571,72.97,61400000,22900,49.93286133,43.95603943,3.00999999,-0.002979033,-0.000164542,0.003844364,-0.005593512,-0.000385061,0.037891269,0.012164756,0.002035853,-0.002445056,0.025475594,0.003160707,-0.001580251,0.027917764,0.002834083,-0.013328154,-0.001893032,0.015853189,-0.005109622,0.000324488,-0.012931034,0.006928203,31.05501276,32.04838568,31.46687248,27.93420555,32.25792325,28.59209399,29.62505736,33.46298458,30.51812635,28.53413242,28.30580168,33.88667551,29.53841656,33.30007503,31.19371892,33.25390494,35.13070077,32.38932117,32.52037789,30.7557838,35.03300932,1.634530273,1.358716618,2.318381851,1.484990931,2.430349576,3.350885591,1.805054969,1.769457119,1.285971973,2.417802844,3.059371285,1.920421651,1.921700899,2.022314489,1.379574805,1.75246306,2.240439723,1.537564531,19.72660489,1.073736388,1.97616644
12/20/2021,-0.120176532,660.6313934,58.38704254,901059619,1.21966E+11,0.738779602,71.52,61350000,22900,48.1322403,42.75080109,3.019999981,0.008053657,-0.009898628,-0.011586321,-0.017573855,-0.011600897,-0.031746032,0.00816884,-0.000727394,0.002384876,-0.009511956,-0.016290727,-0.00492898,-0.013294483,-0.007360454,0.009775474,0.003830477,0.013525457,-0.014701345,-0.00450661,-0.011131479,-0.001056151,31.06033683,32.02746435,31.44773048,27.90854209,32.25088377,28.55983313,29.62449992,33.45838117,30.50086483,28.51968475,28.28223232,33.88374694,29.52184559,33.28811156,31.21726554,33.27329493,35.13819131,32.36841564,32.52112681,30.75857607,35.02036532,1.649896796,1.344939271,2.299299144,1.462013384,2.407973319,3.244508271,1.799579603,1.763872324,1.285029928,2.403492804,3.059371285,1.910801691,1.897146054,2.005336886,1.400032481,1.757036997,2.279389482,1.514711491,19.86603599,1.068537031,1.968038318
12/21/2021,0.063822508,660.6767575,58.20038929,1041559503,1.21991E+11,0.853800577,73.98,61200000,22900,48.76802063,42.89250183,3.390000105,0.015561088,0.006673389,0.003487188,-0.006535948,-0.016347505,-0.003278689,0.009893265,0.007976828,0.011226872,-0.009431851,-0.001792109,0.004082866,-0.009821855,0.010187513,0.003739823,0.005159881,-0.003406105,-0.003744344,-0.001111442,0.023454675,0.017848968,31.07134037,32.03519664,31.43783539,27.90187482,32.2441375,28.55654905,29.62274189,33.45378641,30.51938089,28.50659301,28.27794169,33.8762172,29.50423149,33.29634576,31.24875576,33.29288765,35.13004457,32.36781206,32.51746441,30.78240377,35.0332172,1.674621145,1.354027296,2.282528365,1.451575842,2.377519894,3.233870539,1.800734192,1.775386908,1.292455173,2.389308784,3.072183331,1.915580233,1.86563534,2.023573066,1.41473384,1.76734915,2.272128104,1.507649617,19.63123166,1.093926325,2.004370495
12/22/2021,0.104995863,660.7546644,58.07946641,1280470514,1.21991E+11,1.04964379,75.29,61200000,22900,48.95137024,43.06930923,3.369999886,0.016557747,0.002776807,0.023080916,0.025276596,-0.000891119,-0.029605263,0.022310927,0.013346234,0.004937136,0.029592907,0.006010627,0.00061111,0.004563501,-0.004460349,0.008056285,0.000805906,-0.013925316,-0.009971775,-0.00345538,-0.008333333,0.017711698,31.08330463,32.0325381,31.41332879,27.9344323,32.24197392,28.52649671,29.64015848,33.46376353,30.4991727,28.54787073,28.28893692,33.86408092,29.49940627,33.31221105,31.27633674,33.30487703,35.11905046,32.36369178,32.51354388,30.78664944,35.04283999,1.699051308,1.357158781,2.324700593,1.484749024,2.370417082,3.13813095,1.828051939,1.792449143,1.29612818,2.428649222,3.052965262,1.918663459,1.866067222,2.013501846,1.433847859,1.771111717,2.240010303,1.491140008,19.44655543,1.091213258,2.034903825
12/23/2021,-0.125584895,660.6956299,57.83074699,936565240,1.21991E+11,0.767733327,76.85,61260000,22900,51.15167999,44.39915085,2.710000038,-0.002622726,-0.001765685,-0.01912316,-0.015663706,-0.011068877,-0.015254237,-0.012225853,-0.002723478,0.010788468,0.013886909,-0.014918808,-0.003475673,-0.013508633,-0.007891722,0.021189751,-0.012643605,-0.023649043,-0.010632208,-0.001687971,0.002272727,-0.004867366,31.07678996,32.03228062,31.40045048,27.92374318,32.22384523,28.51112493,29.64530101,33.45511407,30.53958003,28.57532872,28.26930842,33.85776632,29.49265709,33.30945587,31.31341334,33.3048495,35.10345905,32.33826208,32.51811285,30.78685668,35.01793043,1.688436965,1.358645783,2.284921277,1.460926111,2.342960439,3.090261156,1.835826263,1.789531012,1.306795442,2.444775104,3.040153216,1.916396225,1.847789812,1.999776741,1.468536694,1.752009243,2.184037167,1.471832268,19.44507164,1.092619727,2.009444704
12/24/2021,0.098646293,660.7823779,58.128475,730318099,1.2253E+11,0.596033938,76.14,61260000,22840,58.03422928,47.14640045,3.059999943,-0.003300258,0.007050671,0.002225987,0.004278436,0.014779049,-0.025817556,0.02335472,0.005078308,0.003142992,0.003975438,0.011578399,0.001784381,0.008871119,-0.007458249,0.007411398,-0.001793919,0.025763521,0.005884681,0.003987362,0.01319342,-0.005343607,31.07974002,32.03605487,31.4068209,27.92143718,32.23175769,28.48496825,29.64953719,33.44921243,30.54769072,28.58052517,28.27608881,33.87240406,29.49602522,33.303474,31.31859946,33.30565276,35.14210046,32.34105968,32.52237117,30.79555537,35.02130253,1.684730655,1.368451394,2.313764065,1.466041938,2.376325872,3.010478166,1.846824118,1.798383203,1.309849291,2.45039162,3.110553428,1.918629576,1.859117752,1.973100916,1.473886171,1.751234497,2.238014105,1.478571424,19.5959337,1.104724528,1.999468581
12/27/2021,0.068864771,660.912825,58.32974457,744954022,1.2253E+11,0.607978743,78.6,61260000,22810,54.92718887,45.35625839,3.650000095,0.008500187,0.007538418,0.009715957,-0.004917973,0.000730955,-0.012367491,0.011286325,0.002876774,0.026709319,-0.004476992,-0.001315789,0.005694828,0.002589242,0.000791439,0.009605823,-3.0334E-05,0.007931899,-0.003320221,0.000743552,-0.006666667,0.007245519,31.10766335,32.0531143,31.41364527,27.90456689,32.23960213,28.47252364,29.67869193,33.4610621,30.57282716,28.56663891,28.27424123,33.87777651,29.50655531,33.29309164,31.34789154,33.29807006,35.15168276,32.33859453,32.5271655,30.79493893,35.0324813,1.712844999,1.374064014,2.333314115,1.461782887,2.39228095,2.973246104,1.879926077,1.801833914,1.339572835,2.444884898,3.110553428,1.928329865,1.868565256,1.971411575,1.503234946,1.750354532,2.259709248,1.473965616,19.63557857,1.100505119,2.013785621
12/28/2021,0.072513403,660.9180245,58.29234332,986598149,1.2253E+11,0.805191575,78.94,61160000,22835,55.60984039,45.83480835,3.480000019,0.0064538,0.01516356,0.001633905,0.010111433,-0.0021659,-0.010733453,-0.014281331,0.012568315,0.021829906,0.00352614,0.014861996,0.010781706,-0.000661351,0.003474682,-0.011734663,-0.001098208,0.00410799,-0.006116153,-0.001987568,0.008219178,0.00855942,31.10611175,32.05261856,31.40952533,27.9130265,32.24008008,28.46173217,29.67409503,33.47438901,30.58727644,28.56562222,28.28309305,33.88019961,29.50035882,33.2833658,31.31481357,33.30927746,35.16042768,32.33395428,32.52368939,30.8105054,35.03386231,1.721860973,1.392267589,2.333949613,1.477337588,2.39389112,2.941332908,1.873894734,1.822116073,1.367367648,2.447399587,3.203011491,1.941591469,1.854085963,1.973943369,1.470903909,1.753166108,2.262737382,1.459979453,19.45587391,1.113462963,2.032169464
12/29/2021,0.086532306,660.9307407,58.50148581,826496647,1.2253E+11,0.674528061,79.23,61160000,22820,53.80580902,44.00922012,3.269999981,0.007841062,0.000977735,-0.01310248,0.036561547,0.001774658,-0.016274864,0.032536269,0.003680471,0.000367922,-0.004511103,0.010475206,-0.000456006,0.011707994,-0.003860632,0.001373224,-0.00556836,0.00614147,0.004058095,0.000920368,0.00989534,0.001994386,31.09680703,32.05731379,31.38195861,27.95509209,32.23376897,28.44532342,29.68871907,33.46433436,30.59881565,28.55625874,28.28640138,33.87601022,29.50668887,33.26168671,31.34863885,33.30983723,35.16245559,32.3354235,32.52515426,30.82115057,35.01890176,1.723875135,1.384457849,2.309853309,1.529001889,2.4100865,2.893463114,1.92931996,1.826342664,1.36533285,2.444002756,3.295469555,1.941994673,1.844883029,1.960140385,1.486223997,1.744589229,2.276405038,1.46546448,19.52300987,1.124914465,2.022655069
12/30/2021,0.084582953,660.9848996,58.78118054,727783332,1.23261E+11,0.590438881,79.32,60960000,22765,54.15694046,44.25735855,3.220000029,0.006640548,-0.005055528,0.014251087,-0.024922629,-0.001352878,0.025735294,0.002466486,0.004613584,0.009689013,0.013250991,0.019038076,0.000719373,0.004418624,-0.000623471,0.009880441,0.010373263,-0.005661912,0.008116759,0.001008773,-0.002232143,-0.005770799,31.09120822,32.05515921,31.40708335,27.92791485,32.23371365,28.47073313,29.68654603,33.46281906,30.59911246,28.57730458,28.29825156,33.8755083,29.49670726,33.26474257,31.33005647,33.31163018,35.18423951,32.34917488,32.52866038,30.82095032,35.01338364,1.722556249,1.377223783,2.336359862,1.489668673,2.411951506,2.967927238,1.921471307,1.83450168,1.37620846,2.457026809,3.420948356,1.940711056,1.8213285,1.961714227,1.487059363,1.758679282,2.3507694,1.479011044,19.53223815,1.123507995,2.010317604
12/31/2021,-0.084634916,660.8963488,58.53486117,840767599,1.23261E+11,0.682101195,77.78,60960000,22825,51.72710037,42.53889847,3.74000001,0.001725328,-0.009652902,-0.01416996,-0.013675954,-0.009692664,-0.023297491,0.000935784,-0.003876688,0.006568265,-0.022054096,-0.006992935,0.002038816,-0.008687391,0.003866856,-0.020909685,-0.004876238,0.007111938,0.000357995,0.022582504,0.008484305,-0.000420705,31.09252779,32.05173247,31.39454577,27.90882459,32.22820268,28.44715997,29.6919434,33.45924555,30.59129611,28.56537285,28.29565889,33.89133624,29.48356318,33.26501632,31.28463768,33.30892102,35.19951311,32.34710964,32.54096214,30.8289614,35.01981799,1.728830341,1.365481077,2.299449132,1.471903517,2.398665563,2.89878198,1.931383638,1.826393367,1.384595708,2.377404155,3.354906882,1.94622259,1.812689971,1.965934211,1.43883669,1.755754469,2.363293774,1.478571251,19.58643089,1.132799857,2.016532111
1/4/2022,-1.752859462,655.64254,35.82155648,797517824,1.24135E+11,0.642461702,80.33,61150000,22752,44.85726929,42.33272934,3.059999943,-0.071774912,-0.030194218,-0.044714473,-0.01671862,-0.060336632,-0.145688073,-0.016379082,-0.015016378,-0.023218454,0.002002936,-0.508858268,-0.061683204,-0.236748641,-0.083407949,-0.086382624,-0.0666,-0.076016926,-0.046003615,-0.09738599,0.003174603,-0.070908942,30.92312616,32.07171993,31.33756498,27.88722564,32.06643026,28.28970107,29.68920347,33.48890204,30.48349336,28.97508435,27.12508709,33.793188,29.30590613,33.18781254,31.208788,33.65055379,35.17282003,31.59924044,32.50285212,27.85902827,35.02481231,1.459040946,1.32425496,2.066884358,1.556375272,2.178919428,3.033027164,1.898503173,1.73696049,1.365317695,2.485555628,3.555650563,1.861855119,1.601185379,1.696807788,1.33696644,1.685587214,2.069326729,1.408098724,-1.455993868,1.06412012,1.893113152
1/5/2022,0.143671475,655.746355,36.15507187,969337025,1.24152E+11,0.780764868,80.36,61250000,22755,45.45743942,43.01988983,2.930000067,0.004820076,0.011504927,0.001531946,-0.0117928,0.006352174,0.063573883,0.000850204,-0.001855305,-0.004581597,0.02368438,-0.001002004,0.006338233,0.009961832,-0.005813814,0.048515271,0.013653795,-0.007228728,0.000267603,-0.011291496,-0.018419822,0.01460272,30.92587916,32.07082152,31.32866518,27.87229343,32.06882289,28.35133589,29.67808393,33.50632737,30.47845414,29.00648576,27.12408458,33.7982452,29.3228544,33.1983666,31.27053277,33.63041942,35.16282284,31.59801452,32.48600242,27.83854032,35.02930264,1.467370299,1.33626784,2.065130416,1.53600229,2.189422198,3.225848479,1.872651774,1.740240689,1.357154467,2.531278347,3.552087787,1.879664298,1.620935594,1.691894251,1.406291786,1.699365982,2.054010187,1.409905289,-1.450985947,1.047767791,1.92276805
1/6/2022,-0.004111503,655.7178975,36.1163307,1054751482,1.24155E+11,0.849543205,82.12,61275000,22745,45.63235855,43.09281921,3.869999886,0.024611269,0.016263328,-0.005893132,-0.003384283,-0.001012416,-0.016155089,-0.012074473,-0.004229621,-0.004010133,0.019889909,-0.037111334,0.00647266,-0.006540139,0.00902409,0.019041052,-0.000379804,-0.005265241,-0.006406307,0.001946065,-0.017371894,0.01847399,30.94587088,32.07276611,31.32508973,27.87502038,32.06704635,28.33504889,29.68418356,33.49680816,30.47990162,29.0311,27.0862671,33.79531241,29.3149514,33.20608366,31.28060898,33.60771053,35.1608359,31.59118698,32.48570837,27.82303458,35.05336194,1.505775104,1.354610527,2.045080453,1.527120299,2.191796554,3.17373461,1.871362737,1.732694023,1.357077859,2.574101866,3.420265071,1.892520837,1.608871516,1.713004333,1.42679512,1.687490416,2.045479906,1.400764354,-1.396621749,1.025985642,1.958421224
1/7/2022,0.111387083,655.9251799,36.27179462,913887136,1.24953E+11,0.731385129,81.94,61070000,22685,46.1422081,43.49166107,2.460000038,0.005665824,0.020552891,0.017067244,0.025966465,-0.009544131,-0.019704433,-0.014327837,0.007675678,-0.003334542,0.034858451,-0.004166667,0.005677916,0.004643775,-0.009671365,0.015461518,-0.002380351,-0.005970454,0.007584968,-0.001134386,0.032662369,0.003804147,30.94936956,32.08946552,31.3517181,27.90044641,32.06420342,28.31514773,29.68566997,33.52416321,30.48871151,29.07151212,27.08209173,33.79621849,29.31433197,33.19355903,31.28518092,33.60792772,35.19966053,31.61884409,32.48217652,27.85596936,35.04881194,1.50825644,1.380916018,2.065232331,1.560910679,2.173757848,3.111197968,1.869797064,1.742427234,1.353368334,2.637673152,3.406013966,1.900522473,1.610792934,1.691943577,1.443653162,1.683075377,2.032804178,1.411024801,-1.362246115,1.05812084,1.992552358
1/10/2022,-0.193105637,655.6145992,35.89152918,1274662899,1.24953E+11,1.020114467,81.14,61300000,22695,45.30820084,43.27410889,2.720000029,-0.003110307,-0.002739753,-0.019864526,0.012611501,-0.028815587,-0.016750419,-0.023798187,-0.011816982,-0.009590886,0.016384871,0.014644351,-0.002832775,-0.047476301,-0.01816679,0.002220895,-0.013311403,-0.026869416,-0.011951375,0.004566144,-0.004206433,-0.002232259,30.93886305,32.07008324,31.30684172,27.91297435,32.04670002,28.29825544,29.66015389,33.48135817,30.44994648,29.07825991,27.09662989,33.78706734,29.24981636,33.16430038,31.31549066,33.60193466,35.18529924,31.59271692,32.49201148,27.85171908,35.03417693,1.495634945,1.37467709,2.025815565,1.581632412,2.117881167,3.059084099,1.831341882,1.716164945,1.34584295,2.746556137,3.455892832,1.890108965,1.519528811,1.658613174,1.469879257,1.654930084,1.976164576,1.390793377,-1.453777602,1.053728985,1.981035526
1/11/2022,-0.185866481,655.3775039,35.59772024,1186946914,1.24953E+11,0.949915254,83.9,61345000,22698,42.98435974,41.87318039,3.690000057,-0.010674902,-0.012885717,-0.020528821,-0.023598326,-0.014707265,-0.025553663,0.000458028,-0.00289511,0.007276054,-0.017021873,0,-0.010701303,0.004120685,-0.015169974,0.006916098,-0.01683764,-0.016976508,-0.013918758,-0.001161954,-0.00555209,0.003546558,30.92257021,32.05371319,31.29034811,27.88694836,32.02087324,28.27236961,29.64380571,33.48760324,30.46501511,29.03913448,27.09662989,33.78194644,29.2705134,33.14498493,31.29342392,33.57669144,35.18001422,31.57917998,32.48947743,27.8518349,35.03042605,1.481592066,1.359390188,1.98491814,1.547032695,2.084379169,2.980913296,1.81144336,1.712468044,1.354786465,2.778121201,3.455892832,1.871178778,1.525970366,1.638217853,1.46528708,1.627362822,1.93774259,1.373603238,-1.429528584,1.038300364,1.998648279
1/12/2022,-0.098608398,655.3597397,35.43062498,1061856197,1.25361E+11,0.847036387,84.94,61375000,22698,41.26557922,40.97172165,3.390000105,-0.01649403,-0.014175987,-0.005116502,-0.024369513,-0.014430168,0.041958042,0.028641502,0.000399744,0.02738986,-0.017525677,-0.030927835,-0.012175154,-0.014030789,0.003242138,-0.017107291,-0.006602978,0.027065683,-0.013412616,-0.001147128,-0.011249564,-0.028540134,30.90453796,32.06286346,31.28207759,27.86862942,32.02050998,28.31347129,29.66035476,33.50671705,30.51769737,29.01464665,27.06521369,33.78241342,29.24647626,33.14864943,31.25430792,33.57263453,35.21829364,31.56554116,32.48525405,27.84240461,35.02704551,1.4490459,1.33949906,1.984647224,1.505547449,2.065119604,3.105986581,1.865619126,1.719951469,1.388833866,2.732590538,3.349009548,1.853746721,1.503773538,1.640566648,1.42969151,1.62099617,1.971888064,1.352268288,-1.414702213,1.023909709,1.942636184
1/13/2022,-0.331712848,655.0744616,35.02832053,934512959,1.25368E+11,0.745416791,84.23,61325000,22710,39.81470108,40.18082809,1.409999967,-0.018382655,-0.036985877,-0.013227861,0.004541834,-0.010435106,-0.010067114,-0.012867707,-0.016721466,-0.039334831,-0.035895894,0.029787234,-0.018319717,-0.027922675,-0.013258759,-0.029519207,-0.025732981,-0.01058189,-0.015706023,-0.001990444,0.009272468,-0.038364176,30.88291225,32.04850413,31.24813437,27.87119227,32.04169348,28.30335316,29.64731328,33.4793916,30.48569119,28.97172988,27.0945659,33.77471347,29.22617146,33.11887978,31.20619276,33.56595591,35.22781208,31.55520756,32.47508656,27.8491105,35.00085008,1.420441352,1.29147183,1.967107208,1.512979107,2.055687069,3.074718259,1.848583868,1.695007574,1.330702182,2.669982393,3.448767279,1.817804807,1.46402413,1.624856744,1.3823058,1.59646863,1.947049332,1.333626035,-1.361890065,1.036908149,1.871718844
1/14/2022,-0.062855271,655.1072527,34.92680691,706968049,1.25417E+11,0.563691727,86.48,61375000,22710,38.87417984,39.27666855,3.519999981,-0.004641243,-0.016003601,-0.010494479,0.019410779,0.000437429,0.011864407,-0.012282094,0.000535686,0.003854976,-0.022649071,-0.018595041,-0.000464748,0.00944172,-0.00154075,0.003894818,-0.000894307,-0.005354505,-3.67157E-05,-0.002135786,-0.009858254,-0.007344489,30.89167881,32.0590216,31.26022634,27.89662468,32.03378607,28.31514773,29.64747365,33.48789501,30.48634051,28.94113432,27.0757958,33.77553733,29.23243687,33.114947,31.22139855,33.5753062,35.2285189,31.55044006,32.4757208,27.84069181,34.99713065,1.413762669,1.275691276,1.953633593,1.537931153,2.050058199,3.111197968,1.848691257,1.694574582,1.333214914,2.624125411,3.384637309,1.833019495,1.476523905,1.622542152,1.391860542,1.601338682,1.937509033,1.333456899,-1.379173606,1.024517254,1.857694226
1/17/2022,-0.614249952,654.5192309,33.81128493,882644543,1.25491E+11,0.70335483,86.64,61350000,22720,34.16630173,36.38505936,3.450000048,-0.049982274,-0.029189235,-0.014431468,-0.00513659,-0.035074091,-0.05360134,-0.035038904,-0.019987341,-0.041009449,-0.027434276,-0.006315789,-0.028726773,-0.021512771,-0.033536001,-0.022181074,-0.030855016,-0.043547194,-0.030698217,-0.008441702,-0.032313585,-0.045236861,30.83847078,32.03284701,31.20908347,27.89154131,32.00714588,28.26005635,29.60963234,33.46833325,30.47460345,28.92304741,27.06945998,33.74342244,29.2169104,33.05492941,31.21222857,33.55092026,35.21144187,31.51278947,32.47188963,27.80476539,34.95571223,1.344607305,1.240025119,1.934639621,1.529165342,1.993271622,2.944433587,1.788850109,1.661621949,1.276159261,2.534030591,3.363260653,1.785425553,1.441037788,1.56926329,1.376396658,1.55867947,1.85291821,1.294648795,-1.440828445,0.995596906,1.768081543
1/18/2022,-0.383429057,654.36721,33.35991156,660421109,1.25548E+11,0.526032355,88.66,61400000,22750,31.45241928,34.55401993,4.039999962,-0.047785533,-0.030465995,-0.030927724,-0.016023768,-0.026913359,0.024778761,-0.014695648,-0.023554032,-0.023524948,-0.024864159,0,-0.020146066,-0.020780244,-0.00405644,-0.027977451,-0.008871996,-0.026578814,-0.02600985,0.005707841,-0.00485373,-0.035885903,30.7934877,32.03449173,31.18272728,27.87560371,31.99509237,28.2845331,29.61010699,33.47174185,30.48695731,28.89577813,27.06945998,33.72829556,29.21407633,33.02467144,31.18716501,33.55013939,35.21133907,31.53366698,32.48977775,27.79404628,34.93405207,1.283612252,1.20571287,1.893024949,1.502389426,1.95261738,3.017393004,1.778369364,1.631422302,1.238594813,2.490247671,3.363260653,1.769030027,1.422073307,1.566392138,1.344795475,1.559751259,1.802204398,1.264901549,-1.429734211,0.999242178,1.70461076
1/19/2022,-0.034327532,654.3013596,33.32161755,534461810,1.25548E+11,0.425704449,87.78,61400000,22700,31.85454941,35.15512085,2.579999924,-0.006181298,-0.012555342,0.008145228,0.016126269,0.024778578,-0.04835924,-0.001052345,0.002484374,-0.004899463,0.001313005,0,-0.005464449,-0.008711137,0.00934684,-0.017425255,0.016539586,0.009348508,0.000189201,0.010746982,-0.023787375,-0.004910199,30.79301439,32.0351752,31.20201436,27.89070317,32.00153013,28.23496543,29.58978139,33.47585036,30.47903408,28.89549499,27.06945998,33.71997829,29.20694394,33.04546921,31.14869868,33.56785233,35.20582248,31.5386479,32.49392018,27.7655276,34.94147547,1.276266946,1.195802308,1.9171033,1.528109722,1.985664965,2.871474171,1.749374909,1.636021929,1.239488418,2.496595023,3.363260653,1.766403236,1.406706239,1.58063942,1.312205001,1.5816802,1.818014411,1.264223614,-1.346897097,0.982712725,1.696767453
1/20/2022,0.39984045,654.650661,33.90442724,733003365,1.25942E+11,0.582015888,87.5,61600000,22645,34.86183167,37.38335037,3.670000076,0.027336158,0.029858314,0.01886417,-0.028215533,0.037900109,0.041742287,0.006826506,0.012157929,0.005857375,0.027687466,0.01059322,0.023910052,0.016827,0.023068364,0.02151758,0.023218256,0.021908566,0.028638684,-0.002452532,0.020059145,0.032537335,30.80242353,32.03886159,31.2471923,27.86068236,32.01089728,28.27586002,29.61254684,33.49493645,30.49759742,28.92703484,27.07999749,33.73687616,29.21909364,33.06505212,31.18286625,33.57401897,35.22536573,31.5604654,32.48436271,27.79471199,34.9598179,1.295654509,1.227706621,1.951737216,1.487615928,2.037736324,2.991336069,1.778747869,1.654512333,1.25477556,2.541007752,3.398888414,1.797366628,1.427033194,1.609541209,1.322935498,1.610903715,1.860303033,1.295772537,-1.37830614,0.984813437,1.754345536
1/21/2022,0.024633155,654.6699331,33.85347162,751311606,1.26156E+11,0.595542821,87.81,61400000,22625,35.29748917,37.38335037,2.75,0.014758207,0.011903142,-0.00846372,0.004538733,-0.002524835,-0.024390244,-0.014119219,0.000119167,0.013126609,-0.011691827,0.002096436,0.001389146,-0.001721021,-0.002388632,0.002915637,-0.00100853,0.005419987,-0.000244705,-0.004809356,0.026121407,0.013606772,30.85758002,32.05025834,31.22447738,27.86271882,32.00553511,28.2511674,29.60582507,33.48751138,30.50533364,28.90947456,27.08209173,33.72584606,29.21150903,33.05901941,31.19475906,33.57561305,35.24160308,31.55657553,32.47558967,27.81965848,34.96778631,1.310748085,1.237029144,1.925451636,1.494484398,2.037029183,2.918376653,1.779108857,1.649951576,1.262990221,2.507549407,3.406013966,1.792504139,1.421504542,1.598599448,1.32703162,1.607936413,1.87098204,1.296676732,-1.377320106,1.011772111,1.775051551
1/24/2022,-0.546449435,654.0055067,33.06692632,752167461,1.25032E+11,0.601578532,87.19,61575000,22675,37.42805099,35.57070923,3.859999895,-0.052870294,-0.03607741,-0.01696016,0.024620523,-0.037567782,-0.003571429,-0.015771042,-0.049020009,-0.052095607,-0.020694612,0.00209205,-0.027021887,-0.0215282,-0.027710568,-0.052662598,-0.049221828,-0.034277803,-0.019788034,-0.005380578,-0.008928571,-0.042013596,30.80564996,32.03600401,31.18403123,27.88239879,31.97194622,28.24758958,29.58463088,33.34308171,30.45826192,28.88622723,27.08418159,33.68506033,29.17887088,32.99850548,31.12648885,33.53733441,35.24048882,31.54266802,32.47076785,27.80835619,34.93296273,1.246788162,1.195735707,1.900317434,1.537440821,1.971745152,2.907953879,1.734111051,1.60564592,1.201040332,2.483191272,3.413139518,1.750959647,1.382562946,1.559341643,1.252723004,1.539339158,1.80789839,1.27458255,-1.410930186,1.006203252,1.707136668
1/25/2022,0.02698535,654.2201487,33.01237998,674045590,1.25036E+11,0.539083216,87.91,62075000,22630,38.06523895,36.32447815,3.700000048,0.009030328,-0.019020389,-0.004270179,-0.001428927,0.00521897,-0.008960573,0.000328652,0.00117646,-0.013748166,0.004525983,-0.004175365,0.008712013,0.015640553,0.011077698,-0.01962464,0.00427451,0.016124592,0.006269644,-0.000564914,0.007597403,0.008801698,30.82627089,32.03261025,31.21999737,27.88517629,31.98391687,28.23858862,29.58018262,33.36737943,30.46067262,28.88940917,27.07999749,33.70953247,29.18690938,33.02777055,31.08858359,33.55797612,35.27270019,31.55571426,32.48280186,27.8117706,34.96218807,1.259936435,1.174350476,1.910114698,1.525330985,1.982488947,2.881896945,1.728364481,1.609923358,1.187466205,2.482953735,3.398888414,1.7600594,1.401501411,1.58024128,1.218645287,1.546944301,1.838806194,1.282629081,-1.51451427,1.020416783,1.735935834
1/26/2022,-0.102630702,654.1698108,32.70353,731922691,1.25044E+11,0.585333118,89.38,62225000,22630,37.46252823,35.80401993,3.49000001,-0.00012133,-0.010382595,0.006807701,0.002288422,-0.001230565,-0.068716094,0.000305789,-0.004269106,-0.018590113,-0.013563651,0.00524109,-0.005921012,0.004658497,0.001331576,0.014132687,-0.006927547,0.005321228,-0.002716043,0.010350535,-0.002309572,-0.0183206,30.82495865,32.07053626,31.22809503,27.87918632,31.97868252,28.16739752,29.57500553,33.38070971,30.44604503,28.87464285,27.08522489,33.70680181,29.18762747,33.0190116,31.11815266,33.54504052,35.27829267,31.5474644,32.49555844,27.80133547,34.96004147,1.260332235,1.169778476,1.932169687,1.537827942,1.976583605,2.683864243,1.725772566,1.609344366,1.167038433,2.465474377,3.416702294,1.751790554,1.407045181,1.582052756,1.244347078,1.535995168,1.844162262,1.277902496,-1.632226882,1.032276305,1.715296861
1/27/2022,-0.072660585,654.0916777,32.58478205,493693937,1.25053E+11,0.394787801,89.69,62000000,22630,36.16429901,34.70672989,2.829999924,-0.021712577,-0.010644517,0.003622932,-0.014804664,-0.002157701,0.009708738,0.002501824,-0.002912133,-0.006080646,-0.01329933,-0.011470282,-0.004021177,-0.01113293,-0.001809956,-0.01212251,-0.007955889,0.004345571,-0.000738492,0.003110526,0.044079794,-0.019167166,30.81017262,32.06986203,31.21023813,27.86194783,31.97764991,28.17705943,29.56795582,33.37932313,30.44363991,28.85719645,27.07368832,33.70346137,29.17208048,33.0171087,31.11538507,33.54952986,35.2653891,31.54632586,32.49457042,27.8451555,34.95393782,1.234189171,1.16251447,1.94107286,1.514680407,1.972822728,2.709921178,1.719859247,1.605796371,1.156435202,2.437513061,3.377511757,1.741182884,1.389816397,1.582602081,1.230624408,1.527059167,1.849604533,1.276336592,-1.605769404,1.076194853,1.684814087
1/28/2022,0.138552283,654.1484307,32.7240109,630208782,1.25108E+11,0.503731868,89.82,62250000,22645,38.82360077,36.81457138,3.960000038,0.013423724,0.006600852,0.010484882,0,0.028059333,-0.048076923,0.014276776,0.008177011,-0.008364626,0.019726479,0.002109705,0.009408499,0.04207775,0.003955418,-0.003140342,0.010710469,0.02059964,0.009370369,0.004752872,-0.014935065,0.009335459,30.83736015,32.05593388,31.22559118,27.86194783,32.01704794,28.12778838,29.57285002,33.36729046,30.40839445,28.88017098,27.0757958,33.70874283,29.22623623,33.02837244,31.08080556,33.55204353,35.27383201,31.56255253,32.50316365,27.82373211,34.95877872,1.260215528,1.166162403,1.958378369,1.514680407,2.032067178,2.579636506,1.735625435,1.619463937,1.154139471,2.466964053,3.384637309,1.760582548,1.453707007,1.591820937,1.211431106,1.54021821,1.885900273,1.289116063,-1.648355435,1.074271266,1.69334833
2/7/2022,0.571990249,654.735677,33.28031134,509851714,1.25108E+11,0.407527902,93.53,62800000,22665,43.36363983,40.59674835,3.859999895,0.044237074,0.033709049,0.030274714,0.046224141,0.025332462,-0.003787879,-0.005431093,0.023337941,0.023192321,0.050480414,0.014736842,0.021731807,-0.002696484,0.022540117,0.030919567,0.032551643,0.016006459,0.03176304,0.048009265,0.065479235,0.023379611,30.88239327,32.09941526,31.261162,27.91496412,32.02267326,28.12399331,29.57223483,33.41229674,30.4305351,28.94013684,27.09042511,33.73291502,29.2235953,33.05818118,31.10820886,33.57134341,35.28070943,31.60040014,32.56792619,27.88656865,34.95559902,1.313369322,1.205736257,2.036214287,1.582055967,2.072907119,2.569865155,1.734099513,1.648552018,1.178559555,2.535605543,3.434516175,1.793177952,1.44945645,1.620802948,1.243866561,1.579774884,1.914913336,1.327853143,-1.823333459,1.146363578,1.715955034
2/8/2022,0.301615135,654.9693731,33.74751454,656789109,1.25191E+11,0.524630687,91.83,63125000,22715,44.66481018,42.09764862,4.110000134,0.014239802,0.011614406,0.010621884,0.010735293,0.021649917,0.051964512,0.002091137,0.010684137,0.02236269,0.03352449,0.006224066,0.008758651,-0.00146175,0.008351723,0.01756532,0.016440732,0.007920494,0.010093239,0.01397206,0.027056022,-0.002793691,30.89055014,32.10200352,31.287374,27.92470165,32.03603645,28.17465269,29.56929602,33.41044251,30.42505002,28.97805438,27.09662989,33.76293787,29.21554554,33.07694603,31.12558134,33.5622181,35.2867536,31.61219868,32.57357971,27.91698813,34.94183284,1.322971642,1.215798448,2.067791999,1.606888042,2.115702158,2.703406944,1.715040466,1.661258088,1.200031829,2.581786254,3.455892832,1.805834852,1.445175673,1.629745015,1.267292299,1.593494773,1.928354884,1.341301932,-1.779804062,1.16567746,1.703873016
2/9/2022,0.1478439,655.0678959,33.99714449,711692860,1.25191E+11,0.568486614,92.3,62225000,22680,48.39921951,44.67892838,4.269999981,0.022269443,0.009187553,0.004123731,0.011001505,0.008058338,0.002409639,0.003296368,0.00472353,0.029888016,-0.000491566,0.002061856,0.010193167,-0.003341957,0.003196553,0.006345391,0.004871237,0.006354579,0.013199363,0.003445597,-0.006868132,0.013919688,30.90429762,32.11238373,31.29587449,27.94350212,32.04047515,28.17705943,29.57831621,33.38805987,30.42361615,28.96897268,27.09868962,33.78303366,29.20655643,33.07971614,31.13509943,33.57016498,35.28471973,31.63470374,32.59064668,27.90644192,34.94556617,1.342448719,1.224321555,2.067982656,1.617013637,2.143412558,2.709921178,1.734011395,1.666246379,1.239200739,2.629232002,3.463018384,1.817134868,1.436144114,1.636581075,1.276664698,1.603052512,1.938827844,1.364192494,-1.808546299,1.167322972,1.728961011
2/10/2022,0.082014492,655.2834357,34.09904036,583181049,1.26337E+11,0.461607195,91.91,61750000,22680,49.30168915,45.00537109,4.269999981,0.003234304,0.014392751,0.017650925,0.007092199,0.006408087,0,0.003401684,-0.00065766,0.018855155,0.018706083,-0.037037037,0.003601224,7.87475E-05,0.010473956,0.003944242,0.000912837,0.000821541,0.00421952,-0.00276295,0.001496388,0.007182497,30.89949693,32.12930194,31.31800822,27.94760356,32.05384648,28.17705943,29.5816934,33.53612671,30.44068584,28.9747995,27.06094929,33.78540366,29.20417361,33.09545256,31.15165132,33.57770459,35.28506443,31.63477631,32.5852375,27.90614431,34.93825614,1.339599754,1.240207496,2.092472981,1.628313838,2.161193928,2.709921178,1.740871554,1.691418762,1.251848689,2.728959799,3.334758444,1.820434281,1.433988235,1.656726205,1.285085886,1.605644439,1.942091101,1.371325228,-1.851863494,1.174537343,1.741504716
2/11/2022,-0.005469465,655.2348918,34.10778247,546758833,1.26337E+11,0.432777741,95.53,61400000,22685,54.60321045,47.37976074,4.010000229,0.010765052,-0.010370461,0.004955101,-0.011113861,-0.007788417,-0.016826923,-0.008469808,0.006649036,0.009092356,-0.000752195,0.014957265,-0.003191819,-0.000865052,0.0039837,-0.005672116,0.007860025,0.008448915,-0.002825675,-0.006343373,0.004198395,-0.00215961,30.90642944,32.11206743,31.31653903,27.9354778,32.04799691,28.16008933,29.58048202,33.53100854,30.44972319,28.97334669,27.0757958,33.79051575,29.20338378,33.10481187,31.13365546,33.57513152,35.28437748,31.63439516,32.58084327,27.91254641,34.92627495,1.3543249,1.228142803,2.098317937,1.606387684,2.138169915,2.664321543,1.739995098,1.699390345,1.26740888,2.731618928,3.384637309,1.819919511,1.432436115,1.65675824,1.273278771,1.618136805,1.957809024,1.36641807,-1.836964981,1.172107161,1.73516841
2/14/2022,-0.072942516,655.169217,33.97444827,714582129,1.26337E+11,0.565615443,96.19,62400000,22725,56.93521881,47.79253006,3.029999971,-0.011447997,0.005846642,-0.013562444,0.022994392,-0.010155778,-0.02200489,-0.007990172,0.009331073,-0.002821321,0.002230819,0.018947368,-0.007631541,0.007464373,-0.005746999,-0.024162573,0.015679477,-0.037329042,0.015253712,0.00859269,-0.027954685,-0.00847562,30.90155092,32.12426955,31.30493064,27.95958405,32.04021976,28.13783872,29.56651906,33.55254514,30.45572455,28.97590953,27.0945659,33.78818656,29.2263347,33.08708443,31.08787264,33.57776053,35.23379656,31.64387024,32.61095746,27.88294385,34.91675225,1.342454353,1.233478307,2.083391624,1.650239991,2.110938123,2.60569344,1.718538588,1.718357342,1.263335456,2.726482947,3.448767279,1.807949743,1.452493925,1.647087087,1.232447967,1.64162778,1.881388575,1.386447277,-1.842983236,1.142971603,1.723340099
2/15/2022,-0.079732929,655.1913223,33.61915719,533884900,1.2625E+11,0.422879924,93.87,62850000,22750,57.76208878,48.03078842,3.920000076,-0.001713418,-0.00187389,-0.002649132,0.005109199,-0.160322731,0.02,0.018040511,0.00274138,0.001884052,-0.027622316,-0.002066116,0.001560201,0.016813178,0.005602447,0.006703606,0.003546859,0.009765313,-0.004402612,0.006175695,0.013189448,0.009785396,30.91856664,32.10677561,31.30749785,27.9619079,31.95883024,28.15764135,29.5696406,33.5581904,30.45148993,28.95836287,27.09249765,33.79367182,29.23607276,33.09302902,31.09625075,33.6008175,35.24988623,31.6420026,32.60658564,27.8938187,34.93778627,1.352128345,1.22998754,2.088356266,1.6730191,1.61281589,2.657807309,1.727062644,1.722776648,1.270410513,2.600007283,3.441641727,1.812857048,1.479521964,1.658975218,1.239952451,1.656958259,1.90061147,1.381781823,-1.796641364,1.164968964,1.744158092
2/16/2022,0.202316722,655.3073925,34.00035866,590393700,1.26251E+11,0.467635364,92.37,62500000,22750,55.20986176,46.60713959,3.900000095,0.012320324,-0.002481943,0.005029842,0.016168697,0.006631514,0.033088235,0.027091179,0.003822071,0.013229938,0.019630448,-0.005175983,0.008010294,0.005996873,0.0038462,0.00996967,0.007863938,0.005842998,0.001340758,0.015763888,-0.008840616,0.023168398,30.93218604,32.10710949,31.31357473,27.98070573,31.9620969,28.19019395,29.5922045,33.54433901,30.46622797,28.96974977,27.08730822,33.798498,29.2414412,33.10374689,31.09970623,33.59356264,35.24530854,31.64523879,32.60972533,27.88202951,34.94243906,1.367599817,1.22510885,2.087473726,1.696200524,1.622983093,2.745749463,1.760154622,1.730486954,1.282147518,2.709023837,3.423827847,1.829702034,1.490055788,1.660319768,1.245056505,1.659635157,1.909929008,1.380177643,-1.768212919,1.164614715,1.778324712
2/17/2022,0.263554099,655.6321189,34.39360727,560230800,1.26377E+11,0.443301506,93.24,62800000,22785,56.00508118,47.32143021,3.950000048,0.004760282,0.003605132,0.015282028,0.016860222,0.003868155,0.039145907,0.016969769,0.006306713,0.002826894,0.051066036,0.007284079,0.007697123,0.012183552,0.001746434,0.006180123,0.005668443,0.003439087,0.01337092,0.015135131,0.025462963,0.004695105,30.935666,32.12282384,31.3184407,27.9973356,31.97803099,28.22859308,29.60011536,33.56544504,30.46308118,29.03011888,27.0945659,33.81578241,29.24532918,33.10821854,31.11403772,33.6090897,35.25441137,31.66328757,32.62626232,27.91065345,34.95083008,1.374213351,1.233374122,2.125470605,1.730431349,1.63634663,2.853234317,1.769635741,1.743257286,1.282501553,2.784083522,3.448767279,1.844231889,1.501820939,1.661246048,1.258328643,1.676201459,1.917949347,1.398839912,-1.812925781,1.179929077,1.786669975
2/18/2022,0.226365326,655.8373333,34.80366218,642084400,1.26377E+11,0.508070926,94.09,63150000,22820,64.04814911,50.35713959,3.950000048,0.003729194,0.010597369,0.025485591,-0.001308062,0.014000213,0.050228311,-0.002763133,0.000535316,0.009529085,0.035578749,0.012396694,0.002204567,0.022642628,0.003898531,0.006210458,0.006329426,0.006586399,0.009141215,0.003895442,-0.006495758,0.01394309,30.94579944,32.12070313,31.35348745,27.99955594,31.97316929,28.27760066,29.60935561,33.55698201,30.46556703,29.0685029,27.10688639,33.81910236,29.2632601,33.10913058,31.12237886,33.60976838,35.24583668,31.68022772,32.65926396,27.90229114,34.94846367,1.380288126,1.244918559,2.194716923,1.731212619,1.650955883,2.996547456,1.779996293,1.744709293,1.295891533,2.842560802,3.491520593,1.845271382,1.528278673,1.675231402,1.263316375,1.685131515,1.93032087,1.414469877,-1.878215415,1.178359738,1.808179685
2/21/2022,0.27794965,656.0363379,35.396727,697758200,1.26377E+11,0.552124697,97.42,62900000,22800,64.69039154,50.80559158,3.980000019,0.015149201,0.011631754,0.006209324,-0.000158677,0.013997827,0.017391304,0.015860277,0.00437987,0.01641427,0.049076454,0.012244898,0.007042604,0.027930883,0.004849663,0.006281318,0.007730569,0.011506767,0.009722186,-0.000935013,0.023821578,0.017802592,30.95515213,32.12384448,31.36281854,27.99890515,31.98672312,28.29484247,29.61400132,33.55135391,30.47357885,29.11455946,27.11905692,33.81936283,29.2904505,33.12936124,31.13413659,33.60532497,35.24890466,31.68810736,32.64202526,27.9262964,34.95753176,1.401202037,1.257676342,2.218665175,1.730771336,1.671962169,3.048661325,1.78324036,1.745592935,1.309788622,3.00465622,3.534273906,1.855232803,1.56796991,1.684471855,1.271730631,1.68925348,1.951298969,1.425181478,-1.798321552,1.204710867,1.838708135
2/22/2022,-0.075031112,656.2444347,35.39416938,837383700,1.26376E+11,0.662611111,96.02,63250000,22815,63.8400116,50.03580093,3.75,-0.062955059,0.01280917,0.012119203,0.02718532,-0.003249211,0,-0.003600118,0.002303418,-0.006794439,0.001943233,0.004032258,-0.005460049,-0.008178396,-0.005334233,-0.01043508,-0.001122757,-0.007153591,0.005155536,-0.015341821,0.005892239,-0.016846733,30.94369721,32.15573303,31.36011071,28.03125276,31.98721977,28.51798598,29.60585976,33.54849792,30.47884204,29.12920849,27.12308107,33.81215331,29.27319148,33.12011893,31.12311329,33.5924358,35.25096294,31.70335242,32.61898558,27.92373684,34.94489536,1.379133918,1.276733714,2.246632938,1.78658107,1.667708147,3.048661325,1.772199174,1.751080443,1.296352971,2.909326185,3.548525011,1.844212629,1.546153813,1.67800805,1.258671865,1.681877872,1.934617271,1.43684009,-1.717738355,1.242390146,1.806201102
2/23/2022,0.168412892,656.504357,36.21002427,622268100,1.26469E+11,0.492031075,97.17,63450000,22825,66.68884277,52.33929062,3.849999905,0.009378582,0.018160823,-0.000756991,0.00126587,0.002076758,0.025641026,-0.002067213,0.006999936,0.008508693,0.011280756,0,0.004222319,-0.005789184,0.012292128,0.010672405,0.016909167,0.004947651,0.012297493,0.008280061,0.008805483,0.015287129,30.95467333,32.1654599,31.35970046,28.02849229,32.07243025,28.54330379,29.61078675,33.55426834,30.50653419,29.14600612,27.12308107,33.81839646,29.27320425,33.13192157,31.12129984,33.5963962,35.25323526,31.71761579,32.64097822,27.93395843,34.95261451,1.395566081,1.301017454,2.237252515,1.783757324,2.202419208,3.126832128,1.790663982,1.759013862,1.303959979,2.932556067,3.548525011,1.853192214,1.54185066,1.69513342,1.266957061,1.70667789,1.943804752,1.451902014,-1.710647743,1.244351819,1.835238571
2/24/2022,-0.280684512,656.284479,35.88779774,1076478300,1.26483E+11,0.851086705,98.26,63900000,22840,60.86214828,49.42713928,3.920000076,-0.023686552,-0.009456903,-0.019000248,-0.015755352,-0.024264049,0.010416667,-0.003857465,-0.004448292,-0.007601651,-0.024198754,-0.004016064,-0.013474488,-0.015810987,-0.001992922,-0.028711015,-0.008632804,-0.009701835,-0.020954641,-0.010436383,-0.02021058,-0.024890194,30.94304147,32.17705536,31.34124686,28.0089937,32.05974573,28.55366657,29.58736217,33.55890958,30.53763457,29.11696301,27.11905692,33.80751965,29.25815912,33.13116155,31.07500702,33.59090422,35.23974552,31.70062632,32.6305138,27.91381402,34.93335187,1.370592778,1.29537399,2.201368526,1.75912533,2.154770102,3.159403296,1.75624976,1.752570273,1.294732573,2.896333077,3.534273906,1.844569719,1.525463848,1.690470555,1.223862678,1.701096503,1.921542169,1.42022008,-1.624108508,1.21778548,1.7921016
2/25/2022,0.16569469,656.3034051,36.04559257,685302000,1.26483E+11,0.541814378,96.86,65950000,22820,59.04143143,48.81847,3.700000048,0.012815414,0.013423178,0.01283591,-0.010135915,0.00496837,0.007216495,0.020994418,0.000702743,0.008117409,0.016932271,0,0.009118704,0.018266052,0.014404305,0.01411175,0.008795358,0.014843616,0.002763914,0.006648244,-0.02135816,0.010230612,30.96750444,32.16435893,31.35264081,27.9936583,32.06197554,28.56085716,29.60128606,33.55148715,30.51795967,29.13302877,27.11905692,33.81163356,29.26717936,33.13917485,31.07375833,33.58957911,35.24684402,31.69868831,32.62453174,27.89484105,34.933361,1.392393962,1.307582658,2.237807202,1.726111207,2.160478447,3.182203114,1.776836406,1.753921833,1.307524105,2.91662141,3.534273906,1.854807241,1.546035424,1.712095363,1.234427349,1.711028007,1.950509597,1.420903998,-1.664512773,1.17879016,1.805753959
2/28/2022,0.067648909,656.3334785,36.12018322,657238000,1.26483E+11,0.519626381,100.34,65550000,22805,57.80403137,47.94128036,3.900000095,0.019528955,0.019944466,0.003866253,-0.000658023,-0.004879943,-0.017400205,0.015854686,-0.000906593,0.020120393,-0.010784609,0.018145161,0.006504453,0.000135712,0.014658766,-0.00213245,0.010203335,-0.003623495,0.002707932,-0.016390553,-0.005117394,-0.002127938,30.99418348,32.16870803,31.33577786,28.00135634,32.06859669,28.54330379,29.60791349,33.55138714,30.54491318,29.12817025,27.13703942,33.82395206,29.27964443,33.15267571,31.07159394,33.58247765,35.23815693,31.7011273,32.59698553,27.88653659,34.91897869,1.421028112,1.338112202,2.221717905,1.724716182,2.145385339,3.126832128,1.791894017,1.751654154,1.333772654,2.828189075,3.598403876,1.86438049,1.554255645,1.730391517,1.229417838,1.723495507,1.943630996,1.426305872,-1.615159853,1.185435071,1.796324493
3/1/2022,0.128381754,656.4589794,36.33084008,760770200,1.26592E+11,0.600962776,109.9,65625000,22815,57.46902847,47.65485001,3.809999943,0.010319969,0.005252085,-0.002373861,0.008382674,-0.000580921,0.020833333,0.000455771,0.000307853,-0.005808805,-0.002923508,0,0.008402156,0.013327569,0.008576292,0.01405095,0.014511116,0.006815127,0.011821707,0.004650209,-0.000464731,0.012826768,31.00392233,32.15579821,31.34834088,28.00541229,32.06794936,28.56392308,29.61448092,33.5512551,30.54355576,29.12437349,27.13703942,33.82346954,29.28500872,33.17620282,31.10079107,33.59071294,35.24050546,31.7066686,32.60105667,27.88668835,34.93182434,1.439593333,1.33571882,2.213590618,1.73370552,2.134125875,3.191974464,1.799549497,1.749322372,1.327282303,2.830755917,3.598403876,1.874466517,1.569455182,1.741503477,1.251444515,1.74321502,1.960389491,1.444760352,-1.610617266,1.181827886,1.82037231
3/2/2022,-0.075530454,656.4010562,36.16689812,861025200,1.26592E+11,0.680158206,116.95,66400000,22840,55.27053833,46.50912857,3.75999999,-0.005898023,0.001474183,-0.002698162,-0.005022737,-0.010625097,-0.03877551,0.00638719,-0.000463216,-0.009566536,-0.004957789,-0.005940594,-0.004171859,0.002006883,0.011356944,0.016488143,0.011135854,-0.019617188,-0.001581261,-0.001429736,-0.008558168,-0.005073775,30.99582911,32.16000096,31.33097095,28.00154291,32.06418311,28.52437578,29.61849426,33.55674686,30.56755264,29.11661986,27.13108111,33.82440013,29.27670887,33.18260787,31.11740214,33.59084332,35.21572572,31.70955893,32.60984407,27.87858141,34.92798619,1.432258205,1.335599436,2.196573214,1.706917528,2.11676453,3.068204026,1.801694203,1.748346076,1.313884001,2.824003008,3.57702722,1.876596282,1.567088882,1.762982666,1.272925639,1.758688983,1.924244655,1.43650135,-1.537215223,1.169436991,1.81437645
3/3/2022,0.292611979,656.6930272,36.62767468,850354300,1.26633E+11,0.671509074,112.69,66925000,22835,57.53865051,48.17856979,3.789999962,0.016190898,0.015180441,0.001555968,0.037634056,0.011421101,0.01910828,-0.004094654,0.014649609,0.010878315,-0.00315343,-0.003984064,0.015509581,0.026433843,0.012392725,0.033079819,0.020073244,0.013823669,0.047056777,-0.002821728,0.001718213,0.009959314,31.01921286,32.17969947,31.34175859,28.04539539,32.07027995,28.54330379,29.61928568,33.56386835,30.56884123,29.1157657,27.12708909,33.85329323,29.29181278,33.20497142,31.14110643,33.59976712,35.22783207,31.75968312,32.60357288,27.88007784,34.93641023,1.455199589,1.356531674,2.203391698,1.774493702,2.147606049,3.126832128,1.803856348,1.773204512,1.329811325,2.81547275,3.562776115,1.895529092,1.59743301,1.78580129,1.311646901,1.777113905,1.951225178,1.501111699,-1.54695954,1.172436631,1.833160628
3/4/2022,0.166811632,656.7921955,36.84385319,837562800,1.26633E+11,0.661407863,120.38,67175000,22830,60.45465851,49.78625107,2.880000114,0.005890104,0.005198568,0.004822236,0.011226861,0.009565952,0.010416667,-0.006636346,0.000548371,0.003215478,0.016582558,-0.01,0.003952665,0.035704793,0.001479073,0.025414711,0.004025539,0.006630332,0.00955964,0.001361877,0.016431925,0.011420629,31.01875099,32.15567362,31.34715956,28.06839683,32.07162936,28.55366657,29.62896585,33.55055923,30.55401967,29.13309893,27.11703876,33.84300626,29.33155046,33.20180004,31.18274925,33.60188585,35.23130922,31.76811223,32.59505256,27.89842306,34.93934716,1.46050813,1.355783487,2.218411684,1.79663917,2.157374726,3.159403296,1.82180584,1.771971791,1.334204945,2.859272048,3.527148354,1.901054776,1.657057818,1.785297497,1.356995331,1.78534707,1.964559473,1.521278141,-1.625120646,1.182182134,1.852678122
3/7/2022,0.121018076,656.9048544,36.98539045,887279400,1.26633E+11,0.700668146,126.53,69500000,22845,59.76618958,49.3053093,3.660000086,0.01005884,0.03112967,0.00594882,0.012747023,0.011859323,-0.011340206,0.002196246,0.0162755,0.029227551,-0.028783525,0,0.004755797,-0.003947645,0.01619766,0.022594422,0.013802786,-0.009365865,0.011310223,-0.015998817,0.006818182,-0.004467908,31.02433595,32.19108174,31.3654748,28.07933772,32.07284803,28.54226158,29.63088272,33.58400596,30.59914201,29.09712021,27.11703876,33.84753705,29.32149177,33.22896868,31.21036062,33.59034637,35.2187753,31.78591817,32.56642073,27.90618344,34.92532281,1.468937224,1.401102379,2.219573656,1.798337881,2.156212593,3.123575011,1.831960806,1.805185352,1.366246184,2.812673879,3.527148354,1.905845456,1.649284796,1.817195148,1.392761231,1.789051628,1.949158587,1.534803219,-1.588409447,1.186358779,1.838387729
3/8/2022,-0.103804655,656.6781458,36.60552499,941093000,1.26739E+11,0.742545297,131.4,72600000,22845,55.43048096,46.7580986,3.130000114,-0.007518731,-0.005187074,0.000459368,0.005109735,0.009172071,0.063607925,0.021767275,-0.012188501,0.004779898,0.003192648,-0.029292929,-0.008725727,-0.028976449,-0.005530286,-0.024991526,-0.017745968,-0.012128716,-0.028703258,-0.002621504,-0.009009562,-0.019273342,31.02116186,32.16159376,31.34442262,28.08092912,32.08006151,28.60392841,29.63632492,33.56301981,30.59385468,29.11406502,27.08730822,33.82839342,29.27375519,33.21173567,31.16347653,33.5825084,35.20105616,31.74592739,32.58104942,27.89646365,34.90711001,1.453774344,1.388425988,2.191399661,1.806345999,2.15973898,3.322259136,1.835178859,1.782588763,1.366329965,2.732462957,3.423827847,1.890559044,1.591756312,1.798591438,1.352637573,1.758978056,1.927771976,1.490711381,-1.64332926,1.178182614,1.797333361
3/9/2022,0.131147345,656.8701751,36.99188748,854257700,1.26739E+11,0.67403013,114.28,71100000,22835,53.97190857,45.95653915,3.50999999,0.004222264,0.011905206,-0.006650614,-0.011079354,-0.006338259,0.037254902,-0.002839139,0.002407533,0.017851786,0.007718038,0.003121748,-0.002719899,0.032130229,0.008023596,0.002023933,0.007951389,-0.001884662,0.033844083,0.004495776,-0.006859883,-0.003431327,31.02005475,32.18581096,31.33507724,28.06908433,32.08666524,28.64050612,29.64913083,33.56567647,30.63807003,29.11658406,27.09042511,33.83359977,29.31222081,33.21846245,31.16902272,33.56949863,35.20062569,31.78839426,32.58954032,27.88991765,34.90180772,1.454299947,1.411314828,2.193488724,1.779588519,2.16445984,3.446029575,1.850031744,1.790080678,1.387688727,2.781904027,3.434516175,1.8833662,1.64397959,1.810677588,1.353328429,1.767881127,1.921395568,1.545787897,-1.591496866,1.168791359,1.794773808
3/10/2022,0.215221722,656.9112294,37.16814601,603829200,1.26739E+11,0.476435533,110.82,67200000,22835,54.53322983,46.40185165,3.170000076,0.009535396,0.009818297,0.01465176,-0.006355588,0.030720592,-0.009451796,-0.001887352,-0.002108971,-0.000858099,0.024199577,0.031120332,0.011211546,0.022862529,0.002978993,0.015893056,0.024203627,0.009736658,-0.002714872,0.012400341,0.006881025,0.012384671,31.0290309,32.16362758,31.35145198,28.06193729,32.08647371,28.63100937,29.64699792,33.54746941,30.62180486,29.14591505,27.12107102,33.83206867,29.3071493,33.20974815,31.1847106,33.57149436,35.20609312,31.77639823,32.60481842,27.89710405,34.91485539,1.466830324,1.421678518,2.235272189,1.769760442,2.235371919,3.413458407,1.853687247,1.778533344,1.389462875,2.821615023,3.541399458,1.900744491,1.663608258,1.812295964,1.37476055,1.805271117,1.938878555,1.538834264,-1.787745283,1.175575309,1.818853036
3/11/2022,-0.165986627,656.6265371,36.94353116,823793900,1.26759E+11,0.649891464,114.09,68800000,22873,51.49460983,44.10403061,4.079999924,-0.011279438,-0.020088791,-0.010993107,-0.003578156,0.004901164,-0.049618321,-0.005894188,-0.00782811,-0.008981972,0.014660494,-0.004024145,0.00523697,-0.02623467,0.002596598,-0.003982398,-0.011887052,-0.007563032,-0.005309079,-0.006973097,0.003497925,-0.012644222,31.01916515,32.11443436,31.32629054,28.05858172,32.07521921,28.58011776,29.63698667,33.51470502,30.59678212,29.14680267,27.11703876,33.81378937,29.29675809,33.1968096,31.19378153,33.55395254,35.20793259,31.772418,32.5963983,27.89940133,34.90917179,1.449419893,1.388460834,2.219089524,1.767481799,2.242968254,3.244088333,1.821473675,1.767861752,1.380094372,2.915621452,3.527148354,1.9182227,1.632489781,1.808077536,1.372269278,1.784373977,1.924149782,1.532076952,-1.729665735,1.184181894,1.793646757
3/14/2022,-0.232736899,656.3308718,36.56813904,780413500,1.26777E+11,0.615578501,107.23,68900000,22890,50.30302811,43.90808868,3.700000048,-0.024352193,-0.041207012,-0.011387669,0.00692665,-0.025717094,0.022088353,-0.018144609,-0.014857042,-0.018420007,0.030860705,-0.012121212,-0.010802466,-0.017653785,-0.023704199,-0.021680272,-0.014875153,-0.015906066,-0.033519028,0.00890191,0.00968627,-0.006852979,30.98879154,32.0754752,31.30056329,28.0660877,32.06082607,28.6019657,29.61996789,33.46749944,30.56819073,29.18261191,27.10484348,33.79010628,29.28733824,33.15924984,31.16063218,33.53126077,35.20347872,31.72674095,32.62573243,27.90704455,34.9024649,1.415644571,1.326392674,2.191705196,1.782865982,2.205478831,3.315744903,1.802393931,1.737198545,1.356359102,2.976671612,3.484395041,1.902096463,1.60608937,1.767905718,1.335966304,1.763390702,1.889607077,1.478222443,-1.75784978,1.20378716,1.784073192
3/15/2022,0.097579556,656.4859323,36.80755576,612221000,1.26792E+11,0.482853641,99.72,67800000,22880,49.4347496,43.30245972,3.74000001,-0.004148847,-0.017935688,0.005144525,-0.00425134,0.004607112,0.033398821,0.008993208,-0.001279838,0.002098386,0.009170667,-0.006134969,0.00233676,0.018448526,-0.003355175,0.015882565,-0.001481722,0.007134086,-0.001015635,0.005109413,0.00784484,0.017013862,30.98312563,32.07311401,31.3178947,28.06631779,32.05615259,28.6348189,29.62503743,33.4848155,30.57947087,29.19578354,27.09868962,33.79276237,29.30006034,33.16664039,31.17019274,33.54694483,35.20230132,31.73283104,32.63681988,27.91444341,34.90771536,1.407330293,1.301778251,2.207203208,1.777032546,2.224901202,3.426486874,1.80309359,1.736458386,1.3563427,3.009186055,3.463018384,1.905459454,1.632253319,1.76102033,1.354712914,1.772966227,1.902602031,1.478318545,-1.73851394,1.215178175,1.81072722
3/16/2022,0.235899754,656.6746055,37.36297061,523707600,1.26792E+11,0.413043854,99.03,67950000,22879,54.12546921,46.11685181,3.559999943,0.023781014,0.011378169,0.012153836,0.01377214,0.008448643,0.043726236,0.027952935,0.00485812,0.001784839,0.014837679,0.018518519,0.00542553,0.009934482,0.002331701,0.003943183,0.003780843,0.008646126,0.007748484,-0.003198009,0.007845785,0.008229501,31.00828768,32.07737731,31.32039091,28.08240009,32.06389267,28.67761613,29.63806364,33.49208629,30.56840858,29.21639298,27.11703876,33.8000804,29.30650969,33.17061598,31.18173631,33.54704232,35.20844792,31.73893278,32.62672078,27.92241232,34.91015195,1.448084998,1.313275625,2.226715965,1.803061274,2.253913971,3.576314247,1.821670664,1.745140477,1.356397204,3.040857914,3.527148354,1.91559243,1.654961373,1.764605046,1.355104286,1.769446871,1.921216646,1.487133282,-1.66555999,1.223961884,1.823928088
3/17/2022,0.02310478,656.6728537,37.40532466,661409600,1.26792E+11,0.521648283,107.98,67800000,22865,53.0384407,44.92856979,3.74000001,0.019685308,0.002942085,0.017991613,-0.042242157,0.013651848,-0.018214936,-0.005495423,-0.000884143,-0.005705093,0.019061271,0.002020202,0.004743648,-0.009674488,-0.010342906,0.017798499,-0.003847513,0.006394199,-0.002452026,-0.00580945,0.014126422,0.009357821,31.03491828,32.07121014,31.34558602,28.0283817,32.07283461,28.65923325,29.63801982,33.47496427,30.54880908,29.24098912,27.11905692,33.79866922,29.30435866,33.16118619,31.21487732,33.53485892,35.21671392,31.73862265,32.61743042,27.93859445,34.91353871,1.484043493,1.316302805,2.264251992,1.723024599,2.28598809,3.511171911,1.831576172,1.741329617,1.348915912,3.0948806,3.534273906,1.920164773,1.645733868,1.741407516,1.384103572,1.75278996,1.937047869,1.482919693,-1.664325074,1.230707747,1.839015632
3/18/2022,0.048261244,656.7653705,37.50568327,717204500,1.26994E+11,0.564755872,109.02,68300000,22860,53.23514175,45.05907822,3.769999981,0.004027399,0.006269975,0.007858628,0.034118967,0.014117092,-0.003710575,-0.000658007,9.48018E-05,0.000811272,0.009736819,-0.018145161,0.001986127,-0.003810431,0.005632838,-0.007084206,-0.005811731,0.004807204,0.007196729,0.003469125,-0.018592469,0.005946846,31.03270683,32.0732111,31.34633,28.07033716,32.10038807,28.65551578,29.63639879,33.48907921,30.56256528,29.25887852,27.10074512,33.80139281,29.29304143,33.1738626,31.20708393,33.52685346,35.22302691,31.74742888,32.62561865,27.91935609,34.92154992,1.483153253,1.325676791,2.260875875,1.782159894,2.311944145,3.498143443,1.835685523,1.742390753,1.344689787,3.123832036,3.470143936,1.923026696,1.634183101,1.752675709,1.373063686,1.740693513,1.950139405,1.493247781,-1.598141324,1.209748354,1.848350908
3/21/2022,0.16017749,656.9765649,37.91182267,691351700,1.26994E+11,0.54439833,117.19,68400000,22860,53.88418961,45.68563843,3.430000067,0.009299451,-0.004835161,0.016387978,-0.000652549,-0.002071796,0.024208566,-0.004092346,0.003407603,0.011595258,0.005694782,0.015400411,0.003075755,0.01190236,0.011041561,0.004571223,0.021428066,0.015374966,0.005732555,-0.007295152,-0.001098672,0.02110263,31.05051315,32.07524708,31.3551312,28.06408297,32.10122341,28.67943596,29.63788351,33.5164649,30.58008194,29.271335,27.11602815,33.80931691,29.28491086,33.18915642,31.21858035,33.56181677,35.23085359,31.75463085,32.60510834,27.92027552,34.95448796,1.506955827,1.317150259,2.287321916,1.789459509,2.307148041,3.58282848,1.836239127,1.749917482,1.362510792,3.16550295,3.523585578,1.929731312,1.639623702,1.772859656,1.381520186,1.785122404,1.979596068,1.50641608,-1.601403375,1.199926678,1.88981
3/22/2022,0.074644558,657.1295473,38.02463133,866982800,1.27001E+11,0.682659743,115.23,68400000,22870,55.73963165,47.2182312,3.680000067,0.007584223,0.005641026,0.019298308,0.02295358,-0.01435568,0.012727273,-0.004864027,0.011685771,-0.006896105,0.018275152,-0.01314459,0.002120967,-0.001884946,0.008501846,0.009750752,-0.000727006,0.006442249,0.004765713,-0.007553089,-0.007978352,0.002301494,31.05008828,32.08857467,31.36318931,28.0948818,32.10526043,28.69208292,29.63432307,33.52413661,30.58377876,29.29927861,27.1027964,33.8142161,29.28115234,33.20148259,31.2519067,33.56759605,35.23486964,31.7679246,32.59665246,27.91417936,34.96117659,1.518444821,1.326853489,2.315554316,1.823153781,2.279166112,3.628428115,1.830349746,1.768338083,1.353484944,3.229579385,3.477269488,1.933439466,1.635292546,1.787878382,1.404003496,1.78481749,1.989496336,1.512765653,-1.64952328,1.183321052,1.89251791
3/23/2022,0.115508818,657.2279276,38.20382162,751983500,1.27001E+11,0.592109627,122.12,68150000,22872,53.44417953,45.43502045,3.74000001,0.005113478,-0.003954206,0.01371868,0.045069262,0.00519607,-0.014362657,0.000775095,0.002677411,-0.001926608,-0.00749239,0.012295082,0.005183908,0.005166995,0.016647881,0.004761809,0.012482597,0.001496967,0.005258502,0.002496655,0.004385965,0.000518323,31.073603,32.07513199,31.39376113,28.14542997,32.1078795,28.67761613,29.63156318,33.5141873,30.57101931,29.29148037,27.11501651,33.81965199,29.28826291,33.22570573,31.2563943,33.56155711,35.23209259,31.77467878,32.59639784,27.91927885,34.95721916,1.531418705,1.318821912,2.348941915,1.9051849,2.292405383,3.576314247,1.81901202,1.769647917,1.351011294,3.194090982,3.520022802,1.939972196,1.644807178,1.819996503,1.40495331,1.801802434,1.986988821,1.524283236,-1.623244778,1.186105482,1.891285163
3/24/2022,0.104701995,657.3447693,38.42081968,729816200,1.27001E+11,0.57465516,118.57,68450000,22869,53.3475914,45.19643021,3.690000057,0.009182465,-0.00366355,0.009599178,0.008207395,0.008662692,-0.005464481,0.011613007,0.005366642,-0.007374556,0.029315991,-0.008097166,0.008280902,-0.005146415,0.011055099,0.002786995,0.003759898,-0.002100783,0.011788513,0.004748815,0.003157948,0.009023408,31.08490988,32.07448049,31.43258292,28.16676973,32.10388188,28.67213666,29.63535267,33.51716678,30.56798905,29.31954583,27.10688639,33.82067018,29.2896516,33.21985096,31.25953348,33.56062919,35.22422163,31.80266404,32.61126292,27.92042225,34.95416077,1.547188547,1.314924611,2.376377917,1.915521132,2.296624297,3.556771546,1.827032207,1.775600083,1.34153512,3.338239401,3.491520593,1.952684459,1.643639171,1.837005225,1.413348214,1.809012219,1.985406999,1.54797681,-1.649519014,1.196319492,1.903610647
3/25/2022,0.159600527,657.5144716,38.75862076,694751500,1.2703E+11,0.546920588,120.12,68750000,22861,53.87718964,45.46429062,3.700000048,0.022543371,0.001728992,0.013562315,0.015256759,0.005919607,0.005494505,-0.008717771,0.002846464,0.007011491,0.008982942,0,0.010417307,0.023535218,0.010902697,0.01755048,0.00328537,-0.001760608,0.003076988,-0.002917667,0.013157895,0.007724171,31.12590713,32.0748229,31.44606277,28.18300365,32.10596305,28.67761613,29.64444829,33.50768016,30.56855405,29.34594341,27.10688639,33.82316538,29.32683646,33.22657299,31.27211575,33.56148112,35.22108482,31.79772138,32.60588659,27.93554935,34.95716986,1.591143641,1.314229343,2.406259778,1.939717579,2.343000176,3.576314247,1.836969995,1.777396111,1.350591543,3.349782173,3.491520593,1.967666261,1.689692593,1.855670414,1.433109771,1.816807121,1.987780093,1.550199498,-1.639479518,1.204672781,1.915576568
3/28/2022,0.016053625,657.6069408,38.95978478,953530300,1.2703E+11,0.750635806,110.03,69250000,22860,55.37705994,46.21429062,3.779999971,-0.006390907,0.003140127,2.05714E-06,0.029415393,-0.006544683,0.010928962,0.003615272,0.002232149,-0.005549333,0.002397303,0,-0.005389209,0.001241043,0.010218495,0.013713834,0.01620904,-0.017043345,0.002671172,0.00032603,-0.01936933,-0.019770445,31.13332456,32.0753814,31.46113929,28.22398772,32.12450084,28.6884858,29.63587006,33.50388034,30.57318164,29.36524659,27.10688639,33.81565257,29.34971704,33.22444494,31.3080309,33.55360118,35.20553957,31.81138235,32.59206199,27.91340206,34.94122362,1.588806219,1.32035865,2.411895165,1.997529432,2.335140244,3.615399648,1.828731186,1.782576425,1.341738742,3.388667443,3.491520593,1.95081614,1.704080522,1.882114456,1.45900589,1.844297592,1.959683161,1.558523979,-1.570170997,1.189535543,1.87953475
3/29/2022,0.339636591,657.9650696,39.73028591,656806100,1.27049E+11,0.516971201,111.93,69000000,22865,57.53187943,48.08929062,3.660000086,0.010948086,0.008489449,-0.012666175,0.042426419,0.057037339,0.043243243,0.000269497,0.010252164,0.012942246,0.021825397,0.006122449,0.011313164,0.037567588,0.001655295,-0.000578153,0.011721577,0.011886893,0.026864485,0.004401845,0.017992415,0.015921368,31.13089686,32.08371076,31.45323723,28.27447327,32.19093949,28.73082016,29.6490989,33.51421397,30.5911016,29.39952284,27.11299017,33.82042566,29.36888805,33.2309786,31.30269804,33.56073393,35.21268231,31.84960359,32.60254358,27.93118949,34.95432113,1.600886847,1.336969626,2.402282272,2.084943763,2.484713945,3.771741255,1.851207965,1.800032612,1.361658769,3.475186483,3.51289725,1.973236095,1.746939788,1.878832306,1.456760436,1.854650815,1.986623552,1.607654016,-1.579749088,1.211102482,1.911714723
3/30/2022,-0.180780254,657.8417775,39.47693169,849178700,1.27079E+11,0.668229628,114.22,68850000,22854,52.97056961,45.43996811,3.559999943,-0.013255133,-0.023216113,-0.006678034,0.004046738,0.013905688,0,0.004750672,-0.010341047,-0.007846825,-0.015557793,0,-0.015172494,-0.006255344,-0.025582617,-0.015952392,-0.000223004,-0.002460247,-0.016511776,-0.006950054,-0.01472698,-0.0227535,31.11915464,32.05897487,31.4576432,28.29020294,32.20082369,28.73082016,29.65721256,33.49938704,30.56358512,29.41450686,27.11299017,33.80966174,29.36500776,33.2050438,31.29284629,33.56342836,35.22070409,31.83466825,32.59031206,27.9145522,34.94025167,1.581752807,1.304989402,2.403650943,2.089940132,2.500928053,3.771741255,1.85263051,1.784088512,1.348721025,3.441438715,3.51289725,1.952566235,1.735094421,1.834145972,1.434637197,1.860921043,1.975353714,1.58456547,-1.56517032,1.199749553,1.872289801
3/31/2022,-0.087466235,657.7939202,39.36353248,599111900,1.27079E+11,0.47144885,108.63,68500000,22838,53.74052811,45.77841187,3.690000057,-0.016851997,-0.021805045,-0.007656078,-0.019143642,0.011590482,-0.008635579,-0.002114652,-0.003706372,-0.023573213,-0.023955089,0.030425963,-0.0038603,0.003082192,-0.000526872,-0.004013227,-0.004970406,-0.004094316,0.000892953,0.002223487,0.018058237,-0.008832762,31.09806707,32.05721668,31.48761419,28.26218035,32.21185417,28.72214708,29.65424619,33.48931958,30.53700114,29.37323809,27.14296244,33.80605335,29.36802822,33.2023663,31.2793954,33.58353049,35.22259506,31.83535304,32.59046591,27.92860418,34.94168123,1.553803367,1.281751094,2.40592997,2.046249773,2.534028886,3.739170087,1.844734361,1.776964366,1.318554652,3.339402476,3.619780533,1.944153275,1.742078961,1.835253188,1.421106379,1.861279627,1.973450614,1.585439299,-1.560300409,1.236960325,1.86374166
4/1/2022,0.044458781,657.884581,39.35472697,837013600,1.27079E+11,0.658656742,107.29,68650000,22837,58.22528076,48.60364914,3.670000076,0.015519438,0.007020817,0.000476968,-0.003497018,0.004634726,0.00174216,-0.000971407,0.010393207,0.000722525,-0.016283877,-0.024606299,0.005547618,-0.016194469,0.014302136,0.012030456,0.004967017,0.016680648,0.002040498,-0.008590143,0.004698664,0.013825116,31.1270929,32.0562858,31.48290428,28.26324437,32.24374111,28.72388772,29.65579279,33.4993596,30.52455554,29.33879538,27.11804835,33.82681684,29.36370596,33.21936829,31.29049557,33.6007684,35.24048621,31.82402093,32.59342554,27.93486454,34.9569209,1.58876959,1.285505601,2.400918993,2.04497525,2.568762861,3.74568432,1.850796802,1.791045098,1.321035653,3.253109987,3.53071113,1.957116007,1.725792277,1.864383793,1.437103672,1.878106114,2.007384661,1.578604904,-1.59860655,1.234530143,1.888996661
4/4/2022,0.071151828,657.9666245,39.49611054,695788500,1.27094E+11,0.547460278,110.56,68600000,22846,58.47912979,48.28142166,3.690000057,0.004174387,0.013543182,0.023095537,0.014818414,-0.005474503,-0.034782609,-0.007033788,0.006175338,0.009631046,0.022227419,0.005045409,0.002808668,-0.00367428,-0.004381386,-0.004152186,0.000717365,0.019051775,-0.000835145,0.026708754,-0.019252597,0.002741029,31.12663361,32.07426662,31.50961937,28.27740923,32.22908809,28.6884858,29.6471282,33.51807527,30.53669214,29.36713305,27.12308107,33.83586733,29.36534543,33.23816459,31.28294504,33.61039928,35.2409698,31.81650208,32.60168376,27.91444341,34.9626913,1.590184479,1.298558797,2.460118917,2.081642477,2.541450737,3.615399648,1.842023003,1.804548869,1.333035245,3.310719005,3.548525011,1.958141684,1.723290526,1.85507123,1.435383483,1.880240439,2.039371616,1.57178812,-1.499860719,1.215178175,1.891299796
4/5/2022,0.034969219,657.9290763,39.4469073,630716100,1.27116E+11,0.496173428,108.1,68625000,22873,57.21538162,46.99248123,3.950000048,-0.005666973,-0.002610712,-0.000548524,-0.000482772,0.024166206,-0.01981982,-0.005560326,0.005251215,0.007102227,-0.005161106,0,-0.002776298,0.006723875,-0.000786297,0.005809669,0.012410134,-0.00724882,0.003859488,0.005942095,0.017081708,-0.002715749,31.11783197,32.07201774,31.49739546,28.2758783,32.22978541,28.66846693,29.64536127,33.52863382,30.54484142,29.3369562,27.12308107,33.83491597,29.3656984,33.23605933,31.29135653,33.60794169,35.23204731,31.82326484,32.60181146,27.93373755,34.96199366,1.576223945,1.294590535,2.466970601,2.079417954,2.585010672,3.543743079,1.83748664,1.81603947,1.343421837,3.30279901,3.548525011,1.948037246,1.73076107,1.848151565,1.441028911,1.903053623,2.029142262,1.579416085,-1.540688778,1.224316133,1.889460427
4/6/2022,-0.194214452,657.7475655,39.11682941,872319000,1.27116E+11,0.686238255,104.03,68425000,22866,54.80374908,45.5066185,3.950000048,-0.020913387,-0.014859517,-0.022744273,-0.030838491,0.012829362,-0.016544118,-0.016672201,0.001224619,0.000551584,-0.024587253,0.004016064,-0.005354705,0.010941585,-0.00243131,-0.008955155,-0.010558272,0.001516454,-0.02137624,-0.005467482,-0.006003501,-0.017988214,31.09585983,32.0675268,31.45745158,28.22630207,32.26133147,28.65178443,29.63732195,33.52524178,30.55106191,29.29834072,27.12708909,33.84151175,29.37494248,33.23504361,31.27124712,33.60621153,35.24567191,31.80197395,32.59560283,27.92542087,34.95062782,1.536356552,1.27651576,2.436494859,2.004836348,2.619205884,3.485114976,1.82862801,1.819706017,1.352810439,3.216092803,3.562776115,1.932077212,1.747845157,1.843234332,1.430174695,1.887302385,2.026898525,1.543549677,-1.513402055,1.226353979,1.854257737
4/7/2022,-0.314431911,657.4026742,38.46201762,725694500,1.27125E+11,0.57085086,103.6,68425000,22859,51.38571167,43.75223923,3.470000029,-0.009440482,-0.001910013,-0.013519139,-0.023313492,-0.007055511,-0.056074766,-0.026510696,-0.00785991,-0.017859781,-0.028235665,0,-0.011354798,-0.011750902,-0.006932673,-0.012993307,-0.01959921,-0.015064071,-0.016389308,-0.009053873,0.001091703,-0.020606016,31.08427255,32.07737277,31.42126111,28.18902042,32.26248709,28.59407611,29.61633984,33.520072,30.53143578,29.2577274,27.12708909,33.82472801,29.37193725,33.22885874,31.25731503,33.58758752,35.23609726,31.78233666,32.57594008,27.92637309,34.93034641,1.516302531,1.273129631,2.389981847,1.957984867,2.599355216,3.289687968,1.802165324,1.807939172,1.33164843,3.12975489,3.562776115,1.912267147,1.734375676,1.835786404,1.416037514,1.845063878,1.996956288,1.518231306,-1.498791403,1.228353739,1.813011076
4/8/2022,-0.279393131,657.0526362,38.01850527,711191300,1.27134E+11,0.559404793,104.54,68575000,22860,46.31774139,40.5298996,3.809999943,-0.020340163,-0.003682674,-0.01769845,0.033547619,-0.042431107,0,-0.027334292,-0.012301636,-0.022625233,-0.022492558,0,-0.011691245,-0.016231757,-0.011234398,-0.017624473,-0.015969479,-0.022676082,-0.018301605,-0.010633748,0.002242152,-0.021914003,31.05866134,32.07134846,31.37434251,28.23145376,32.22199028,28.59407611,29.59521494,33.49684749,30.48632135,29.22979014,27.12708909,33.8112033,29.35122726,33.19948363,31.21994586,33.57198627,35.22093928,31.7623561,32.57065028,27.92889519,34.92881354,1.482273491,1.269240701,2.360022292,2.027751499,2.510985524,3.289687968,1.76693334,1.784373543,1.30414891,3.01343523,3.562776115,1.897609156,1.704401168,1.809090834,1.379637322,1.815417293,1.950084515,1.492341314,-1.411752015,1.229745954,1.780301119
4/12/2022,-0.452748088,656.6054546,37.18129437,627939400,1.27136E+11,0.493912442,106.63,69225000,22888,41.59807968,37.80881119,3.319999933,-0.032474456,-0.036927249,-0.01723874,0.005044955,-0.01645161,-0.067326733,-0.006501554,-0.016593815,-0.045823946,-0.016813871,-0.007,-0.024334942,-0.01846692,-0.014475796,-0.023250826,-0.00043944,-0.034144216,-0.024352477,0.000330478,-0.02189348,-0.03361345,31.02199051,32.03919769,31.35405566,28.24054568,32.22927677,28.52437578,29.56464522,33.48257771,30.42079288,29.2032473,27.12006448,33.79194765,29.35803308,33.16679257,31.18970333,33.57650518,35.1992654,31.73678241,32.56808807,27.90845998,34.90910724,1.433483982,1.222370505,2.338347385,2.048799696,2.477287181,3.068204026,1.725294471,1.756846234,1.245163329,2.952392258,3.537836682,1.857884792,1.693209806,1.784370743,1.339792314,1.831566589,1.880918658,1.458836216,-1.390799451,1.194965364,1.724523588
4/13/2022,0.327500934,657.0463668,37.87675218,607279300,1.27264E+11,0.477181071,110.54,69350000,22887,43.55361938,39.67060852,3.319999933,0.018562662,0.002009734,0.02096865,0.009306704,0.040409961,0.050955414,0.007224426,0.006848404,0.019727483,0.009372121,0,0.004855641,0.012945113,0.020977117,0.021668779,0.012340374,0.017073763,0.013208335,0.006887337,0.012395014,0.019763904,31.05278838,32.04032817,31.40473562,28.24515301,32.27398268,28.57407545,29.57158857,33.49153931,30.44719598,29.20889108,27.12006448,33.80275384,29.3938597,33.20619073,31.22942956,33.59555698,35.20948756,31.7639739,32.56726631,27.92156434,34.92594118,1.463777438,1.225451358,2.40166201,2.064685087,2.580146165,3.224545632,1.729210268,1.767690389,1.272255874,2.954642266,3.537836682,1.876719533,1.715193955,1.8226123,1.376194155,1.851256428,1.90531341,1.477917981,-1.336848304,1.206533503,1.759956046
4/14/2022,0.050417805,657.063888,38.11319519,467536600,1.27264E+11,0.36737563,113.19,69550000,22900,42.62181854,38.98062134,3.319999933,-0.008952817,-0.00113199,0.005878206,-0.032857009,0.009173927,0.044444444,0.0018314,0.011968289,0.006742548,0.00940675,0.001007049,0.006374196,0.01948248,0.010620688,-0.008010509,0.003113518,-0.007940894,0.004355576,0.004416885,-0.022123894,-0.007381038,31.06034674,32.03991501,31.40714337,28.21280759,32.29041578,28.61756056,29.57372472,33.50133103,30.45378683,29.20469435,27.12107102,33.80509779,29.41233555,33.22315291,31.19679029,33.59002494,35.20041552,31.77426676,32.56547015,27.89586237,34.91767473,1.460225425,1.223046171,2.408691701,1.988112551,2.649517538,3.367858771,1.727222132,1.797706866,1.276987277,3.037468767,3.541399458,1.8775293,1.74542403,1.843739485,1.351566249,1.859697985,1.890172983,1.484385295,-1.353272483,1.192611356,1.743104329
4/15/2022,-0.038031218,657.1684496,38.30552181,605805500,1.28558E+11,0.471231493,113.19,69250000,22899,40.86936951,37.72433853,3.819999933,-0.015088457,-0.012829017,-0.016566977,0.006202812,0.009181534,0.003868472,-0.01585246,-0.000908449,-0.003981832,-0.017312637,0.004024145,0.000281426,0.029770265,-0.001851881,0.000633493,0.00706161,-0.013369115,0.002516979,-0.003813553,0.018518519,-0.018516095,31.05611926,32.03763573,31.36649486,28.21802471,32.28344092,28.62142157,29.57702827,33.51271575,30.45207584,29.17046438,27.12508709,33.79962657,29.45909223,33.24361041,31.21919488,33.66471552,35.19791099,31.79057873,32.55220159,27.91647652,34.90453376,1.4479651,1.210375128,2.372578416,2.002164069,2.677359033,3.380887239,1.731969182,1.797697474,1.2753976,3.042722926,3.555650563,1.883139594,1.806155984,1.85051081,1.361494891,1.879248923,1.868926991,1.494360045,-1.250186008,1.203749074,1.713354776
4/18/2022,-0.400330414,656.8534436,37.90300815,752556900,1.28558E+11,0.585383447,113.94,69650000,22890,38.64065933,37.04235077,3.799999952,-0.024660279,-0.039062956,-0.006343118,-0.041560847,0.023025332,-0.007707129,-0.027195166,-0.004412453,-0.037469051,-0.057297241,-0.002004008,-0.021437132,0.008559944,-0.00427166,-0.030129418,-0.001777624,-0.03906713,-0.025125127,-0.002055106,-0.022351457,-0.037988787,31.06209546,32.00392026,31.37167478,28.16568461,32.28943453,28.61368458,29.55541597,33.5113138,30.40070995,29.11019871,27.12308107,33.78163591,29.48763888,33.25728188,31.18518206,33.66329414,35.16526181,31.7777971,32.54826803,27.89257292,34.88729712,1.436546921,1.165704417,2.390170474,1.916876599,2.709622754,3.354830304,1.702250553,1.802903997,1.228737227,2.873133226,3.548525011,1.852990965,1.835491173,1.853278706,1.317473549,1.890888946,1.799115801,1.468352751,-1.086823865,1.18200501,1.660933637
4/19/2022,-0.403946665,656.4863514,37.4386595,628632600,1.28615E+11,0.488771056,108.59,70150000,22955,33.98371124,33.73015976,3.619999886,-0.027383321,-0.035098739,-0.033877571,-0.023712542,-0.024105043,0.052427184,-0.021794321,-0.012473894,-0.033058849,-0.050102954,-0.012048193,-0.020135024,-0.014768122,-0.014362366,-0.042954743,-0.026415074,-0.039315182,-0.004366392,0.002939594,0.013824885,-0.037165997,31.04305915,31.96714284,31.33239584,28.12978838,32.26067557,28.66478369,29.53996139,33.49549061,30.38301459,29.04592669,27.11095971,33.77199664,29.46613393,33.23589795,31.12431399,33.63923142,35.14342342,31.79028588,32.56309912,27.90812392,34.87064667,1.411227968,1.125779253,2.339720216,1.873846744,2.670215887,3.530714611,1.66820743,1.790807204,1.182383683,2.782422079,3.505771697,1.824253519,1.799099029,1.831329542,1.260090912,1.847635745,1.730921469,1.473489429,-1.008699785,1.190358299,1.609084564
4/20/2022,-0.514933576,655.9330835,36.46329688,618772900,1.28652E+11,0.48096726,108.27,69900000,22962,32.26887894,32.97257996,3.619999886,-0.037397855,-0.03168233,-0.021133227,-0.036775946,-0.011949377,-0.062730627,-0.021471156,-0.026959007,-0.037760448,-0.030095637,-0.014227642,-0.029248058,-0.024621383,-0.023873817,-0.04617439,-0.013372025,-0.022558058,-0.022609336,0.004634984,0.032495923,-0.037424162,30.99930514,31.96546198,31.29424483,28.08098431,32.26367404,28.59999913,29.52372528,33.44723379,30.33081869,29.00903641,27.09662989,33.76342711,29.42409257,33.17816542,31.05896604,33.64831787,35.13668636,31.75315221,32.56312707,27.94504146,34.85099389,1.356343263,1.09326537,2.297119993,1.803613028,2.667599036,3.309230669,1.643680614,1.744505692,1.142774394,2.7216071,3.455892832,1.783684856,1.746772163,1.790235237,1.198298552,1.848291947,1.692099319,1.439850231,-1.035521611,1.20924176,1.554712433
4/21/2022,-0.395680719,655.6342299,35.96466093,707430300,1.28652E+11,0.549879953,109.59,69900000,22962,30.60227966,32.39665985,4,-0.037340842,-0.04288255,-0.012876325,-0.051552958,-0.040156684,0.033464567,-0.024825163,-0.017907152,-0.028092569,-0.012478781,0,-0.022386154,-0.019907108,-0.020826194,-0.032319735,-0.01232875,0.006839181,-0.01414029,-0.013481578,0.000583833,-0.033065466,30.97190351,31.9420652,31.3020229,28.02660343,32.25940265,28.63291595,29.50059004,33.43591017,30.28547377,28.99143087,27.09662989,33.75728691,29.42501969,33.14249048,31.02069614,33.63744347,35.14288908,31.74749511,32.53646043,27.9575294,34.82197081,1.316299518,1.051204933,2.267407973,1.711843293,2.603273491,3.41997264,1.612806857,1.715317536,1.113811537,2.694478167,3.455892832,1.764747011,1.734721637,1.759429464,1.166278778,1.82336897,1.702593648,1.42456233,-1.050912414,1.173524155,1.504038575
4/22/2022,-0.200529946,655.5012997,35.50179861,748901000,1.28652E+11,0.582115124,106.86,70200000,22965,28.81539917,30.86799049,3.640000105,-0.009728145,-0.00975118,-0.003780112,0.020425009,-0.0407259,-0.061904762,-0.018819824,1.67171E-05,-0.014886845,0.027731842,-0.002061856,-0.01021193,-0.014843042,-0.016010278,-0.018243692,-0.023060838,-0.001097693,-0.0105278,-0.012922472,0.023622047,-0.003749195,30.94208405,31.93571574,31.29757119,28.0484424,32.24305202,28.56901214,29.48661813,33.47768723,30.24075378,29.02586898,27.0945659,33.75657097,29.41181176,33.10524411,30.99962177,33.63674962,35.15996242,31.72034048,32.5354193,27.98648,34.82772771,1.291047741,1.040950521,2.231353254,1.756186855,2.48565089,3.208260048,1.591342484,1.717574265,1.102474213,2.743504024,3.448767279,1.747373385,1.712965411,1.718244488,1.146485893,1.769233748,1.705994565,1.408376146,-1.005821825,1.190230731,1.491604496
4/25/2022,-0.885443591,654.3391385,34.01496169,646538900,1.28831E+11,0.501852069,103.34,69850000,22983,24.02872086,27.98834038,3.49000001,-0.035276527,-0.046647745,-0.007985065,-0.040260684,-0.067960335,-0.069035533,-0.003749698,-0.034260359,-0.04757681,-0.043298636,-0.015495868,-0.037850314,-0.066626356,-0.047085359,-0.023460646,-0.055560759,-0.061725345,-0.03968867,-0.030844045,-0.068590684,-0.042464154,30.88931755,31.86643895,31.24420364,27.99618278,32.17124522,28.49747798,29.4547879,33.41657441,30.17393274,28.97180276,27.07894872,33.69413892,29.34159342,33.03828697,30.94564678,33.58695476,35.10708313,31.66136903,32.48346585,27.91568578,34.80400125,1.234860469,0.991249375,2.171769808,1.68260103,2.314143585,2.986776106,1.546198446,1.659932452,1.046191394,2.670194381,3.395325638,1.688693353,1.597855201,1.633407301,1.111122184,1.675955794,1.604970831,1.346942836,-0.879036812,1.108177705,1.427630608
4/26/2022,0.328763602,654.7785851,34.26509568,637404300,1.28897E+11,0.494505265,106.1,69750000,22970,26.65786934,29.8277092,3.599999905,0.028722792,0.013061373,0.000500025,0.015986683,-0.006458667,0.032715376,0.023708909,0.019375022,0.027849779,0.037289837,-0.017838405,0.017549456,-0.004846342,0.023794455,0.034058604,-0.009639597,0.021662648,0.017789862,0.012098833,0.013661058,0.0277219,30.8954584,31.88946853,31.24903789,28.01888229,32.17360771,28.5296696,29.47078719,33.44973852,30.21961001,29.01424964,27.06094929,33.72225611,29.34508973,33.07659455,30.99686459,33.59959503,35.12635193,31.69328824,32.49043173,27.92353703,34.83311711,1.254840212,0.998124622,2.188777825,1.698888023,2.258014863,3.08448961,1.561225278,1.692156073,1.070439523,2.726702256,3.334758444,1.717985652,1.598809157,1.684250889,1.148715602,1.65913098,1.637517072,1.36866026,-1.014895915,1.132390036,1.464115216
4/27/2022,0.325914133,655.0418468,34.64355566,454027000,1.28917E+11,0.352186394,105.9,69750000,22965,29.78860092,32.38452911,3.670000076,0.021180628,0.018666214,0.003071246,0.008237232,0.026428087,-0.007391763,0.003731006,0.0083574,0.014689895,0.029272626,0.002136752,0.019987279,0.025435236,0.010149251,0.041308117,0.03676971,0.011467971,0.017116098,0.003168471,0.006329114,0.025803563,30.91978612,31.89955593,31.26780515,28.027769,32.16781597,28.52225038,29.4819243,33.46070466,30.22346685,29.04630221,27.06308376,33.73816466,29.37330624,33.08595686,31.03721508,33.6133443,35.13446818,31.71333352,32.49685377,27.92829806,34.84044176,1.279692068,1.015099631,2.188772625,1.716326639,2.308401689,3.061689792,1.570296172,1.704823066,1.082844233,2.763888385,3.341883996,1.739604083,1.638493718,1.693344981,1.198900622,1.71691586,1.657882653,1.395613902,-1.072145361,1.142388836,1.498838071
4/28/2022,0.173471764,655.1016161,34.89805389,430516800,1.2898E+11,0.333785621,108.23,69650000,22956,32.10379028,34.51485825,3.640000105,0.008027313,0.025865285,0.006181308,0.011936268,0.001598712,0,0.001347438,0.003507063,0.015922021,0.016712863,0,0.007154026,0.010694985,0.00478583,-0.00166721,0.009133613,-0.003673895,0.011981475,0.000477732,0.034705285,0.008781652,30.92319018,31.89634995,31.27900972,28.0222949,32.18827738,28.52225038,29.48117868,33.44424068,30.22765458,29.06927266,27.06308376,33.7356975,29.37548801,33.08590525,31.026774,33.60220854,35.13125768,31.72194298,32.49456635,27.96755299,34.84341994,1.288672554,1.037900745,2.199651955,1.740751178,2.322754526,3.061689792,1.576101094,1.707523886,1.097514018,2.807171338,3.341883996,1.742409152,1.644838026,1.699057546,1.196562407,1.726767098,1.651608722,1.409087872,-1.03291893,1.171878643,1.507148273
4/29/2022,0.312714483,655.3412391,35.38265317,503884500,1.29104E+11,0.390292364,107.59,69850000,22963.5,36.25785065,38.47117996,4.289999962,0.021527445,0.029990396,0.016881251,0.009080122,0.010579428,0.018085106,0.004257484,0.017138594,0.015186285,0.00177169,0.021321962,0.017700204,0.014216247,0.018714182,0.023988919,0.026706334,0.020230661,0.028122749,0.005052557,-0.028988604,0.02115147,30.94455667,31.90439184,31.30624841,28.03354404,32.18620115,28.54017389,29.49111253,33.44219283,30.25625399,29.09016194,27.08418159,33.73956722,29.38441706,33.09882126,31.04828911,33.60729731,35.14115984,31.7508956,32.49951467,27.92833633,34.8639218,1.315290275,1.062337865,2.248157203,1.756365499,2.342091819,3.117060778,1.596101355,1.726779,1.110315916,2.755682495,3.413139518,1.761466352,1.666148299,1.725016863,1.219236176,1.773036689,1.686291562,1.450032267,-1.034823148,1.154210272,1.538716115
5/4/2022,-0.108764054,655.2313504,35.03352007,475373600,1.29104E+11,0.368208759,111,69600000,22966,38.25529099,39.91384888,3.940000057,-0.011913142,-0.010837656,0.00328642,-0.003623188,-0.01074729,-0.038662487,0.009714139,0.004209846,0.020108715,0.020181911,-0.008350731,-0.007495062,-0.012618645,-0.023155801,-0.009287573,-0.001121095,-0.020566366,0.008410882,0.008420721,-0.014713447,-0.010004201,30.93366386,31.91169961,31.30130053,28.02943061,32.17751513,28.50074417,29.48717876,33.46140392,30.27314585,29.11795045,27.0757958,33.72679366,29.38048047,33.06634134,31.03629372,33.58904974,35.12008818,31.77657182,32.51050969,27.90367408,34.85171899,1.302551448,1.05180438,2.252134867,1.748227479,2.294220892,2.996547456,1.605279924,1.734552542,1.12874971,2.808833179,3.384637309,1.749686017,1.653772169,1.68220352,1.205110667,1.764997495,1.653991483,1.464581446,-1.123313418,1.157716506,1.517234997
5/5/2022,-0.157508697,655.235646,34.82141063,484885400,1.29138E+11,0.375477925,111.85,70000000,22955,35.5778389,37.20388031,3.710000038,-0.004847988,-0.003835537,-0.007153151,0.023789998,-0.012307098,-0.041304348,-0.008151237,0.001780177,-0.012248781,0.002366843,-0.008421053,-0.007289047,-0.013918177,-0.004697927,-0.019580972,-0.017351294,0.000264416,-0.002907977,-0.003241612,-0.009139597,-0.009314335,30.92094986,31.89326532,31.31204538,28.06045919,32.17482674,28.45856256,29.49338916,33.46846062,30.26831218,29.12779261,27.06733909,33.7320442,29.36617699,33.06812321,31.01923456,33.60475592,35.13119627,31.7992824,32.50636735,27.89698559,34.86607678,1.294112939,1.04919388,2.238262291,1.782451508,2.238783317,2.872777018,1.617423809,1.742753254,1.116960998,2.844350919,3.3561351,1.738019902,1.631560895,1.680121805,1.184696366,1.741127654,1.652805488,1.4611029,-1.066303313,1.140111001,1.504962901
5/6/2022,-0.496069337,654.6719714,34.1579361,478976000,1.29164E+11,0.370826462,113.91,69850000,22955,33.51583862,35.28356171,3.799999952,-0.026808262,-0.031179858,-0.022945036,-0.015779083,-0.04369054,-0.036281179,-0.024023544,-0.011804086,-0.036887537,-0.047688293,-0.006369427,-0.019402163,-0.001426254,-0.010387946,-0.016588247,-0.010302286,-0.041855942,-0.019887005,-0.016539742,-0.022640509,-0.033582397,30.8840116,31.85516154,31.25834962,28.03826827,32.13096419,28.42160685,29.47626487,33.46513155,30.20878947,29.06600372,27.06094929,33.71613763,29.37455063,33.03952067,30.9946436,33.58695083,35.09913322,31.79158758,32.47757067,27.87688131,34.84949432,1.25644419,1.019944366,2.182334629,1.759191502,2.133287233,2.76854928,1.590531709,1.725859543,1.079031672,2.750980643,3.334758444,1.708040366,1.634879918,1.663587517,1.159870499,1.737473674,1.587037622,1.438944975,-0.936394638,1.107330171,1.456252781
5/9/2022,-0.867225849,653.6584163,32.82257943,593493500,1.29164E+11,0.459486686,105.98,70050000,22950,30.09738922,33.34529877,3.75999999,-0.052418543,-0.055506793,-0.0425148,0.026381055,-0.055342464,-0.069411765,0.006477612,-0.037368934,-0.043240612,-0.05124362,-0.036324786,-0.042758813,-0.05302876,-0.04773227,-0.040245117,-0.043484857,-0.060301208,-0.054108421,-0.033908126,-0.027259605,-0.053885022,30.81519782,31.7858175,31.19624431,28.07230815,32.07060327,28.34966847,29.44787223,33.41626377,30.14449171,29.00018586,27.02394833,33.6664607,29.31078387,32.97417705,30.93469839,33.56638219,35.04651506,31.73223463,32.43211487,27.85699004,34.81545809,1.185351485,0.966465401,2.072366832,1.799726823,2.01522346,2.576379389,1.549681181,1.667821108,1.032072255,2.659775334,3.213624056,1.647849841,1.538099976,1.585174373,1.113761008,1.670929441,1.494486706,1.362003168,-0.770194441,1.0601206,1.381861431
5/10/2022,0.200098985,654.0655152,33.0125413,573787900,1.29249E+11,0.443941007,102.19,69925000,22941,32.8025589,35.76826096,3.930000067,0.011172797,-0.00028037,-0.006938009,0.018615969,0.014265355,0.008849558,0.017579711,0.012471673,0.006414198,-0.006853127,0.003325942,0.001372057,-0.000708249,-0.001713232,0.035985091,0.010861023,0.016931783,0.014773329,0.011800117,0.02173913,0.01043424,30.8196928,31.78568504,31.17343664,28.09809211,32.1098031,28.3584791,29.45942294,33.43817806,30.28723366,28.98831346,27.02726876,33.68513791,29.3227242,32.95942545,30.96690255,33.57596874,35.06855828,31.75660435,32.46419291,27.8836973,34.8366979,1.193724358,0.963001759,2.043261402,1.827306875,2.058292074,2.599179207,1.560287013,1.692988411,1.026933495,2.638010317,3.224312384,1.641218301,1.551668186,1.580911614,1.151214494,1.698585899,1.525495057,1.388469686,-0.820651001,1.074042747,1.394289019
5/11/2022,0.165087253,654.1509134,33.21778874,351899000,1.29249E+11,0.272265059,108.17,69600000,23050,36.6069603,38.69347,3.799999952,0.001153285,0.014594117,0.010727269,0.018442613,0.014925318,0.007518797,-0.000186763,0.01244624,0.004482893,0.019977525,0.003314917,0.009566413,-0.002381808,0.010327704,0.009076795,-0.002139363,0.004316941,0.013905653,-0.006603358,0,0.021622064,30.80554215,31.76398898,31.16339389,28.12507051,32.13999798,28.36596977,29.47498906,33.44804938,30.29126319,29.01652651,27.03057819,33.68332631,29.31758611,32.96437997,30.97128006,33.55418772,35.07773544,31.76824029,32.45556702,27.8836973,34.84954352,1.18880717,0.970690365,2.05541345,1.855386564,2.084633197,2.618721907,1.583339058,1.710900487,1.035768854,2.688084413,3.235000713,1.654019479,1.542957815,1.593761509,1.162668404,1.685366995,1.533220672,1.405767738,-0.882974698,1.074042747,1.422211903
5/12/2022,-0.787594394,653.1542555,32.18279791,484829100,1.29256E+11,0.375091989,108.47,69950000,23096,35.7270813,38.2986412,3.980000019,-0.05006647,-0.031632392,-0.020032279,-0.023208442,-0.050482003,-0.069651741,-0.029570413,-0.031283518,-0.033550135,-0.043379861,-0.00660793,-0.030953806,-0.056468321,-0.033400709,-0.055011984,-0.048104676,-0.061218261,-0.041568191,-0.014259283,-0.008333333,-0.048810646,30.73856839,31.69647733,31.10672182,28.09033785,32.08277915,28.29377348,29.44291841,33.41470326,30.23846159,28.9648513,27.02394833,33.64697246,29.25435961,32.90254943,30.90840455,33.4956904,35.01866616,31.7265397,32.42449444,27.87309983,34.80993797,1.127198915,0.940809156,1.987600373,1.815347228,1.962018246,2.436323367,1.544416962,1.666669302,1.003926905,2.625548083,3.213624056,1.613703933,1.452412332,1.545211653,1.101402101,1.602816648,1.444354513,1.351928543,-0.67919693,1.068473888,1.358208637
5/13/2022,-0.896359706,652.1973148,30.97522293,697218000,1.29316E+11,0.539157772,111.75,69850000,23086,33.7402916,37.09619904,3.809999943,-0.054466641,-0.048532909,-0.037572087,-0.048461961,-0.041530978,-0.069518717,-0.01658208,-0.036605267,-0.058131176,-0.068999603,0.00886918,-0.043945923,-0.06879059,-0.034753624,-0.049270934,-0.042959066,-0.055859151,-0.049572844,-0.024520156,-0.001351351,-0.053803828,30.67401575,31.66884273,31.04830423,28.04987347,32.05686848,28.22172016,29.4005356,33.36516908,30.17045514,28.8934402,27.03277841,33.60847943,29.18269402,32.84031967,30.84536934,33.45241104,34.9623868,31.67101074,32.40409807,27.87209548,34.7764469,1.067483126,0.901563744,1.900531034,1.722915931,1.874215563,2.266953293,1.489245935,1.608365601,0.943570619,2.444493545,3.242126265,1.558991243,1.352189502,1.493862253,1.049432603,1.536591882,1.367639967,1.291095645,-0.492724084,1.066474128,1.290205137
5/16/2022,-0.065776359,652.062367,30.74701066,518183500,1.29316E+11,0.400710627,114.48,69000000,23095,33.84434128,37.71141052,3.640000105,0.00155804,0.008347884,-0.005486486,0.065539033,0.001369896,-0.037356322,-0.011862979,0.00104627,-0.004764737,-0.033041671,0,-0.002389136,-0.00659267,-0.011251479,0.000575476,-0.029693384,0.001375149,-0.010183343,0.011711079,0.003054522,-0.0077315,30.64940451,31.70747367,31.00436452,28.11325963,32.04983694,28.18364822,29.40762581,33.33553845,30.19416111,28.8512349,27.03277841,33.59811031,29.18221944,32.83645377,30.8466405,33.41437728,34.96741043,31.63767554,32.41190377,27.87871858,34.75953121,1.059324604,0.910633411,1.900319173,1.834357165,1.861662127,2.182268256,1.494600368,1.605193225,0.93411045,2.385596451,3.242126265,1.554907542,1.340684065,1.473466345,1.05729863,1.475919596,1.368812658,1.266608065,-0.541522217,1.064043947,1.276600535
5/17/2022,0.878457724,653.0801612,31.80191975,511064600,1.29316E+11,0.39520559,113.22,68750000,23120,42.84651947,43.25297165,4.010000229,0.050326621,0.037615009,0.024815899,0.038616581,0.058727971,0.068656716,0.030085296,0.032646719,0.04634842,0.050717545,0.008791209,0.037075604,0.043002294,0.037092526,0.047274582,0.042365181,0.059994266,0.037495902,0.028667198,0.048173516,0.04996867,30.69634927,31.76818034,31.05599619,28.15335576,32.11606244,28.25005067,29.43582106,33.38566518,30.25239599,28.91168397,27.0415312,33.644683,29.23279658,32.89373953,30.90651674,33.47640605,35.01967911,31.681589,32.44356547,27.9219193,34.79217436,1.107767692,0.938463046,1.956697013,1.898194994,1.98024396,2.332095629,1.533530426,1.65028427,0.976119661,2.458007758,3.270628474,1.599165201,1.399521462,1.519173005,1.106334785,1.542191697,1.444476281,1.307825073,-0.674599926,1.121176146,1.3346231
5/18/2022,0.186220674,653.2933652,32.1358589,482247400,1.29316E+11,0.372921287,109.69,68750000,23139,41.28266144,42.38935089,4.070000172,0.017998227,-0.001915992,0.01306066,-0.044589532,0.013866468,0.027932961,0.013042732,0.006850836,0.012520096,0.003740518,0.002178649,0.005420096,0.005892604,0.012855698,0.011503764,0.013674579,0.015954317,0.013769974,-0.005711322,0.039657466,0.008517874,30.72253985,31.76034543,31.09573322,28.10696155,32.10333378,28.27760062,29.44159521,33.41553856,30.26726873,28.91444193,27.04370748,33.64209729,29.25401594,32.91117473,30.9251454,33.50891231,35.027612,31.68619549,32.42617363,27.96297566,34.79999642,1.12931743,0.93660738,1.979850668,1.820033889,2.005240042,2.397237965,1.545814969,1.666994,0.988197836,2.458707027,3.277754026,1.602963838,1.419636529,1.543442965,1.118101927,1.569139754,1.456626971,1.326487117,-0.616745383,1.161879843,1.348570107
5/19/2022,-0.092898514,653.3011085,32.11090153,433695700,1.29316E+11,0.335376321,111.81,68750000,23140,38.55329132,39.84487915,4.070000172,-0.008203553,-0.009837612,0.010788678,-0.004928034,-0.015055499,0,-0.011654871,-0.001540186,-0.004619403,-0.007741816,0,-0.002328803,-0.010502556,0.000346834,-0.007027457,0.001092904,0.001812432,-0.002673399,-0.003926786,-0.014423077,-0.00247631,30.72391476,31.74127701,31.12471104,28.09894379,32.09452549,28.27760062,29.43216495,33.42149668,30.30486855,28.90154202,27.04370748,33.64006313,29.25091537,32.91225532,30.92151566,33.52944742,35.02476591,31.68941287,32.41614593,27.95129757,34.80053694,1.128798218,0.926464413,1.995103056,1.821015069,1.986588798,2.397237965,1.533904442,1.66078153,0.979287004,2.435649045,3.277754026,1.599762935,1.412493551,1.54255847,1.112494938,1.575730266,1.453171594,1.325630799,-0.541975439,1.140490028,1.347960819
5/20/2022,0.115522381,653.4246275,32.33663399,433556900,1.29316E+11,0.335268987,113.05,69000000,23160,38.00878906,39.5743103,3.769999981,0.015129685,-0.004332184,0.009323913,0.023611275,0.012064261,0.058423913,-0.009636994,-0.002694692,0.002253471,0.01481684,0.002173913,0.000980525,0.006391533,0.005286924,0.006541839,-0.008273303,0.004324584,-0.01015465,-0.003091377,-0.019238194,0.011621098,30.73780208,31.74063589,31.14425554,28.13148241,32.10328107,28.33438155,29.42890839,33.41168671,30.30950874,28.92520162,27.04587904,33.63327799,29.25940931,32.93393351,30.92144715,33.51323172,35.02400363,31.67065992,32.41616835,27.93618826,34.80328459,1.144259921,0.922228586,1.990204518,1.859028169,2.021274118,2.537293987,1.531392964,1.653250743,0.986329612,2.476818551,3.284879578,1.599957199,1.425167558,1.552376249,1.117516469,1.555642567,1.463294794,1.304024075,-0.56252288,1.112101053,1.362116155
5/23/2022,-0.211554479,653.2086263,32.07895066,460989700,1.29316E+11,0.356482735,113.69,69400000,23170,34.23477936,35.96744919,3.730000019,-0.013863683,-0.005036607,-0.0064381,-0.012083168,-0.014065797,-0.033376123,-0.013273753,-0.003753189,-0.007378353,-0.014730129,-0.004338395,-0.008868359,0.001379495,-0.003884218,-0.003386746,-0.000346499,-0.029426186,-0.009492583,-0.008566305,-0.00453998,-0.016085802,30.7282949,31.73458441,31.11873585,28.13360349,32.09186632,28.30043573,29.41455132,33.40443425,30.32429388,28.90685068,27.0415312,33.61607896,29.26566042,32.93385562,30.91957254,33.49127089,34.99800139,31.66091263,32.40483229,27.93070077,34.78855874,1.131999998,0.918052572,1.994246962,1.82677828,1.991213449,2.452608951,1.498431082,1.645526719,0.975375291,2.454147866,3.270628474,1.587386044,1.433237572,1.544919764,1.113160972,1.555030065,1.42232246,1.291520932,-0.472553822,1.108316743,1.336600289
5/24/2022,0.023292314,653.3464915,32.21907224,449181500,1.29316E+11,0.347351324,113.8,69450000,23210,34.68069839,36.67026901,3.920000076,-0.014491386,-0.008541294,0.003716932,0.009261916,0.003523245,0.009296149,-0.006649984,-0.002353635,0.001387329,-0.014457486,-0.003267974,-0.00549484,0.003889896,-0.002913739,0.004667311,0.011182042,0.016562223,0.005476168,-0.001744117,0.011303191,0.002940366,30.73578163,31.72734261,31.13824023,28.14834029,32.10506359,28.30968894,29.40576748,33.41647078,30.31979766,28.89508724,27.03825788,33.60007437,29.27705816,32.94786509,30.92917469,33.52835031,35.0167491,31.67313946,32.39784752,27.93872363,34.79767085,1.123440694,0.908869387,2.004601932,1.843558826,1.99766357,2.475408768,1.479133756,1.647210556,0.976460094,2.399807341,3.259940145,1.581906197,1.443742304,1.541291587,1.123191357,1.592315266,1.442138334,1.301172003,-0.390423495,1.125314703,1.342328917
5/25/2022,0.53799188,654.0005633,33.11732488,581317500,1.29316E+11,0.449532468,114.32,69450000,23190,38.97253036,39.97494125,3.829999924,0.030519586,0.027081847,0.01719096,0.005373731,0.044574509,0.05,0.009228527,0.021346313,0.021441052,0.039038365,0.027322404,0.018927492,0.008512784,0.026717959,0.037622698,0.035779203,0.037784277,0.031619789,0.009773953,0.009763085,0.028373345,30.77915026,31.761024,31.18001001,28.15482321,32.17000671,28.3584791,29.42131205,33.44099176,30.37207296,28.92717361,27.06521369,33.61220801,29.28471024,32.99236826,30.97450414,33.55978023,35.04942286,31.72098119,32.40792604,27.95004654,34.8183584,1.156440001,0.93584012,2.041994994,1.854521633,2.109079538,2.599179207,1.509238522,1.677758897,0.996580874,2.521513379,3.349009548,1.607766028,1.455918821,1.578855694,1.168400288,1.65281749,1.494506311,1.338483913,-0.445734567,1.133883202,1.381270985
5/26/2022,0.1029049,654.1353807,33.11058457,475099700,1.29382E+11,0.367208256,117.11,68500000,23205,42.58546829,42.91085052,3.930000067,0.003042072,0.013553712,0.000416247,0.023858396,0.005085217,-0.01754386,0.009231104,0.008493263,0.002874005,-0.012930702,-0.004255319,0.010435701,0.008930533,0.003181164,-0.005651928,0.019036323,0.00898122,0.005748448,-0.003874135,0.020526106,0.003767333,30.78599659,31.78754099,31.18566204,28.16434341,32.17445855,28.34077952,29.44116688,33.43550646,30.37145313,28.92675972,27.06094929,33.61996725,29.2833045,32.98513794,31.04875486,33.55390949,35.04763126,31.72053614,32.40515683,27.97531603,34.82104978,1.158587323,0.950870285,2.058411307,1.891377768,2.110489956,2.553579571,1.527725215,1.683541992,1.001561385,2.436883244,3.334758444,1.615855389,1.456466797,1.581266516,1.160313809,1.662881748,1.506026226,1.341303419,-0.458214025,1.14980511,1.387093091
5/27/2022,0.227684477,654.3996228,33.40228134,538879300,1.29428E+11,0.416354844,118.22,68900000,23195,50.28068924,46.6881485,3.819999933,0.017635715,0.012075775,0.015146441,0.001049735,0.030076144,0,0.017058458,0.001443655,0.009592606,0.023678136,0.017094017,0.004760558,0.001676984,0.005777069,0.012005364,0.017895644,0.010570286,0.005797416,0.017311357,0,0.007039116,30.81419016,31.79108973,31.20046961,28.16662531,32.22574909,28.34077952,29.44204844,33.45143387,30.38158205,28.93256576,27.07789885,33.63187423,29.28533441,32.98646931,31.0693474,33.57177498,35.05981317,31.7327108,32.42897784,27.97531603,34.83357219,1.18328075,0.964491195,2.089447333,1.893039979,2.171806123,2.553579571,1.53824673,1.691156582,1.009978879,2.517076666,3.391762862,1.619185333,1.461924902,1.591157275,1.169453286,1.692037836,1.524924498,1.351609286,-0.559225103,1.14980511,1.397542251
5/30/2022,0.197023925,654.5222829,33.54234472,458532700,1.29428E+11,0.354276572,120.31,68800000,23176,50.70750046,47.11779022,3.519999981,0.01634886,0.014333834,0.003468969,0.01741514,0.002245786,-0.007653061,0.011303697,0.01465272,0.016532854,0.004661674,0.004201681,0.009885173,0.003311499,0.00800356,0.013440854,0.006298478,0.009494345,0.008211527,0.014068823,0.015503876,0.011293637,30.81786602,31.80837203,31.20725268,28.19139845,32.221695,28.33309703,29.44559152,33.45732275,30.38748552,28.93897827,27.08209173,33.63281025,29.26974239,32.98539816,31.07060962,33.57280155,35.06829634,31.74030982,32.46316376,27.98613304,34.84186702,1.199743372,0.973793001,2.079845385,1.927095841,2.168401564,2.534036871,1.54514639,1.715206152,1.0248468,2.524514411,3.406013966,1.630128246,1.45324765,1.600097455,1.180885407,1.706181206,1.540023062,1.359953996,-0.609695244,1.17380223,1.409076957
5/31/2022,-0.084398558,654.4797286,33.46235995,506518600,1.29984E+11,0.389676386,118.72,68700000,23185,48.70098114,45.00537109,3.799999952,-0.000235948,-0.008583868,-0.004955011,0.012193362,-0.007005955,-0.023136247,0.019416845,0.008346673,-0.012661624,-0.002641869,-0.016736402,-0.00123177,-0.011884788,0.01067602,-0.019669649,0.006513596,-0.010681984,-0.000783852,-0.006212645,-0.009913673,-0.005209769,30.81467243,31.81842324,31.18512281,28.2025488,32.20990135,28.30968894,29.4583938,33.50274117,30.40180297,28.93308155,27.06521369,33.62086148,29.26070994,32.99661201,31.04672127,33.57974813,35.07156682,31.73639621,32.447374,27.97476035,34.84338764,1.199836156,0.964817741,2.068653929,1.954000786,2.151772784,2.475408768,1.558331834,1.733059123,1.010505658,2.516048722,3.349009548,1.62763525,1.438836276,1.623383971,1.153751625,1.724012007,1.524582597,1.355802833,-0.531647509,1.164233851,1.400324
6/1/2022,-0.094518944,654.5385614,33.28873382,470277200,1.29986E+11,0.361791053,118.24,68700000,23196,54.92177963,46.99248123,3.799999952,-0.009209586,-0.014390983,0.011505714,-0.012271087,-0.006462962,-0.014473684,-0.005787269,0.005736028,-0.000801233,-0.029002766,-0.00106383,-0.005817664,0.004587331,1.3517E-05,0.002276011,0.02220124,-0.005877693,0.009918208,0.007596128,-0.049004754,-0.004189611,30.8134569,31.82642377,31.20587043,28.1936445,32.22136744,28.29510949,29.452339,33.52974924,30.42340652,28.9103392,27.06414929,33.6173775,29.26262521,33.00407069,31.06022832,33.59689839,35.07172829,31.76815299,32.44912829,27.92565934,34.84683657,1.190879151,0.954194129,2.089483562,1.924441657,2.136920901,2.439580483,1.548819562,1.741814971,1.008887352,2.39367565,3.345446772,1.620627179,1.442323906,1.621125903,1.159504387,1.774969471,1.515440804,1.376657078,-0.498248271,1.105532314,1.39665686
6/2/2022,-0.084139944,654.445753,33.32609607,490529000,1.29986E+11,0.377370242,120.5,69000000,23193,62.6689415,48.56425095,4.150000095,-0.011555439,-0.003088042,0.01003034,-0.020350877,0.009203974,-0.012016021,-0.004256613,-0.005636049,-0.011797112,-0.001453788,-0.001064963,-0.002080806,0.002852404,0.001040123,-0.022346515,0.005542873,-0.008848943,-0.009666927,-0.008437827,0.022449321,-0.012659056,30.81828314,31.80569515,31.2289352,28.18432027,32.22220974,28.28302069,29.44078216,33.51857377,30.40201758,28.91143769,27.06308376,33.60729524,29.29064044,33.01687939,31.03257492,33.59154038,35.06011819,31.7546677,32.42668365,27.9481858,34.83880815,1.187345008,0.951094742,2.111497013,1.891671073,2.168572364,2.410266432,1.527957555,1.738203927,0.995972724,2.400044681,3.341883996,1.623360289,1.464389816,1.631827345,1.130569421,1.782261295,1.501165903,1.365393982,-0.409029534,1.129883682,1.381764354
6/3/2022,-0.059707597,654.4114659,33.24590307,405136700,1.30096E+11,0.311414259,123.68,69250000,23187,62.64505005,47.2182312,3.950000048,-0.008484405,-0.021205835,-0.009616734,-0.025070318,0.012265946,0.068918919,0.001893796,0.003822422,0.009104934,-0.038649781,-0.008528785,-0.002517908,-0.012429702,0.006552663,-0.01378688,0.000102779,-0.004760597,-0.005068831,-0.002986066,0,-0.009263214,30.81253805,31.80293881,31.21844205,28.14415465,32.2433057,28.34966847,29.43382506,33.54556504,30.41019141,28.87707432,27.0545184,33.618525,29.26845263,33.01720589,31.01414656,33.5849945,35.05291097,31.75851189,32.42006554,27.9481858,34.83624521,1.174891626,0.932348955,2.100748863,1.841166135,2.195271741,2.576379389,1.512180521,1.746613892,1.009239814,2.288763408,3.313381787,1.621655399,1.440126865,1.649982149,1.109744521,1.793925555,1.497813531,1.36169466,-0.424763335,1.129883682,1.374853909
6/6/2022,-0.053276725,654.5002235,33.24742731,512453400,1.30096E+11,0.393904816,122,69150000,23180,54.32292938,43.16223907,4.25,-0.017886212,-0.002080533,-0.016196438,0.047390377,-0.001437627,0.02022756,0.020529381,0.008099589,-0.013065597,-0.041386946,0,-0.007301429,0.000458959,0.003165597,-0.017971122,-0.008345072,-0.008545677,0.001680031,0.003392864,-0.002604167,-0.021400265,30.80750013,31.82767171,31.2150196,28.19918037,32.23793113,28.36969417,29.45217648,33.57491773,30.39284742,28.83683115,27.0545184,33.61941585,29.27472994,33.03376495,30.99378376,33.59787532,35.05315002,31.76655584,32.42014808,27.94632159,34.82618989,1.159785955,0.937600468,2.084633627,1.932763681,2.215650195,2.628493258,1.534484223,1.759701098,0.996061214,2.163301115,3.313381787,1.615676337,1.445493732,1.660220249,1.086893127,1.77759038,1.488626088,1.365313811,-0.392282468,1.125884162,1.348155273
6/7/2022,0.047963424,654.694029,33.51245875,581402800,1.30096E+11,0.446903783,122.87,69000000,23185,52.07509995,41.39978027,4.130000114,-0.00701551,-0.008781867,0.006997982,-0.002015792,0.008290408,0.065675341,0.021280138,0.016414766,-0.010664089,-0.023800054,-0.006451613,-0.005318269,-0.003215628,0.00033234,0.012446517,0.019388722,-0.005401097,0.004139991,-0.004971408,-0.010310109,-0.019057345,30.80571976,31.86127881,31.22962223,28.19627917,32.25894959,28.43330289,29.47902511,33.58668214,30.41292024,28.80957351,27.04804589,33.62196677,29.28254351,33.04065595,31.01633457,33.60673464,35.0507485,31.78728468,32.41169679,27.93448425,34.82017995,1.157797144,0.938529461,2.12059559,1.928610586,2.25171844,2.801120448,1.547220265,1.782908642,0.988449079,2.127854046,3.29200513,1.610264756,1.447892354,1.661384042,1.101719088,1.807443586,1.482853197,1.376483463,-0.358238704,1.116315783,1.329532349
6/8/2022,0.317980637,654.9963942,33.9213689,507352300,1.30102E+11,0.389964798,125.74,69300000,23187,56.27642059,44.85931015,4.230000019,0.016585948,0.020584799,0.016475886,0.026928499,0.012636155,0.008139535,2.27455E-05,0.011380955,0.021960207,0.052543908,-0.008658009,0.022559012,-0.012159629,0.015534024,0.03514466,0.004638542,0.029548245,0.006244921,0.005808593,0,0.03206164,30.83275175,31.86676833,31.27946101,28.23031411,32.25614778,28.44140948,29.49337473,33.58894189,30.43917997,28.85848711,27.03935018,33.62757101,29.26335033,33.07759381,31.05331349,33.61213812,35.06789648,31.7821168,32.42040007,27.93448425,34.83134353,1.179817654,0.952962762,2.157988896,1.985752201,2.267906198,2.823920266,1.58300851,1.800857811,1.006241148,2.259563094,3.263502921,1.637294926,1.41909409,1.68264895,1.14129387,1.797587081,1.517464159,1.380219972,-0.418952985,1.116315783,1.366881598
6/9/2022,0.06312453,655.0839315,33.96934492,405092400,1.30102E+11,0.311365053,124.75,69250000,23155,56.43367004,44.80519104,3.779999971,0.018079402,0.002671081,0.010263606,-0.030906926,-0.003436689,0.011534025,0.00387216,0.003930703,-0.005513193,0.018002279,0.021834061,0.004571506,0.006923689,7.21928E-05,-0.010689,-0.003613642,-0.000211233,0.003565276,0.007018374,-0.001315789,0.006472646,30.83842516,31.86826649,31.31401069,28.19433372,32.2575789,28.4528775,29.49897843,33.58742129,30.43771339,28.88471487,27.06094929,33.63548599,29.27233599,33.08310694,31.04295066,33.60648668,35.06310113,31.7857375,32.43253199,27.93353972,34.83338517,1.191548221,0.955054268,2.189183217,1.915327498,2.257921352,2.856491434,1.583840905,1.804727825,1.004445251,2.301201577,3.334758444,1.638944812,1.432622002,1.67736385,1.12664096,1.798707114,1.515635103,1.381837642,-0.485866749,1.114316023,1.374644169
6/10/2022,-0.356916126,654.6703616,33.38595124,531911400,1.30353E+11,0.408053963,123.58,69150000,23177,55.01773834,44.51659012,4.159999847,-0.023703832,-0.024379824,-0.004392532,-0.013194444,-0.035710347,-0.060433295,-0.010767348,-0.018376935,-0.013040967,-0.009871333,0.002136752,-0.010883423,0.016363036,-0.01889554,-0.026546184,-0.026216983,-0.023108757,-0.030922185,-0.007525543,0.003220853,-0.020667293,30.80380312,31.8286065,31.30460949,28.1760063,32.2126362,28.39054103,29.48024451,33.52921626,30.39456091,28.87430433,27.06308376,33.62888913,29.26464516,33.14952788,31.00532504,33.58976515,35.05047734,31.73716376,32.42274983,27.9391557,34.82505019,1.155855849,0.933126104,2.181572725,1.887918049,2.169622678,2.683864243,1.564759358,1.764549535,0.994691331,2.295476612,3.341883996,1.624294006,1.436633661,1.645896136,1.096294089,1.741667156,1.481914606,1.336727684,-0.417231955,1.114493147,1.351942229
6/13/2022,-0.794228895,653.7820577,32.24319012,653379500,1.30353E+11,0.501237789,123.73,68900000,23195,47.05266953,41.99351883,4.090000153,-0.04575924,-0.049997584,-0.023538371,0.039310314,-0.051734991,-0.058252427,-0.034517919,-0.015922972,-0.056384105,-0.063508935,-0.015991471,-0.041191703,-0.045643653,-0.0346031,-0.055157526,-0.047589603,-0.058491783,-0.040380646,-0.019570381,-0.024005817,-0.051296981,30.74173839,31.76151373,31.28096324,28.22354777,32.16009041,28.33052302,29.45298862,33.51813156,30.32687441,28.81040588,27.04696305,33.58115672,29.21551025,33.09117037,30.93939622,33.53019196,34.99937173,31.68016405,32.39179918,27.91164345,34.78791372,1.101229285,0.88694205,2.119382968,1.96947616,2.048947193,2.527522637,1.504498021,1.737688238,0.939475174,2.143816015,3.288442354,1.565836251,1.365533094,1.594740421,1.035852835,1.65581751,1.398765606,1.286928102,-0.30799636,1.091964415,1.288328148
6/14/2022,-0.110258325,653.8980094,32.30513118,488869200,1.30436E+11,0.374794998,122.31,67950000,23210,41.6623497,38.67243958,3.960000038,-0.021504708,-0.022293408,-0.001956878,0.013101873,0.000738328,0.036082474,-0.035283491,0.00518811,-0.001387781,-0.003365589,-0.013001083,-0.010840948,-0.011188524,-0.002253322,-0.012091374,0.000282025,-0.018104084,-0.004235559,-0.001368304,0.008064516,-0.014840599,30.72035607,31.77880777,31.31361509,28.24382983,32.19039831,28.36596977,29.43561758,33.56238042,30.34610729,28.7932492,27.03387671,33.56515111,29.20576521,33.11467139,30.92719129,33.52057538,34.99740494,31.68598408,32.39097924,27.91742209,34.78865667,1.074991938,0.870831492,2.128869933,1.996722309,2.088852237,2.618721907,1.461601947,1.755449456,0.93635034,2.19179361,3.245689041,1.555851492,1.345763417,1.601017842,1.028167108,1.665280559,1.38238825,1.284818847,-0.308378514,1.103962975,1.276385
6/15/2022,-0.379989717,653.5630579,32.18125803,595132000,1.30447E+11,0.456224741,120.17,67900000,23230,37.56901932,36.05699921,4.260000229,-0.03707108,-0.036441126,-0.005822396,-0.014884468,-0.013116102,0.017412935,0.013193752,-0.019068356,-0.04392727,-0.031919022,0.017563117,-0.026784251,-0.00774718,-0.014579157,-0.037715544,-0.007859922,-0.030028687,-0.0214719,-0.018199452,-0.029322751,-0.03220086,30.69630279,31.72918489,31.34501793,28.22799942,32.20144884,28.38323284,29.419733,33.54251488,30.28863245,28.73670889,27.05128738,33.550293,29.21322344,33.08894418,30.89725166,33.51150316,34.98317776,31.66745524,32.36984886,27.88010221,34.77919506,1.044964188,0.838814909,2.140010934,1.962673749,2.07533741,2.664321543,1.435556751,1.724629722,0.896245438,2.208126374,3.302693459,1.528992089,1.346043033,1.583208862,0.997255965,1.666911408,1.350298448,1.262241295,-0.173374301,1.082472208,1.243834548
6/16/2022,0.141750362,653.8548905,32.45832558,488906200,1.31124E+11,0.37285782,120.17,68150000,23232,37.66975021,35.82250977,3.859999895,0.007252056,0.006926818,0.006821784,-0.017176138,0.016190332,0.017114914,0.013436258,0.019758417,0.000160302,0.018327364,0.003236246,0.005374841,-0.017247992,0.003566909,0.00135305,0.023081519,-0.000989571,0.023080558,0.004217499,0.012711864,-0.005446668,30.71158854,31.75241524,31.34658764,28.20464638,32.21782457,28.40020294,29.44086947,33.57640282,30.29014172,28.7555448,27.0545184,33.57575194,29.18546378,33.11566727,30.90034502,33.55389953,35.006796,31.70591363,32.37665517,27.89584683,34.78780883,1.056034606,0.84849349,2.164915837,1.925464067,2.100853798,2.709921178,1.473503691,1.760434048,0.896196795,2.225653746,3.313381787,1.538809527,1.312665367,1.591178171,0.997037047,1.71749474,1.35469326,1.304019211,-0.170713621,1.090825497,1.247463337
6/17/2022,-0.3911305,653.7303846,32.27744083,641884400,1.31166E+11,0.489367899,114.56,68350000,23220,33.67227936,32.79550171,4.21999979,-0.033537994,-0.038978758,-0.005456827,0.025641085,-0.013349167,0.021634615,-0.025954123,-0.000302337,-0.040863216,-0.038663844,-0.012903226,-0.025268275,-0.030538515,-0.017268568,-0.029476628,-0.011418187,-0.04224742,-0.012297705,-0.01593058,-0.006121621,-0.037829209,30.68934525,31.74455006,31.44597072,28.23521524,32.21876129,28.42160685,29.43113943,33.61057675,30.24013021,28.70855573,27.0415312,33.55907013,29.17016609,33.09550334,30.8474797,33.56817601,34.96832383,31.70858054,32.36009108,27.88914541,34.7764657,1.031363485,0.820398835,2.182657717,1.980112365,2.110283271,2.76854928,1.442209721,1.771935885,0.862971737,2.172609841,3.270628474,1.513273017,1.279988674,1.574384321,0.9671233,1.722484855,1.305130208,1.292984947,-0.088028301,1.085041427,1.211337768
6/20/2022,-0.550553929,653.1102005,31.85758261,577499300,1.31166E+11,0.440281177,115.26,68300000,23230,31.51882935,31.51581001,3.859999895,-0.044975923,-0.04435935,-0.02951541,-0.013990071,-0.029874834,-0.014117647,-0.043757676,-0.024972629,-0.045393464,-0.031019648,-0.001089325,-0.031810563,-0.044986589,-0.024140136,-0.025362805,-0.00670057,-0.040613851,-0.022965401,-0.008496077,0.019351975,-0.041763937,30.63990705,31.68142676,31.40994262,28.21526947,32.21525218,28.4073886,29.38919573,33.55261593,30.17349576,28.65543754,27.04044129,33.51754424,29.12890678,33.05483635,30.83337026,33.55499468,34.93966282,31.67933828,32.35014934,27.92022178,34.75080307,0.988375117,0.787373132,2.134327352,1.949712395,2.073396936,2.729463879,1.37263243,1.730445392,0.827544136,2.200475332,3.267065698,1.479099294,1.224960695,1.54715069,0.950415739,1.726267388,1.256563593,1.271868812,0.087859318,1.086319383,1.166265904
6/21/2022,-0.470481113,652.6754728,31.05541101,570916900,1.31166E+11,0.435262804,115.44,68350000,23226,30.16353035,30.88557053,4.639999866,-0.042132659,-0.032313434,-0.004873644,-0.045034489,-0.024473882,-0.034606205,-0.027404276,-0.027408092,-0.027622072,-0.04778139,0.003271538,-0.016461294,-0.03305475,-0.020020157,-0.001524179,-0.013370003,-0.00209957,-0.020979462,-0.001085513,-0.03125,-0.020257578,30.60131462,31.67056992,31.38681561,28.15910987,32.18358314,28.37216942,29.35900609,33.51135773,30.12071551,28.61505817,27.04370748,33.50825483,29.13369806,33.02105052,30.84851057,33.57205277,34.94834131,31.64218852,32.36016269,27.87871858,34.73908738,0.950789034,0.765462786,2.094093813,1.85801179,2.003881653,2.635007491,1.337773423,1.690187613,0.810915873,2.068005963,3.277754026,1.465999483,1.206995319,1.512575191,0.959572639,1.701648982,1.253998185,1.238552687,0.019316623,1.064043947,1.140824485
6/22/2022,0.183858173,652.545121,31.09871435,487383200,1.31184E+11,0.37152755,110.7,68250000,23235,31.98833084,33.04253006,4.449999809,0.012339599,0.017085986,-0.007261069,-0.020179673,0.003569852,0.060568603,0.004010258,-0.019693901,0.003579723,0.042340074,-0.002173913,0.013887433,-0.000524094,-0.008597043,0.008991256,-0.011996919,0.034738187,-0.014252107,0.007283348,0.035245434,0.024897138,30.58342168,31.68285976,31.36976346,28.1244622,32.13688356,28.4309746,29.34270765,33.45232307,30.08193167,28.64582844,27.0415312,33.52133221,29.12619098,33.00214161,30.8583669,33.53175968,34.96753903,31.61342952,32.37496899,27.91612792,34.74057682,0.942434729,0.774033442,2.062728902,1.819963701,1.961477291,2.794606215,1.333710181,1.655855679,0.813869557,2.175331253,3.270628474,1.472479859,1.195882479,1.488679537,0.970911355,1.648866584,1.282149881,1.210090048,-0.032122723,1.097356149,1.159781755
6/23/2022,0.408647117,653.1979917,31.64991979,345325700,1.32117E+11,0.261379686,109.83,68250000,23244,35.11180878,35.89511871,4.260000229,0.019939168,0.03237841,0.024653558,-0.019459546,0.018524463,0.001165501,0.020645445,0.020101907,0.029047199,0.054143661,0,0.015968353,0.024935634,0.017577174,0.018430966,0.025005199,0.023015509,0.030534216,0.005351081,0.021283849,0.025405371,30.62048633,31.71387687,31.42313418,28.08949895,32.30655032,28.43213943,29.3555524,33.49366656,30.13535968,28.6933585,27.0415312,33.52999197,29.14141032,33.04006004,30.87910147,33.55539403,34.98545612,31.66718413,32.36968839,27.94009495,34.78445585,0.965083557,0.796756725,2.115931465,1.783548232,2.000336404,2.797863331,1.35349853,1.682391288,0.835080536,2.296032175,3.270628474,1.487177744,1.220420285,1.517279646,0.985235079,1.687076554,1.310958647,1.256666054,-0.012701804,1.116492907,1.184163962
6/24/2022,0.028687038,653.1453351,31.63464377,364234700,1.32455E+11,0.274987767,112.19,68200000,23247,36.09191132,37.24747086,4.380000114,0.006013314,0.002230962,0.005785085,-0.030122998,0.016305294,-0.033760186,0.019649983,-0.002366109,0.00539126,0.027343917,0.002178649,0.007584574,0.002423826,0.010558118,0.00112207,-0.017802141,0.004831358,-0.002052625,-0.000161501,-0.001322751,0.00485694,30.62950177,31.71561823,31.42982632,28.04797495,32.30921347,28.3977962,29.36964774,33.47509173,30.12751001,28.71671779,27.04370748,33.53768826,29.1286906,33.05062297,30.87788259,33.55531985,34.98589322,31.65547127,32.36923973,27.9391557,34.78276523,0.969337756,0.793862934,2.116868516,1.728895066,2.017975244,2.703406944,1.374901281,1.680204537,0.831546335,2.388651497,3.277754026,1.49563495,1.215302969,1.531446941,0.979207534,1.65821825,1.317396983,1.25483989,-0.0019471,1.114493147,1.186646074
6/27/2022,0.312798322,653.5228026,31.91218758,398095000,1.3272E+11,0.299951311,114.71,68300000,23245,38.04869843,40.00722122,4.409999847,0.02874765,0.020679577,0.006284039,-0.006740726,0.019492738,0.021686747,0.004025626,0.00798889,0.019495616,0.038015928,0,0.012169211,0.012979796,-0.009529935,0.025642775,0.004374253,0.031279308,0.018028605,0.037506841,0.00132626,0.019345123,30.66099188,31.7332639,31.434513,28.06197228,32.32159137,28.41925114,29.38312222,33.48194707,30.14604655,28.75964462,27.04370748,33.56563215,29.14594098,33.04785713,30.92519288,33.57038419,35.00136561,31.67127584,32.41406609,27.94009495,34.79494126,0.996023066,0.807377915,2.134152061,1.714572108,2.045993495,2.762035047,1.405095499,1.690935026,0.844331835,2.435555512,3.277754026,1.510072764,1.234054714,1.515329115,1.012253559,1.664956189,1.35464952,1.269114279,-0.085752429,1.116492907,1.207191371
6/28/2022,0.189177162,653.7779233,32.07698239,493968100,1.34282E+11,0.367860003,117.39,68250000,23255,36.47312164,38.9790802,4.25,0.007611648,0.028299413,0.00858105,0.033921482,0.006823813,-0.015330189,-0.003032317,0.002920938,0.012229362,0.019736867,-0.001086957,0.012609684,0.004120414,0.007664437,0.015905114,-0.000724274,0.021723119,0.006199192,-0.001042687,0.002645503,0.019401548,30.6670606,31.74382768,31.44873355,28.08520336,32.35406523,28.40380223,29.38430738,33.49060263,30.15988497,28.78802456,27.04261994,33.64084285,29.15176864,33.04671558,30.93288336,33.57194419,35.03251715,31.67199143,32.41700943,27.94197079,34.80214772,0.999445182,0.82484266,2.158144073,1.768437198,2.076139122,2.719692528,1.39457262,1.6909575,0.850569324,2.473258691,3.27419125,1.521819821,1.241162547,1.528832651,1.024701406,1.651654342,1.387197197,1.272092111,-0.125069372,1.120492427,1.223849112
6/29/2022,0.005520908,653.7579846,32.22750987,484917400,1.34303E+11,0.361062235,115.52,68400000,23265,36.05184174,38.47402954,4.099999905,-0.00244218,-0.007643798,-0.008987376,-0.017169923,-0.005836471,-0.005988024,-0.004060812,-0.003318409,-0.004046792,0.00527941,0.038084875,-0.004081682,-0.008514718,0.006468739,-0.000867788,0.016547384,0.000859305,0.014014201,-0.01220719,0.013157895,-0.003725738,30.65311876,31.72654798,31.43637844,28.05885755,32.35476234,28.3977962,29.38522247,33.49573335,30.14571916,28.79896053,27.07999749,33.63815058,29.14895166,33.03967018,30.92630156,33.58444451,35.03367496,31.69817093,32.40458725,27.95129757,34.79964115,0.991885115,0.818149751,2.138073285,1.739528838,2.055552844,2.703406944,1.395505644,1.681596898,0.847491141,2.494176892,3.398888414,1.515687591,1.234657469,1.537801675,1.021753756,1.679391118,1.386862315,1.293887148,-0.067175637,1.140490028,1.219898636
6/30/2022,-0.329712949,653.3786125,31.75872746,442673000,1.34315E+11,0.32957921,112.29,68550000,23255,36.39868164,38.60028839,4.099999905,-0.010030585,-0.019680757,-0.010095792,-0.030652201,-0.023689735,-0.012048193,-0.013109621,0.00172224,-0.028254049,-0.029374305,-0.007337526,-0.012852656,-0.007468799,-0.007014639,-0.019789757,-0.021959267,-0.029739711,-0.011861131,-0.010256458,-0.000641026,-0.025578982,30.64175079,31.70654926,31.43083726,28.01697382,32.31574777,28.38567484,29.37578678,33.48831785,30.10432434,28.77136025,27.07263291,33.6248495,29.14504917,33.02739338,30.89607506,33.57473029,35.00903169,31.6685023,32.38328535,27.9508333,34.78890659,0.984343728,0.800115654,2.128432381,1.685872512,2.010270378,2.670835776,1.365623549,1.686577553,0.826795375,2.353570805,3.373948981,1.502686398,1.227849357,1.529431282,1.001939574,1.637313506,1.353442205,1.275512694,0.008344818,1.139490148,1.196330789
